timestamp,demand_kwh,pv_generation_kwh,electricity_price_eur_mwh,electricity_price_eur_kwh,net_load_before_battery_kwh,hour,day_of_week,is_weekend,month,day_of_year
2025-01-01 00:00:00,31.076,0.0,77.39,0.07739,31.076,0,2,0,1,1
2025-01-01 01:00:00,26.773,0.0,115.38,0.11538,26.773,1,2,0,1,1
2025-01-01 02:00:00,32.503,0.0,103.08,0.10308,32.503,2,2,0,1,1
2025-01-01 03:00:00,33.111,0.0,95.06,0.09506,33.111,3,2,0,1,1
2025-01-01 04:00:00,23.858,0.0,111.25,0.11125,23.858,4,2,0,1,1
2025-01-01 05:00:00,25.934,0.0,107.52,0.10752,25.934,5,2,0,1,1
2025-01-01 06:00:00,45.031,0.0,102.45,0.10245,45.031,6,2,0,1,1
2025-01-01 07:00:00,43.61,0.995,118.47,0.11847,42.615,7,2,0,1,1
2025-01-01 08:00:00,66.351,1.766,128.27,0.12827,64.585,8,2,0,1,1
2025-01-01 09:00:00,63.675,2.45,124.66,0.12466,61.225,9,2,0,1,1
2025-01-01 10:00:00,69.218,3.237,120.74,0.12074,65.981,10,2,0,1,1
2025-01-01 11:00:00,68.893,4.004,115.75,0.11575,64.889,11,2,0,1,1
2025-01-01 12:00:00,66.616,3.976,85.66,0.08566,62.64,12,2,0,1,1
2025-01-01 13:00:00,70.012,2.494,247.13,0.24713,67.518,13,2,0,1,1
2025-01-01 14:00:00,67.9,3.386,95.0,0.095,64.514,14,2,0,1,1
2025-01-01 15:00:00,63.655,3.273,214.95,0.21495,60.382,15,2,0,1,1
2025-01-01 16:00:00,67.584,2.449,93.2,0.0932,65.135,16,2,0,1,1
2025-01-01 17:00:00,63.336,1.903,105.63,0.10563,61.433,17,2,0,1,1
2025-01-01 18:00:00,69.215,0.939,124.6,0.1246,68.276,18,2,0,1,1
2025-01-01 19:00:00,39.622,0.0,149.59,0.14959,39.622,19,2,0,1,1
2025-01-01 20:00:00,39.19,0.0,161.45,0.16145,39.19,20,2,0,1,1
2025-01-01 21:00:00,37.603,0.0,155.48,0.15548,37.603,21,2,0,1,1
2025-01-01 22:00:00,43.694,0.0,116.34,0.11634,43.694,22,2,0,1,1
2025-01-01 23:00:00,29.607,0.0,111.9,0.1119,29.607,23,2,0,1,1
2025-01-02 00:00:00,28.732,0.0,115.69,0.11569,28.732,0,3,0,1,2
2025-01-02 01:00:00,28.975,0.0,122.14,0.12214,28.975,1,3,0,1,2
2025-01-02 02:00:00,31.806,0.0,99.54,0.09954,31.806,2,3,0,1,2
2025-01-02 03:00:00,31.272,0.0,111.33,0.11133,31.272,3,3,0,1,2
2025-01-02 04:00:00,31.423,0.0,99.0,0.099,31.423,4,3,0,1,2
2025-01-02 05:00:00,31.481,0.0,114.92,0.11492,31.481,5,3,0,1,2
2025-01-02 06:00:00,51.478,0.0,108.92,0.10892,51.478,6,3,0,1,2
2025-01-02 07:00:00,43.324,0.727,121.27,0.12127,42.597,7,3,0,1,2
2025-01-02 08:00:00,64.769,1.736,110.63,0.11063,63.033,8,3,0,1,2
2025-01-02 09:00:00,63.805,2.226,106.72,0.10672,61.579,9,3,0,1,2
2025-01-02 10:00:00,68.38,2.641,150.03,0.15003,65.739,10,3,0,1,2
2025-01-02 11:00:00,70.021,4.006,112.15,0.11215,66.015,11,3,0,1,2
2025-01-02 12:00:00,66.044,3.613,124.06,0.12406,62.431,12,3,0,1,2
2025-01-02 13:00:00,63.72,3.869,110.84,0.11084,59.851,13,3,0,1,2
2025-01-02 14:00:00,63.77,3.594,76.39,0.07639,60.176,14,3,0,1,2
2025-01-02 15:00:00,68.491,3.532,98.28,0.09828,64.959,15,3,0,1,2
2025-01-02 16:00:00,68.787,2.372,88.69,0.08869,66.415,16,3,0,1,2
2025-01-02 17:00:00,68.147,1.898,110.27,0.11027,66.249,17,3,0,1,2
2025-01-02 18:00:00,64.279,1.02,108.82,0.10882,63.259,18,3,0,1,2
2025-01-02 19:00:00,40.527,0.0,124.85,0.12485,40.527,19,3,0,1,2
2025-01-02 20:00:00,40.157,0.0,137.77,0.13777,40.157,20,3,0,1,2
2025-01-02 21:00:00,40.484,0.0,136.93,0.13693,40.484,21,3,0,1,2
2025-01-02 22:00:00,42.572,0.0,132.48,0.13248,42.572,22,3,0,1,2
2025-01-02 23:00:00,30.818,0.0,111.07,0.11107,30.818,23,3,0,1,2
2025-01-03 00:00:00,32.276,0.0,110.74,0.11074,32.276,0,4,0,1,3
2025-01-03 01:00:00,30.319,0.0,120.62,0.12062,30.319,1,4,0,1,3
2025-01-03 02:00:00,31.028,0.0,112.08,0.11208,31.028,2,4,0,1,3
2025-01-03 03:00:00,32.123,0.0,108.95,0.10895,32.123,3,4,0,1,3
2025-01-03 04:00:00,25.44,0.0,113.86,0.11386,25.44,4,4,0,1,3
2025-01-03 05:00:00,29.08,0.0,97.94,0.09794,29.08,5,4,0,1,3
2025-01-03 06:00:00,43.122,0.0,125.0,0.125,43.122,6,4,0,1,3
2025-01-03 07:00:00,42.582,1.029,107.59,0.10759,41.553,7,4,0,1,3
2025-01-03 08:00:00,65.532,1.907,138.4,0.1384,63.625,8,4,0,1,3
2025-01-03 09:00:00,71.196,1.602,130.89,0.13089,69.594,9,4,0,1,3
2025-01-03 10:00:00,63.642,2.743,124.75,0.12475,60.899,10,4,0,1,3
2025-01-03 11:00:00,69.511,1.403,117.59,0.11759,68.108,11,4,0,1,3
2025-01-03 12:00:00,61.027,3.496,102.83,0.10283,57.531,12,4,0,1,3
2025-01-03 13:00:00,65.341,3.659,88.02,0.08802,61.682,13,4,0,1,3
2025-01-03 14:00:00,66.933,0.842,83.45,0.08345,66.091,14,4,0,1,3
2025-01-03 15:00:00,68.288,1.864,112.31,0.11231,66.424,15,4,0,1,3
2025-01-03 16:00:00,68.688,2.545,102.8,0.1028,66.143,16,4,0,1,3
2025-01-03 17:00:00,68.951,1.063,102.21,0.10221,67.888,17,4,0,1,3
2025-01-03 18:00:00,65.297,0.873,132.97,0.13297,64.424,18,4,0,1,3
2025-01-03 19:00:00,38.306,0.0,144.15,0.14415,38.306,19,4,0,1,3
2025-01-03 20:00:00,42.531,0.0,143.16,0.14316,42.531,20,4,0,1,3
2025-01-03 21:00:00,39.173,0.0,133.54,0.13354,39.173,21,4,0,1,3
2025-01-03 22:00:00,35.703,0.0,139.57,0.13957,35.703,22,4,0,1,3
2025-01-03 23:00:00,26.477,0.0,131.02,0.13102,26.477,23,4,0,1,3
2025-01-04 00:00:00,23.288,0.0,105.59,0.10559,23.288,0,5,1,1,4
2025-01-04 01:00:00,27.822,0.0,103.1,0.1031,27.822,1,5,1,1,4
2025-01-04 02:00:00,26.686,0.0,94.64,0.09464,26.686,2,5,1,1,4
2025-01-04 03:00:00,28.44,0.0,107.55,0.10755,28.44,3,5,1,1,4
2025-01-04 04:00:00,24.864,0.0,97.22,0.09722,24.864,4,5,1,1,4
2025-01-04 05:00:00,26.738,0.0,92.68,0.09268,26.738,5,5,1,1,4
2025-01-04 06:00:00,38.109,0.0,119.86,0.11986,38.109,6,5,1,1,4
2025-01-04 07:00:00,35.118,0.82,102.39,0.10239,34.298,7,5,1,1,4
2025-01-04 08:00:00,52.385,1.593,97.03,0.09703,50.792,8,5,1,1,4
2025-01-04 09:00:00,48.805,2.53,129.4,0.1294,46.275,9,5,1,1,4
2025-01-04 10:00:00,49.761,3.078,94.86,0.09486,46.683,10,5,1,1,4
2025-01-04 11:00:00,49.701,3.952,100.81,0.10081,45.749,11,5,1,1,4
2025-01-04 12:00:00,47.096,3.744,85.01,0.08501,43.352,12,5,1,1,4
2025-01-04 13:00:00,52.481,4.28,81.77,0.08177,48.201,13,5,1,1,4
2025-01-04 14:00:00,49.421,2.533,108.23,0.10823,46.888,14,5,1,1,4
2025-01-04 15:00:00,50.963,2.668,86.9,0.0869,48.295,15,5,1,1,4
2025-01-04 16:00:00,52.461,2.064,98.48,0.09848,50.397,16,5,1,1,4
2025-01-04 17:00:00,52.352,1.145,114.38,0.11438,51.207,17,5,1,1,4
2025-01-04 18:00:00,53.052,1.032,114.46,0.11446,52.02,18,5,1,1,4
2025-01-04 19:00:00,32.5,0.0,144.59,0.14459,32.5,19,5,1,1,4
2025-01-04 20:00:00,31.461,0.0,143.33,0.14333,31.461,20,5,1,1,4
2025-01-04 21:00:00,32.56,0.0,143.18,0.14318,32.56,21,5,1,1,4
2025-01-04 22:00:00,27.416,0.0,118.09,0.11809,27.416,22,5,1,1,4
2025-01-04 23:00:00,21.6,0.0,119.12,0.11912,21.6,23,5,1,1,4
2025-01-05 00:00:00,21.999,0.0,102.38,0.10238,21.999,0,6,1,1,5
2025-01-05 01:00:00,23.04,0.0,113.79,0.11379,23.04,1,6,1,1,5
2025-01-05 02:00:00,27.511,0.0,97.17,0.09717,27.511,2,6,1,1,5
2025-01-05 03:00:00,23.334,0.0,123.18,0.12318,23.334,3,6,1,1,5
2025-01-05 04:00:00,25.021,0.0,107.06,0.10706,25.021,4,6,1,1,5
2025-01-05 05:00:00,30.389,0.0,104.27,0.10427,30.389,5,6,1,1,5
2025-01-05 06:00:00,34.969,0.0,106.29,0.10629,34.969,6,6,1,1,5
2025-01-05 07:00:00,38.469,0.75,112.73,0.11273,37.719,7,6,1,1,5
2025-01-05 08:00:00,47.937,1.572,109.82,0.10982,46.365,8,6,1,1,5
2025-01-05 09:00:00,50.268,1.438,123.08,0.12308,48.83,9,6,1,1,5
2025-01-05 10:00:00,47.885,2.998,112.29,0.11229,44.887,10,6,1,1,5
2025-01-05 11:00:00,49.84,4.041,124.25,0.12425,45.799,11,6,1,1,5
2025-01-05 12:00:00,53.614,3.755,91.74,0.09174,49.859,12,6,1,1,5
2025-01-05 13:00:00,45.398,4.291,87.91,0.08791,41.107,13,6,1,1,5
2025-01-05 14:00:00,52.315,1.605,81.76,0.08176,50.71,14,6,1,1,5
2025-01-05 15:00:00,51.686,2.108,106.72,0.10672,49.578,15,6,1,1,5
2025-01-05 16:00:00,49.024,2.564,80.54,0.08054,46.46,16,6,1,1,5
2025-01-05 17:00:00,46.298,1.261,107.52,0.10752,45.037,17,6,1,1,5
2025-01-05 18:00:00,51.156,1.019,124.16,0.12416,50.137,18,6,1,1,5
2025-01-05 19:00:00,31.122,0.0,122.67,0.12267,31.122,19,6,1,1,5
2025-01-05 20:00:00,33.561,0.0,166.11,0.16611,33.561,20,6,1,1,5
2025-01-05 21:00:00,32.886,0.0,126.44,0.12644,32.886,21,6,1,1,5
2025-01-05 22:00:00,37.942,0.0,125.78,0.12578,37.942,22,6,1,1,5
2025-01-05 23:00:00,25.465,0.0,131.63,0.13163,25.465,23,6,1,1,5
2025-01-06 00:00:00,26.83,0.0,105.82,0.10582,26.83,0,0,0,1,6
2025-01-06 01:00:00,30.679,0.0,111.03,0.11103,30.679,1,0,0,1,6
2025-01-06 02:00:00,30.809,0.0,106.22,0.10622,30.809,2,0,0,1,6
2025-01-06 03:00:00,34.455,0.0,109.43,0.10943,34.455,3,0,0,1,6
2025-01-06 04:00:00,32.778,0.0,121.59,0.12159,32.778,4,0,0,1,6
2025-01-06 05:00:00,31.247,0.0,108.4,0.1084,31.247,5,0,0,1,6
2025-01-06 06:00:00,49.315,0.0,89.27,0.08927,49.315,6,0,0,1,6
2025-01-06 07:00:00,40.828,0.715,119.57,0.11957,40.113,7,0,0,1,6
2025-01-06 08:00:00,64.375,1.498,123.84,0.12384,62.877,8,0,0,1,6
2025-01-06 09:00:00,63.457,2.874,125.47,0.12547,60.583,9,0,0,1,6
2025-01-06 10:00:00,65.174,3.533,117.68,0.11768,61.641,10,0,0,1,6
2025-01-06 11:00:00,62.016,3.205,103.29,0.10329,58.811,11,0,0,1,6
2025-01-06 12:00:00,68.454,2.286,100.73,0.10073,66.168,12,0,0,1,6
2025-01-06 13:00:00,65.711,3.583,113.87,0.11387,62.128,13,0,0,1,6
2025-01-06 14:00:00,61.715,2.94,92.78,0.09278,58.775,14,0,0,1,6
2025-01-06 15:00:00,63.172,3.049,101.65,0.10165,60.123,15,0,0,1,6
2025-01-06 16:00:00,67.425,2.385,91.76,0.09176,65.04,16,0,0,1,6
2025-01-06 17:00:00,69.104,1.545,110.77,0.11077,67.559,17,0,0,1,6
2025-01-06 18:00:00,72.811,1.037,233.19,0.23319,71.774,18,0,0,1,6
2025-01-06 19:00:00,49.114,0.0,153.99,0.15399,49.114,19,0,0,1,6
2025-01-06 20:00:00,41.116,0.0,131.22,0.13122,41.116,20,0,0,1,6
2025-01-06 21:00:00,36.623,0.0,146.57,0.14657,36.623,21,0,0,1,6
2025-01-06 22:00:00,32.967,0.0,135.96,0.13596,32.967,22,0,0,1,6
2025-01-06 23:00:00,30.962,0.0,124.65,0.12465,30.962,23,0,0,1,6
2025-01-07 00:00:00,27.505,0.0,86.22,0.08622,27.505,0,1,0,1,7
2025-01-07 01:00:00,28.777,0.0,89.45,0.08945,28.777,1,1,0,1,7
2025-01-07 02:00:00,28.147,0.0,110.93,0.11093,28.147,2,1,0,1,7
2025-01-07 03:00:00,29.655,0.0,100.82,0.10082,29.655,3,1,0,1,7
2025-01-07 04:00:00,33.517,0.0,104.44,0.10444,33.517,4,1,0,1,7
2025-01-07 05:00:00,30.609,0.0,108.46,0.10846,30.609,5,1,0,1,7
2025-01-07 06:00:00,44.126,0.0,105.38,0.10538,44.126,6,1,0,1,7
2025-01-07 07:00:00,41.319,0.805,107.74,0.10774,40.514,7,1,0,1,7
2025-01-07 08:00:00,61.065,1.795,123.3,0.1233,59.27,8,1,0,1,7
2025-01-07 09:00:00,64.868,2.194,104.54,0.10454,62.674,9,1,0,1,7
2025-01-07 10:00:00,66.252,2.558,114.54,0.11454,63.694,10,1,0,1,7
2025-01-07 11:00:00,72.081,3.083,105.33,0.10533,68.998,11,1,0,1,7
2025-01-07 12:00:00,66.841,3.879,103.03,0.10303,62.962,12,1,0,1,7
2025-01-07 13:00:00,69.569,4.228,120.18,0.12018,65.341,13,1,0,1,7
2025-01-07 14:00:00,64.826,2.73,83.47,0.08347,62.096,14,1,0,1,7
2025-01-07 15:00:00,62.632,3.577,99.28,0.09928,59.055,15,1,0,1,7
2025-01-07 16:00:00,63.336,2.732,104.39,0.10439,60.604,16,1,0,1,7
2025-01-07 17:00:00,64.103,2.02,119.38,0.11938,62.083,17,1,0,1,7
2025-01-07 18:00:00,73.235,0.776,126.09,0.12609,72.459,18,1,0,1,7
2025-01-07 19:00:00,37.162,0.0,155.56,0.15556,37.162,19,1,0,1,7
2025-01-07 20:00:00,42.474,0.0,153.72,0.15372,42.474,20,1,0,1,7
2025-01-07 21:00:00,36.901,0.0,149.95,0.14995,36.901,21,1,0,1,7
2025-01-07 22:00:00,42.772,0.0,118.5,0.1185,42.772,22,1,0,1,7
2025-01-07 23:00:00,31.338,0.0,122.94,0.12294,31.338,23,1,0,1,7
2025-01-08 00:00:00,29.605,0.0,104.64,0.10464,29.605,0,2,0,1,8
2025-01-08 01:00:00,29.976,0.0,101.14,0.10114,29.976,1,2,0,1,8
2025-01-08 02:00:00,28.011,0.0,103.58,0.10358,28.011,2,2,0,1,8
2025-01-08 03:00:00,31.534,0.0,109.57,0.10957,31.534,3,2,0,1,8
2025-01-08 04:00:00,28.65,0.0,115.51,0.11551,28.65,4,2,0,1,8
2025-01-08 05:00:00,26.185,0.0,122.6,0.1226,26.185,5,2,0,1,8
2025-01-08 06:00:00,40.545,0.0,125.33,0.12533,40.545,6,2,0,1,8
2025-01-08 07:00:00,45.186,1.043,122.99,0.12299,44.143,7,2,0,1,8
2025-01-08 08:00:00,71.479,1.695,123.93,0.12393,69.784,8,2,0,1,8
2025-01-08 09:00:00,66.938,2.749,120.44,0.12044,64.189,9,2,0,1,8
2025-01-08 10:00:00,66.046,2.303,117.21,0.11721,63.743,10,2,0,1,8
2025-01-08 11:00:00,67.34,2.982,104.28,0.10428,64.358,11,2,0,1,8
2025-01-08 12:00:00,70.605,4.326,99.06,0.09906,66.279,12,2,0,1,8
2025-01-08 13:00:00,67.128,2.953,99.92,0.09992,64.175,13,2,0,1,8
2025-01-08 14:00:00,65.111,2.932,108.77,0.10877,62.179,14,2,0,1,8
2025-01-08 15:00:00,69.966,3.047,93.8,0.0938,66.919,15,2,0,1,8
2025-01-08 16:00:00,67.798,2.445,94.19,0.09419,65.353,16,2,0,1,8
2025-01-08 17:00:00,71.34,1.243,123.55,0.12355,70.097,17,2,0,1,8
2025-01-08 18:00:00,67.012,0.789,108.28,0.10828,66.223,18,2,0,1,8
2025-01-08 19:00:00,35.873,0.0,151.65,0.15165,35.873,19,2,0,1,8
2025-01-08 20:00:00,35.413,0.0,132.62,0.13262,35.413,20,2,0,1,8
2025-01-08 21:00:00,45.075,0.0,149.59,0.14959,45.075,21,2,0,1,8
2025-01-08 22:00:00,45.307,0.0,127.96,0.12796,45.307,22,2,0,1,8
2025-01-08 23:00:00,29.532,0.0,125.27,0.12527,29.532,23,2,0,1,8
2025-01-09 00:00:00,28.881,0.0,130.64,0.13064,28.881,0,3,0,1,9
2025-01-09 01:00:00,34.783,0.0,101.45,0.10145,34.783,1,3,0,1,9
2025-01-09 02:00:00,26.564,0.0,99.9,0.0999,26.564,2,3,0,1,9
2025-01-09 03:00:00,27.244,0.0,110.98,0.11098,27.244,3,3,0,1,9
2025-01-09 04:00:00,32.165,0.0,126.27,0.12627,32.165,4,3,0,1,9
2025-01-09 05:00:00,28.844,0.0,114.65,0.11465,28.844,5,3,0,1,9
2025-01-09 06:00:00,44.619,0.0,116.5,0.1165,44.619,6,3,0,1,9
2025-01-09 07:00:00,44.112,0.909,121.83,0.12183,43.203,7,3,0,1,9
2025-01-09 08:00:00,67.507,1.473,113.4,0.1134,66.034,8,3,0,1,9
2025-01-09 09:00:00,70.931,1.895,125.55,0.12555,69.036,9,3,0,1,9
2025-01-09 10:00:00,66.717,2.336,115.82,0.11582,64.381,10,3,0,1,9
2025-01-09 11:00:00,68.488,4.088,125.38,0.12538,64.4,11,3,0,1,9
2025-01-09 12:00:00,59.867,2.624,111.4,0.1114,57.243,12,3,0,1,9
2025-01-09 13:00:00,66.271,3.174,83.21,0.08321,63.097,13,3,0,1,9
2025-01-09 14:00:00,63.729,3.066,90.61,0.09061,60.663,14,3,0,1,9
2025-01-09 15:00:00,62.527,3.204,100.64,0.10064,59.323,15,3,0,1,9
2025-01-09 16:00:00,63.617,1.336,92.52,0.09252,62.281,16,3,0,1,9
2025-01-09 17:00:00,65.358,1.449,103.13,0.10313,63.909,17,3,0,1,9
2025-01-09 18:00:00,69.358,0.973,123.75,0.12375,68.385,18,3,0,1,9
2025-01-09 19:00:00,35.548,0.0,144.73,0.14473,35.548,19,3,0,1,9
2025-01-09 20:00:00,39.89,0.0,157.39,0.15739,39.89,20,3,0,1,9
2025-01-09 21:00:00,38.243,0.0,145.41,0.14541,38.243,21,3,0,1,9
2025-01-09 22:00:00,38.744,0.0,157.41,0.15741,38.744,22,3,0,1,9
2025-01-09 23:00:00,33.316,0.0,115.36,0.11536,33.316,23,3,0,1,9
2025-01-10 00:00:00,31.829,0.0,117.27,0.11727,31.829,0,4,0,1,10
2025-01-10 01:00:00,34.387,0.0,98.8,0.0988,34.387,1,4,0,1,10
2025-01-10 02:00:00,29.613,0.0,126.08,0.12608,29.613,2,4,0,1,10
2025-01-10 03:00:00,27.88,0.0,123.85,0.12385,27.88,3,4,0,1,10
2025-01-10 04:00:00,29.391,0.0,118.19,0.11819,29.391,4,4,0,1,10
2025-01-10 05:00:00,30.883,0.0,95.55,0.09555,30.883,5,4,0,1,10
2025-01-10 06:00:00,45.2,0.0,123.13,0.12313,45.2,6,4,0,1,10
2025-01-10 07:00:00,41.165,0.339,112.0,0.112,40.826,7,4,0,1,10
2025-01-10 08:00:00,66.718,1.851,128.04,0.12804,64.867,8,4,0,1,10
2025-01-10 09:00:00,67.158,2.084,109.27,0.10927,65.074,9,4,0,1,10
2025-01-10 10:00:00,74.484,2.694,122.51,0.12251,71.79,10,4,0,1,10
2025-01-10 11:00:00,72.434,0.82,108.68,0.10868,71.614,11,4,0,1,10
2025-01-10 12:00:00,63.698,2.736,95.69,0.09569,60.962,12,4,0,1,10
2025-01-10 13:00:00,65.508,4.108,102.44,0.10244,61.4,13,4,0,1,10
2025-01-10 14:00:00,61.745,4.102,92.99,0.09299,57.643,14,4,0,1,10
2025-01-10 15:00:00,64.538,1.161,93.37,0.09337,63.377,15,4,0,1,10
2025-01-10 16:00:00,67.438,2.494,109.76,0.10976,64.944,16,4,0,1,10
2025-01-10 17:00:00,70.287,1.334,133.02,0.13302,68.953,17,4,0,1,10
2025-01-10 18:00:00,64.095,0.985,131.19,0.13119,63.11,18,4,0,1,10
2025-01-10 19:00:00,37.699,0.0,123.29,0.12329,37.699,19,4,0,1,10
2025-01-10 20:00:00,32.921,0.0,131.49,0.13149,32.921,20,4,0,1,10
2025-01-10 21:00:00,39.272,0.0,143.84,0.14384,39.272,21,4,0,1,10
2025-01-10 22:00:00,36.393,0.0,143.11,0.14311,36.393,22,4,0,1,10
2025-01-10 23:00:00,28.413,0.0,123.53,0.12353,28.413,23,4,0,1,10
2025-01-11 00:00:00,23.427,0.0,108.03,0.10803,23.427,0,5,1,1,11
2025-01-11 01:00:00,25.931,0.0,102.35,0.10235,25.931,1,5,1,1,11
2025-01-11 02:00:00,20.608,0.0,112.64,0.11264,20.608,2,5,1,1,11
2025-01-11 03:00:00,21.538,0.0,109.47,0.10947,21.538,3,5,1,1,11
2025-01-11 04:00:00,33.046,0.0,93.93,0.09393,33.046,4,5,1,1,11
2025-01-11 05:00:00,22.113,0.0,110.44,0.11044,22.113,5,5,1,1,11
2025-01-11 06:00:00,32.603,0.0,93.73,0.09373,32.603,6,5,1,1,11
2025-01-11 07:00:00,41.99,0.655,117.72,0.11772,41.335,7,5,1,1,11
2025-01-11 08:00:00,60.228,1.827,113.73,0.11373,58.401,8,5,1,1,11
2025-01-11 09:00:00,47.182,0.584,118.47,0.11847,46.598,9,5,1,1,11
2025-01-11 10:00:00,49.753,3.622,116.1,0.1161,46.131,10,5,1,1,11
2025-01-11 11:00:00,52.024,1.429,108.08,0.10808,50.595,11,5,1,1,11
2025-01-11 12:00:00,56.463,3.653,110.7,0.1107,52.81,12,5,1,1,11
2025-01-11 13:00:00,47.774,4.37,89.9,0.0899,43.404,13,5,1,1,11
2025-01-11 14:00:00,50.147,3.755,88.44,0.08844,46.392,14,5,1,1,11
2025-01-11 15:00:00,53.419,2.929,101.77,0.10177,50.49,15,5,1,1,11
2025-01-11 16:00:00,52.323,2.23,114.41,0.11441,50.093,16,5,1,1,11
2025-01-11 17:00:00,49.728,1.27,106.85,0.10685,48.458,17,5,1,1,11
2025-01-11 18:00:00,50.503,1.053,116.36,0.11636,49.45,18,5,1,1,11
2025-01-11 19:00:00,28.419,0.0,129.77,0.12977,28.419,19,5,1,1,11
2025-01-11 20:00:00,32.057,0.0,144.63,0.14463,32.057,20,5,1,1,11
2025-01-11 21:00:00,31.967,0.0,134.16,0.13416,31.967,21,5,1,1,11
2025-01-11 22:00:00,33.562,0.0,108.4,0.1084,33.562,22,5,1,1,11
2025-01-11 23:00:00,24.456,0.0,126.47,0.12647,24.456,23,5,1,1,11
2025-01-12 00:00:00,27.742,0.0,111.11,0.11111,27.742,0,6,1,1,12
2025-01-12 01:00:00,29.474,0.0,114.44,0.11444,29.474,1,6,1,1,12
2025-01-12 02:00:00,26.73,0.0,116.49,0.11649,26.73,2,6,1,1,12
2025-01-12 03:00:00,27.359,0.0,105.25,0.10525,27.359,3,6,1,1,12
2025-01-12 04:00:00,26.403,0.0,106.76,0.10676,26.403,4,6,1,1,12
2025-01-12 05:00:00,26.233,0.0,201.2,0.2012,26.233,5,6,1,1,12
2025-01-12 06:00:00,33.803,0.0,97.05,0.09705,33.803,6,6,1,1,12
2025-01-12 07:00:00,37.125,0.978,109.76,0.10976,36.147,7,6,1,1,12
2025-01-12 08:00:00,50.62,1.713,116.0,0.116,48.907,8,6,1,1,12
2025-01-12 09:00:00,57.63,1.334,204.04,0.20404,56.296,9,6,1,1,12
2025-01-12 10:00:00,55.966,2.267,107.51,0.10751,53.699,10,6,1,1,12
2025-01-12 11:00:00,52.166,2.588,98.18,0.09818,49.578,11,6,1,1,12
2025-01-12 12:00:00,48.49,4.385,92.25,0.09225,44.105,12,6,1,1,12
2025-01-12 13:00:00,47.372,1.22,94.29,0.09429,46.152,13,6,1,1,12
2025-01-12 14:00:00,54.743,3.645,85.9,0.0859,51.098,14,6,1,1,12
2025-01-12 15:00:00,51.772,1.312,136.05,0.13605,50.46,15,6,1,1,12
2025-01-12 16:00:00,52.468,2.003,82.94,0.08294,50.465,16,6,1,1,12
2025-01-12 17:00:00,45.349,1.055,256.51,0.25651,44.294,17,6,1,1,12
2025-01-12 18:00:00,53.899,0.962,123.21,0.12321,52.937,18,6,1,1,12
2025-01-12 19:00:00,34.273,0.0,134.71,0.13471,34.273,19,6,1,1,12
2025-01-12 20:00:00,29.266,0.0,135.45,0.13545,29.266,20,6,1,1,12
2025-01-12 21:00:00,31.31,0.0,144.11,0.14411,31.31,21,6,1,1,12
2025-01-12 22:00:00,33.663,0.0,129.62,0.12962,33.663,22,6,1,1,12
2025-01-12 23:00:00,26.401,0.0,118.62,0.11862,26.401,23,6,1,1,12
2025-01-13 00:00:00,29.172,0.0,113.69,0.11369,29.172,0,0,0,1,13
2025-01-13 01:00:00,29.776,0.0,125.97,0.12597,29.776,1,0,0,1,13
2025-01-13 02:00:00,29.301,0.0,99.84,0.09984,29.301,2,0,0,1,13
2025-01-13 03:00:00,30.595,0.0,106.16,0.10616,30.595,3,0,0,1,13
2025-01-13 04:00:00,34.816,0.0,107.82,0.10782,34.816,4,0,0,1,13
2025-01-13 05:00:00,21.894,0.0,125.6,0.1256,21.894,5,0,0,1,13
2025-01-13 06:00:00,43.878,0.0,112.49,0.11249,43.878,6,0,0,1,13
2025-01-13 07:00:00,45.2,0.998,112.38,0.11238,44.202,7,0,0,1,13
2025-01-13 08:00:00,67.376,2.06,122.56,0.12256,65.316,8,0,0,1,13
2025-01-13 09:00:00,65.238,2.896,124.97,0.12497,62.342,9,0,0,1,13
2025-01-13 10:00:00,60.807,2.606,131.88,0.13188,58.201,10,0,0,1,13
2025-01-13 11:00:00,67.478,3.007,108.53,0.10853,64.471,11,0,0,1,13
2025-01-13 12:00:00,71.956,2.493,96.71,0.09671,69.463,12,0,0,1,13
2025-01-13 13:00:00,61.52,3.668,87.52,0.08752,57.852,13,0,0,1,13
2025-01-13 14:00:00,69.193,3.38,90.17,0.09017,65.813,14,0,0,1,13
2025-01-13 15:00:00,65.377,3.165,121.17,0.12117,62.212,15,0,0,1,13
2025-01-13 16:00:00,66.232,2.329,106.33,0.10633,63.903,16,0,0,1,13
2025-01-13 17:00:00,63.059,1.703,120.08,0.12008,61.356,17,0,0,1,13
2025-01-13 18:00:00,65.358,0.935,128.54,0.12854,64.423,18,0,0,1,13
2025-01-13 19:00:00,43.953,0.0,142.83,0.14283,43.953,19,0,0,1,13
2025-01-13 20:00:00,41.657,0.0,155.05,0.15505,41.657,20,0,0,1,13
2025-01-13 21:00:00,45.336,0.0,148.88,0.14888,45.336,21,0,0,1,13
2025-01-13 22:00:00,43.56,0.0,136.45,0.13645,43.56,22,0,0,1,13
2025-01-13 23:00:00,31.512,0.0,122.46,0.12246,31.512,23,0,0,1,13
2025-01-14 00:00:00,35.688,0.0,106.48,0.10648,35.688,0,1,0,1,14
2025-01-14 01:00:00,31.512,0.0,114.26,0.11426,31.512,1,1,0,1,14
2025-01-14 02:00:00,32.756,0.0,110.93,0.11093,32.756,2,1,0,1,14
2025-01-14 03:00:00,29.158,0.0,131.71,0.13171,29.158,3,1,0,1,14
2025-01-14 04:00:00,30.32,0.0,121.71,0.12171,30.32,4,1,0,1,14
2025-01-14 05:00:00,27.875,0.0,106.3,0.1063,27.875,5,1,0,1,14
2025-01-14 06:00:00,47.802,0.0,104.54,0.10454,47.802,6,1,0,1,14
2025-01-14 07:00:00,40.865,0.983,116.34,0.11634,39.882,7,1,0,1,14
2025-01-14 08:00:00,68.931,2.068,112.8,0.1128,66.863,8,1,0,1,14
2025-01-14 09:00:00,65.818,2.936,119.36,0.11936,62.882,9,1,0,1,14
2025-01-14 10:00:00,70.176,3.662,110.24,0.11024,66.514,10,1,0,1,14
2025-01-14 11:00:00,68.83,2.761,172.41,0.17241,66.069,11,1,0,1,14
2025-01-14 12:00:00,72.254,3.713,100.45,0.10045,68.541,12,1,0,1,14
2025-01-14 13:00:00,68.766,4.418,98.11,0.09811,64.348,13,1,0,1,14
2025-01-14 14:00:00,61.397,4.031,91.56,0.09156,57.366,14,1,0,1,14
2025-01-14 15:00:00,66.213,1.175,86.53,0.08653,65.038,15,1,0,1,14
2025-01-14 16:00:00,62.677,2.578,114.67,0.11467,60.099,16,1,0,1,14
2025-01-14 17:00:00,64.769,2.068,118.14,0.11814,62.701,17,1,0,1,14
2025-01-14 18:00:00,71.264,1.026,123.11,0.12311,70.238,18,1,0,1,14
2025-01-14 19:00:00,41.833,0.0,132.61,0.13261,41.833,19,1,0,1,14
2025-01-14 20:00:00,37.556,0.0,132.53,0.13253,37.556,20,1,0,1,14
2025-01-14 21:00:00,36.549,0.0,127.87,0.12787,36.549,21,1,0,1,14
2025-01-14 22:00:00,39.897,0.0,143.45,0.14345,39.897,22,1,0,1,14
2025-01-14 23:00:00,26.214,0.0,286.19,0.28619,26.214,23,1,0,1,14
2025-01-15 00:00:00,27.959,0.0,104.16,0.10416,27.959,0,2,0,1,15
2025-01-15 01:00:00,31.105,0.0,123.68,0.12368,31.105,1,2,0,1,15
2025-01-15 02:00:00,33.804,0.0,116.27,0.11627,33.804,2,2,0,1,15
2025-01-15 03:00:00,32.055,0.0,112.42,0.11242,32.055,3,2,0,1,15
2025-01-15 04:00:00,22.774,0.0,119.83,0.11983,22.774,4,2,0,1,15
2025-01-15 05:00:00,31.081,0.0,119.23,0.11923,31.081,5,2,0,1,15
2025-01-15 06:00:00,44.865,0.0,117.78,0.11778,44.865,6,2,0,1,15
2025-01-15 07:00:00,45.959,0.762,117.93,0.11793,45.197,7,2,0,1,15
2025-01-15 08:00:00,71.598,1.835,122.57,0.12257,69.763,8,2,0,1,15
2025-01-15 09:00:00,59.824,2.813,107.87,0.10787,57.011,9,2,0,1,15
2025-01-15 10:00:00,64.535,2.95,111.93,0.11193,61.585,10,2,0,1,15
2025-01-15 11:00:00,68.317,3.647,234.0,0.234,64.67,11,2,0,1,15
2025-01-15 12:00:00,61.365,4.392,95.33,0.09533,56.973,12,2,0,1,15
2025-01-15 13:00:00,71.15,3.58,78.14,0.07814,67.57,13,2,0,1,15
2025-01-15 14:00:00,67.605,3.602,102.67,0.10267,64.003,14,2,0,1,15
2025-01-15 15:00:00,69.136,3.466,98.04,0.09804,65.67,15,2,0,1,15
2025-01-15 16:00:00,64.599,1.856,105.57,0.10557,62.743,16,2,0,1,15
2025-01-15 17:00:00,69.031,1.363,112.54,0.11254,67.668,17,2,0,1,15
2025-01-15 18:00:00,69.846,0.994,137.67,0.13767,68.852,18,2,0,1,15
2025-01-15 19:00:00,40.537,0.0,156.78,0.15678,40.537,19,2,0,1,15
2025-01-15 20:00:00,40.542,0.0,141.99,0.14199,40.542,20,2,0,1,15
2025-01-15 21:00:00,40.657,0.0,149.61,0.14961,40.657,21,2,0,1,15
2025-01-15 22:00:00,37.029,0.0,144.16,0.14416,37.029,22,2,0,1,15
2025-01-15 23:00:00,29.635,0.0,116.54,0.11654,29.635,23,2,0,1,15
2025-01-16 00:00:00,29.618,0.0,125.09,0.12509,29.618,0,3,0,1,16
2025-01-16 01:00:00,31.333,0.0,121.17,0.12117,31.333,1,3,0,1,16
2025-01-16 02:00:00,33.306,0.0,97.68,0.09768,33.306,2,3,0,1,16
2025-01-16 03:00:00,26.719,0.0,126.33,0.12633,26.719,3,3,0,1,16
2025-01-16 04:00:00,29.706,0.0,99.31,0.09931,29.706,4,3,0,1,16
2025-01-16 05:00:00,34.847,0.0,106.17,0.10617,34.847,5,3,0,1,16
2025-01-16 06:00:00,42.254,0.0,123.08,0.12308,42.254,6,3,0,1,16
2025-01-16 07:00:00,42.003,0.545,130.74,0.13074,41.458,7,3,0,1,16
2025-01-16 08:00:00,67.072,1.915,124.62,0.12462,65.157,8,3,0,1,16
2025-01-16 09:00:00,69.127,2.975,117.64,0.11764,66.152,9,3,0,1,16
2025-01-16 10:00:00,66.461,2.586,117.33,0.11733,63.875,10,3,0,1,16
2025-01-16 11:00:00,70.678,2.542,108.55,0.10855,68.136,11,3,0,1,16
2025-01-16 12:00:00,69.167,2.434,112.01,0.11201,66.733,12,3,0,1,16
2025-01-16 13:00:00,69.119,2.805,92.58,0.09258,66.314,13,3,0,1,16
2025-01-16 14:00:00,68.198,2.922,87.11,0.08711,65.276,14,3,0,1,16
2025-01-16 15:00:00,73.873,2.829,80.78,0.08078,71.044,15,3,0,1,16
2025-01-16 16:00:00,65.768,1.71,96.58,0.09658,64.058,16,3,0,1,16
2025-01-16 17:00:00,60.014,2.085,112.93,0.11293,57.929,17,3,0,1,16
2025-01-16 18:00:00,71.559,0.923,117.25,0.11725,70.636,18,3,0,1,16
2025-01-16 19:00:00,38.327,0.0,124.03,0.12403,38.327,19,3,0,1,16
2025-01-16 20:00:00,40.136,0.0,157.0,0.157,40.136,20,3,0,1,16
2025-01-16 21:00:00,43.982,0.0,133.27,0.13327,43.982,21,3,0,1,16
2025-01-16 22:00:00,34.664,0.0,119.88,0.11988,34.664,22,3,0,1,16
2025-01-16 23:00:00,26.101,0.0,138.01,0.13801,26.101,23,3,0,1,16
2025-01-17 00:00:00,24.982,0.0,118.47,0.11847,24.982,0,4,0,1,17
2025-01-17 01:00:00,27.564,0.0,120.26,0.12026,27.564,1,4,0,1,17
2025-01-17 02:00:00,31.513,0.0,115.13,0.11513,31.513,2,4,0,1,17
2025-01-17 03:00:00,31.783,0.0,123.48,0.12348,31.783,3,4,0,1,17
2025-01-17 04:00:00,30.99,0.0,120.02,0.12002,30.99,4,4,0,1,17
2025-01-17 05:00:00,25.585,0.0,109.58,0.10958,25.585,5,4,0,1,17
2025-01-17 06:00:00,37.24,0.0,105.57,0.10557,37.24,6,4,0,1,17
2025-01-17 07:00:00,44.807,1.004,107.48,0.10748,43.803,7,4,0,1,17
2025-01-17 08:00:00,64.913,1.982,122.22,0.12222,62.931,8,4,0,1,17
2025-01-17 09:00:00,67.893,2.001,112.92,0.11292,65.892,9,4,0,1,17
2025-01-17 10:00:00,68.669,3.579,111.94,0.11194,65.09,10,4,0,1,17
2025-01-17 11:00:00,66.865,1.683,110.8,0.1108,65.182,11,4,0,1,17
2025-01-17 12:00:00,68.855,4.472,117.56,0.11756,64.383,12,4,0,1,17
2025-01-17 13:00:00,67.156,2.523,81.52,0.08152,64.633,13,4,0,1,17
2025-01-17 14:00:00,68.119,3.193,93.91,0.09391,64.926,14,4,0,1,17
2025-01-17 15:00:00,64.168,2.456,83.02,0.08302,61.712,15,4,0,1,17
2025-01-17 16:00:00,65.848,2.68,96.94,0.09694,63.168,16,4,0,1,17
2025-01-17 17:00:00,67.053,0.619,123.39,0.12339,66.434,17,4,0,1,17
2025-01-17 18:00:00,69.049,0.757,120.06,0.12006,68.292,18,4,0,1,17
2025-01-17 19:00:00,38.53,0.0,138.83,0.13883,38.53,19,4,0,1,17
2025-01-17 20:00:00,41.458,0.0,148.6,0.1486,41.458,20,4,0,1,17
2025-01-17 21:00:00,38.94,0.0,150.27,0.15027,38.94,21,4,0,1,17
2025-01-17 22:00:00,39.414,0.0,127.48,0.12748,39.414,22,4,0,1,17
2025-01-17 23:00:00,32.76,0.0,134.91,0.13491,32.76,23,4,0,1,17
2025-01-18 00:00:00,19.854,0.0,98.5,0.0985,19.854,0,5,1,1,18
2025-01-18 01:00:00,22.083,0.0,107.82,0.10782,22.083,1,5,1,1,18
2025-01-18 02:00:00,21.488,0.0,101.15,0.10115,21.488,2,5,1,1,18
2025-01-18 03:00:00,18.764,0.0,110.75,0.11075,18.764,3,5,1,1,18
2025-01-18 04:00:00,24.061,0.0,124.43,0.12443,24.061,4,5,1,1,18
2025-01-18 05:00:00,28.63,0.0,103.22,0.10322,28.63,5,5,1,1,18
2025-01-18 06:00:00,35.198,0.0,109.04,0.10904,35.198,6,5,1,1,18
2025-01-18 07:00:00,36.742,0.779,108.96,0.10896,35.963,7,5,1,1,18
2025-01-18 08:00:00,54.411,2.102,110.73,0.11073,52.309,8,5,1,1,18
2025-01-18 09:00:00,55.175,2.739,109.9,0.1099,52.436,9,5,1,1,18
2025-01-18 10:00:00,50.705,3.668,112.71,0.11271,47.037,10,5,1,1,18
2025-01-18 11:00:00,55.257,2.863,97.53,0.09753,52.394,11,5,1,1,18
2025-01-18 12:00:00,51.221,3.49,89.09,0.08909,47.731,12,5,1,1,18
2025-01-18 13:00:00,48.246,2.857,57.94,0.05794,45.389,13,5,1,1,18
2025-01-18 14:00:00,49.024,3.588,100.43,0.10043,45.436,14,5,1,1,18
2025-01-18 15:00:00,46.188,2.016,104.94,0.10494,44.172,15,5,1,1,18
2025-01-18 16:00:00,48.084,2.703,101.96,0.10196,45.381,16,5,1,1,18
2025-01-18 17:00:00,49.78,1.399,98.33,0.09833,48.381,17,5,1,1,18
2025-01-18 18:00:00,53.497,0.944,108.88,0.10888,52.553,18,5,1,1,18
2025-01-18 19:00:00,38.323,0.0,118.79,0.11879,38.323,19,5,1,1,18
2025-01-18 20:00:00,28.394,0.0,146.55,0.14655,28.394,20,5,1,1,18
2025-01-18 21:00:00,34.074,0.0,148.88,0.14888,34.074,21,5,1,1,18
2025-01-18 22:00:00,29.487,0.0,127.59,0.12759,29.487,22,5,1,1,18
2025-01-18 23:00:00,27.751,0.0,123.85,0.12385,27.751,23,5,1,1,18
2025-01-19 00:00:00,25.812,0.0,107.37,0.10737,25.812,0,6,1,1,19
2025-01-19 01:00:00,20.372,0.0,95.23,0.09523,20.372,1,6,1,1,19
2025-01-19 02:00:00,29.202,0.0,113.11,0.11311,29.202,2,6,1,1,19
2025-01-19 03:00:00,24.295,0.0,112.76,0.11276,24.295,3,6,1,1,19
2025-01-19 04:00:00,24.523,0.0,94.22,0.09422,24.523,4,6,1,1,19
2025-01-19 05:00:00,22.808,0.0,114.03,0.11403,22.808,5,6,1,1,19
2025-01-19 06:00:00,34.014,0.0,107.68,0.10768,34.014,6,6,1,1,19
2025-01-19 07:00:00,37.477,0.704,110.63,0.11063,36.773,7,6,1,1,19
2025-01-19 08:00:00,50.318,1.979,120.46,0.12046,48.339,8,6,1,1,19
2025-01-19 09:00:00,51.976,3.013,120.46,0.12046,48.963,9,6,1,1,19
2025-01-19 10:00:00,52.082,2.755,121.74,0.12174,49.327,10,6,1,1,19
2025-01-19 11:00:00,55.15,3.613,96.77,0.09677,51.537,11,6,1,1,19
2025-01-19 12:00:00,49.827,4.511,102.18,0.10218,45.316,12,6,1,1,19
2025-01-19 13:00:00,46.198,4.342,77.96,0.07796,41.856,13,6,1,1,19
2025-01-19 14:00:00,54.339,3.831,84.76,0.08476,50.508,14,6,1,1,19
2025-01-19 15:00:00,49.863,3.282,87.35,0.08735,46.581,15,6,1,1,19
2025-01-19 16:00:00,54.491,2.689,105.14,0.10514,51.802,16,6,1,1,19
2025-01-19 17:00:00,52.151,1.081,107.12,0.10712,51.07,17,6,1,1,19
2025-01-19 18:00:00,50.504,0.521,278.99,0.27899,49.983,18,6,1,1,19
2025-01-19 19:00:00,33.932,0.0,148.65,0.14865,33.932,19,6,1,1,19
2025-01-19 20:00:00,39.059,0.0,135.83,0.13583,39.059,20,6,1,1,19
2025-01-19 21:00:00,39.462,0.0,131.48,0.13148,39.462,21,6,1,1,19
2025-01-19 22:00:00,33.038,0.0,107.13,0.10713,33.038,22,6,1,1,19
2025-01-19 23:00:00,26.744,0.0,113.07,0.11307,26.744,23,6,1,1,19
2025-01-20 00:00:00,33.548,0.0,100.47,0.10047,33.548,0,0,0,1,20
2025-01-20 01:00:00,27.397,0.0,107.38,0.10738,27.397,1,0,0,1,20
2025-01-20 02:00:00,31.169,0.0,112.37,0.11237,31.169,2,0,0,1,20
2025-01-20 03:00:00,30.021,0.0,99.4,0.0994,30.021,3,0,0,1,20
2025-01-20 04:00:00,31.108,0.0,102.84,0.10284,31.108,4,0,0,1,20
2025-01-20 05:00:00,27.437,0.0,96.92,0.09692,27.437,5,0,0,1,20
2025-01-20 06:00:00,39.541,0.0,111.01,0.11101,39.541,6,0,0,1,20
2025-01-20 07:00:00,37.994,0.614,110.75,0.11075,37.38,7,0,0,1,20
2025-01-20 08:00:00,62.839,0.949,144.95,0.14495,61.89,8,0,0,1,20
2025-01-20 09:00:00,64.947,1.925,138.85,0.13885,63.022,9,0,0,1,20
2025-01-20 10:00:00,65.476,3.393,133.23,0.13323,62.083,10,0,0,1,20
2025-01-20 11:00:00,72.613,4.181,99.26,0.09926,68.432,11,0,0,1,20
2025-01-20 12:00:00,69.954,3.911,178.87,0.17887,66.043,12,0,0,1,20
2025-01-20 13:00:00,63.336,3.031,84.48,0.08448,60.305,13,0,0,1,20
2025-01-20 14:00:00,67.527,3.608,111.93,0.11193,63.919,14,0,0,1,20
2025-01-20 15:00:00,65.112,2.109,103.73,0.10373,63.003,15,0,0,1,20
2025-01-20 16:00:00,65.504,2.481,91.87,0.09187,63.023,16,0,0,1,20
2025-01-20 17:00:00,67.007,1.77,117.68,0.11768,65.237,17,0,0,1,20
2025-01-20 18:00:00,68.396,1.069,113.6,0.1136,67.327,18,0,0,1,20
2025-01-20 19:00:00,38.701,0.0,139.98,0.13998,38.701,19,0,0,1,20
2025-01-20 20:00:00,43.191,0.0,145.32,0.14532,43.191,20,0,0,1,20
2025-01-20 21:00:00,36.132,0.0,150.54,0.15054,36.132,21,0,0,1,20
2025-01-20 22:00:00,39.807,0.0,142.72,0.14272,39.807,22,0,0,1,20
2025-01-20 23:00:00,38.416,0.0,122.39,0.12239,38.416,23,0,0,1,20
2025-01-21 00:00:00,30.817,0.0,107.57,0.10757,30.817,0,1,0,1,21
2025-01-21 01:00:00,34.689,0.0,77.48,0.07748,34.689,1,1,0,1,21
2025-01-21 02:00:00,30.396,0.0,125.53,0.12553,30.396,2,1,0,1,21
2025-01-21 03:00:00,31.961,0.0,103.62,0.10362,31.961,3,1,0,1,21
2025-01-21 04:00:00,29.921,0.0,112.04,0.11204,29.921,4,1,0,1,21
2025-01-21 05:00:00,29.557,0.0,135.45,0.13545,29.557,5,1,0,1,21
2025-01-21 06:00:00,42.132,0.0,104.11,0.10411,42.132,6,1,0,1,21
2025-01-21 07:00:00,46.003,0.909,120.35,0.12035,45.094,7,1,0,1,21
2025-01-21 08:00:00,63.686,2.123,128.42,0.12842,61.563,8,1,0,1,21
2025-01-21 09:00:00,68.541,2.535,134.68,0.13468,66.006,9,1,0,1,21
2025-01-21 10:00:00,69.884,2.616,119.76,0.11976,67.268,10,1,0,1,21
2025-01-21 11:00:00,67.584,3.092,123.91,0.12391,64.492,11,1,0,1,21
2025-01-21 12:00:00,65.495,4.552,99.26,0.09926,60.943,12,1,0,1,21
2025-01-21 13:00:00,67.863,4.066,101.89,0.10189,63.797,13,1,0,1,21
2025-01-21 14:00:00,65.423,2.955,97.58,0.09758,62.468,14,1,0,1,21
2025-01-21 15:00:00,69.404,3.774,94.45,0.09445,65.63,15,1,0,1,21
2025-01-21 16:00:00,60.55,3.041,105.57,0.10557,57.509,16,1,0,1,21
2025-01-21 17:00:00,65.337,1.684,105.18,0.10518,63.653,17,1,0,1,21
2025-01-21 18:00:00,60.04,0.993,125.39,0.12539,59.047,18,1,0,1,21
2025-01-21 19:00:00,35.001,0.0,128.42,0.12842,35.001,19,1,0,1,21
2025-01-21 20:00:00,44.149,0.0,142.6,0.1426,44.149,20,1,0,1,21
2025-01-21 21:00:00,42.649,0.0,154.47,0.15447,42.649,21,1,0,1,21
2025-01-21 22:00:00,37.482,0.0,136.99,0.13699,37.482,22,1,0,1,21
2025-01-21 23:00:00,25.295,0.0,125.21,0.12521,25.295,23,1,0,1,21
2025-01-22 00:00:00,20.615,0.0,93.75,0.09375,20.615,0,2,0,1,22
2025-01-22 01:00:00,28.362,0.0,112.96,0.11296,28.362,1,2,0,1,22
2025-01-22 02:00:00,37.847,0.0,109.21,0.10921,37.847,2,2,0,1,22
2025-01-22 03:00:00,31.493,0.0,115.5,0.1155,31.493,3,2,0,1,22
2025-01-22 04:00:00,28.311,0.0,124.78,0.12478,28.311,4,2,0,1,22
2025-01-22 05:00:00,31.59,0.0,108.7,0.1087,31.59,5,2,0,1,22
2025-01-22 06:00:00,39.629,0.0,112.83,0.11283,39.629,6,2,0,1,22
2025-01-22 07:00:00,43.672,1.022,129.25,0.12925,42.65,7,2,0,1,22
2025-01-22 08:00:00,66.725,2.141,117.34,0.11734,64.584,8,2,0,1,22
2025-01-22 09:00:00,66.131,2.376,124.56,0.12456,63.755,9,2,0,1,22
2025-01-22 10:00:00,68.937,3.361,99.72,0.09972,65.576,10,2,0,1,22
2025-01-22 11:00:00,67.509,3.74,109.0,0.109,63.769,11,2,0,1,22
2025-01-22 12:00:00,68.545,3.565,116.4,0.1164,64.98,12,2,0,1,22
2025-01-22 13:00:00,64.204,3.129,99.74,0.09974,61.075,13,2,0,1,22
2025-01-22 14:00:00,69.28,4.013,102.37,0.10237,65.267,14,2,0,1,22
2025-01-22 15:00:00,71.619,3.792,104.86,0.10486,67.827,15,2,0,1,22
2025-01-22 16:00:00,63.302,1.794,115.76,0.11576,61.508,16,2,0,1,22
2025-01-22 17:00:00,63.566,1.973,110.39,0.11039,61.593,17,2,0,1,22
2025-01-22 18:00:00,70.681,0.7,137.73,0.13773,69.981,18,2,0,1,22
2025-01-22 19:00:00,39.171,0.0,163.7,0.1637,39.171,19,2,0,1,22
2025-01-22 20:00:00,44.275,0.0,146.69,0.14669,44.275,20,2,0,1,22
2025-01-22 21:00:00,38.367,0.0,129.82,0.12982,38.367,21,2,0,1,22
2025-01-22 22:00:00,44.439,0.0,126.77,0.12677,44.439,22,2,0,1,22
2025-01-22 23:00:00,30.522,0.0,126.74,0.12674,30.522,23,2,0,1,22
2025-01-23 00:00:00,30.927,0.0,93.05,0.09305,30.927,0,3,0,1,23
2025-01-23 01:00:00,35.108,0.0,102.06,0.10206,35.108,1,3,0,1,23
2025-01-23 02:00:00,28.943,0.0,106.46,0.10646,28.943,2,3,0,1,23
2025-01-23 03:00:00,27.089,0.0,111.15,0.11115,27.089,3,3,0,1,23
2025-01-23 04:00:00,28.665,0.0,128.83,0.12883,28.665,4,3,0,1,23
2025-01-23 05:00:00,31.548,0.0,119.59,0.11959,31.548,5,3,0,1,23
2025-01-23 06:00:00,39.611,0.0,104.77,0.10477,39.611,6,3,0,1,23
2025-01-23 07:00:00,46.661,0.791,158.66,0.15866,45.87,7,3,0,1,23
2025-01-23 08:00:00,64.678,0.992,123.13,0.12313,63.686,8,3,0,1,23
2025-01-23 09:00:00,70.075,3.07,106.8,0.1068,67.005,9,3,0,1,23
2025-01-23 10:00:00,58.74,3.016,109.22,0.10922,55.724,10,3,0,1,23
2025-01-23 11:00:00,63.885,4.289,101.68,0.10168,59.596,11,3,0,1,23
2025-01-23 12:00:00,61.005,4.316,89.79,0.08979,56.689,12,3,0,1,23
2025-01-23 13:00:00,63.758,3.305,101.43,0.10143,60.453,13,3,0,1,23
2025-01-23 14:00:00,67.195,4.3,66.62,0.06662,62.895,14,3,0,1,23
2025-01-23 15:00:00,65.829,1.656,105.04,0.10504,64.173,15,3,0,1,23
2025-01-23 16:00:00,65.591,2.896,110.33,0.11033,62.695,16,3,0,1,23
2025-01-23 17:00:00,65.893,1.973,109.21,0.10921,63.92,17,3,0,1,23
2025-01-23 18:00:00,67.053,0.965,137.38,0.13738,66.088,18,3,0,1,23
2025-01-23 19:00:00,36.554,0.0,130.21,0.13021,36.554,19,3,0,1,23
2025-01-23 20:00:00,42.043,0.0,138.45,0.13845,42.043,20,3,0,1,23
2025-01-23 21:00:00,41.901,0.0,148.43,0.14843,41.901,21,3,0,1,23
2025-01-23 22:00:00,41.013,0.0,130.54,0.13054,41.013,22,3,0,1,23
2025-01-23 23:00:00,31.881,0.0,115.73,0.11573,31.881,23,3,0,1,23
2025-01-24 00:00:00,31.048,0.0,108.44,0.10844,31.048,0,4,0,1,24
2025-01-24 01:00:00,36.612,0.0,122.78,0.12278,36.612,1,4,0,1,24
2025-01-24 02:00:00,29.821,0.0,122.47,0.12247,29.821,2,4,0,1,24
2025-01-24 03:00:00,29.117,0.0,114.22,0.11422,29.117,3,4,0,1,24
2025-01-24 04:00:00,27.688,0.0,107.22,0.10722,27.688,4,4,0,1,24
2025-01-24 05:00:00,26.796,0.0,117.83,0.11783,26.796,5,4,0,1,24
2025-01-24 06:00:00,40.636,0.0,107.19,0.10719,40.636,6,4,0,1,24
2025-01-24 07:00:00,41.774,0.7,131.59,0.13159,41.074,7,4,0,1,24
2025-01-24 08:00:00,66.171,1.758,132.71,0.13271,64.413,8,4,0,1,24
2025-01-24 09:00:00,67.467,2.151,142.83,0.14283,65.316,9,4,0,1,24
2025-01-24 10:00:00,66.561,3.037,111.49,0.11149,63.524,10,4,0,1,24
2025-01-24 11:00:00,63.947,2.629,102.65,0.10265,61.318,11,4,0,1,24
2025-01-24 12:00:00,69.278,2.373,108.69,0.10869,66.905,12,4,0,1,24
2025-01-24 13:00:00,68.763,4.035,93.48,0.09348,64.728,13,4,0,1,24
2025-01-24 14:00:00,65.886,3.774,103.2,0.1032,62.112,14,4,0,1,24
2025-01-24 15:00:00,64.308,3.226,257.4,0.2574,61.082,15,4,0,1,24
2025-01-24 16:00:00,68.152,2.064,119.12,0.11912,66.088,16,4,0,1,24
2025-01-24 17:00:00,66.999,1.77,114.27,0.11427,65.229,17,4,0,1,24
2025-01-24 18:00:00,61.763,0.861,136.94,0.13694,60.902,18,4,0,1,24
2025-01-24 19:00:00,39.561,0.0,135.88,0.13588,39.561,19,4,0,1,24
2025-01-24 20:00:00,40.617,0.0,148.95,0.14895,40.617,20,4,0,1,24
2025-01-24 21:00:00,36.9,0.0,142.32,0.14232,36.9,21,4,0,1,24
2025-01-24 22:00:00,40.386,0.0,131.48,0.13148,40.386,22,4,0,1,24
2025-01-24 23:00:00,25.444,0.0,140.13,0.14013,25.444,23,4,0,1,24
2025-01-25 00:00:00,30.502,0.0,89.05,0.08905,30.502,0,5,1,1,25
2025-01-25 01:00:00,30.22,0.0,102.44,0.10244,30.22,1,5,1,1,25
2025-01-25 02:00:00,25.419,0.0,103.11,0.10311,25.419,2,5,1,1,25
2025-01-25 03:00:00,27.39,0.0,109.29,0.10929,27.39,3,5,1,1,25
2025-01-25 04:00:00,18.515,0.0,92.7,0.0927,18.515,4,5,1,1,25
2025-01-25 05:00:00,22.526,0.0,102.53,0.10253,22.526,5,5,1,1,25
2025-01-25 06:00:00,35.158,0.0,102.76,0.10276,35.158,6,5,1,1,25
2025-01-25 07:00:00,32.668,1.101,90.28,0.09028,31.567,7,5,1,1,25
2025-01-25 08:00:00,53.192,1.532,127.73,0.12773,51.66,8,5,1,1,25
2025-01-25 09:00:00,57.298,1.896,101.72,0.10172,55.402,9,5,1,1,25
2025-01-25 10:00:00,47.141,3.779,96.38,0.09638,43.362,10,5,1,1,25
2025-01-25 11:00:00,48.226,4.489,114.29,0.11429,43.737,11,5,1,1,25
2025-01-25 12:00:00,51.66,3.708,92.73,0.09273,47.952,12,5,1,1,25
2025-01-25 13:00:00,56.062,3.177,86.11,0.08611,52.885,13,5,1,1,25
2025-01-25 14:00:00,46.995,4.164,83.29,0.08329,42.831,14,5,1,1,25
2025-01-25 15:00:00,51.703,3.596,98.77,0.09877,48.107,15,5,1,1,25
2025-01-25 16:00:00,56.735,3.119,89.48,0.08948,53.616,16,5,1,1,25
2025-01-25 17:00:00,45.621,1.979,112.54,0.11254,43.642,17,5,1,1,25
2025-01-25 18:00:00,46.807,1.149,109.62,0.10962,45.658,18,5,1,1,25
2025-01-25 19:00:00,31.452,0.0,137.25,0.13725,31.452,19,5,1,1,25
2025-01-25 20:00:00,31.142,0.0,148.71,0.14871,31.142,20,5,1,1,25
2025-01-25 21:00:00,35.408,0.0,149.8,0.1498,35.408,21,5,1,1,25
2025-01-25 22:00:00,33.581,0.0,109.96,0.10996,33.581,22,5,1,1,25
2025-01-25 23:00:00,20.547,0.0,111.82,0.11182,20.547,23,5,1,1,25
2025-01-26 00:00:00,27.875,0.0,118.35,0.11835,27.875,0,6,1,1,26
2025-01-26 01:00:00,24.377,0.0,111.6,0.1116,24.377,1,6,1,1,26
2025-01-26 02:00:00,30.304,0.0,100.47,0.10047,30.304,2,6,1,1,26
2025-01-26 03:00:00,24.217,0.0,102.79,0.10279,24.217,3,6,1,1,26
2025-01-26 04:00:00,24.188,0.0,106.54,0.10654,24.188,4,6,1,1,26
2025-01-26 05:00:00,27.957,0.0,101.68,0.10168,27.957,5,6,1,1,26
2025-01-26 06:00:00,38.538,0.0,114.08,0.11408,38.538,6,6,1,1,26
2025-01-26 07:00:00,37.53,0.93,117.59,0.11759,36.6,7,6,1,1,26
2025-01-26 08:00:00,45.509,1.971,104.85,0.10485,43.538,8,6,1,1,26
2025-01-26 09:00:00,52.624,3.28,111.41,0.11141,49.344,9,6,1,1,26
2025-01-26 10:00:00,47.593,4.07,107.76,0.10776,43.523,10,6,1,1,26
2025-01-26 11:00:00,51.655,3.924,102.15,0.10215,47.731,11,6,1,1,26
2025-01-26 12:00:00,46.347,4.91,98.67,0.09867,41.437,12,6,1,1,26
2025-01-26 13:00:00,52.331,4.91,90.81,0.09081,47.421,13,6,1,1,26
2025-01-26 14:00:00,48.321,4.608,78.79,0.07879,43.713,14,6,1,1,26
2025-01-26 15:00:00,46.798,3.769,101.32,0.10132,43.029,15,6,1,1,26
2025-01-26 16:00:00,53.187,3.224,94.94,0.09494,49.963,16,6,1,1,26
2025-01-26 17:00:00,51.676,1.307,121.11,0.12111,50.369,17,6,1,1,26
2025-01-26 18:00:00,48.938,1.184,135.33,0.13533,47.754,18,6,1,1,26
2025-01-26 19:00:00,37.45,0.0,123.25,0.12325,37.45,19,6,1,1,26
2025-01-26 20:00:00,31.396,0.0,134.67,0.13467,31.396,20,6,1,1,26
2025-01-26 21:00:00,32.909,0.0,131.47,0.13147,32.909,21,6,1,1,26
2025-01-26 22:00:00,33.667,0.0,128.47,0.12847,33.667,22,6,1,1,26
2025-01-26 23:00:00,24.243,0.0,121.95,0.12195,24.243,23,6,1,1,26
2025-01-27 00:00:00,31.603,0.0,110.71,0.11071,31.603,0,0,0,1,27
2025-01-27 01:00:00,28.388,0.0,103.75,0.10375,28.388,1,0,0,1,27
2025-01-27 02:00:00,28.778,0.0,125.86,0.12586,28.778,2,0,0,1,27
2025-01-27 03:00:00,34.455,0.0,105.24,0.10524,34.455,3,0,0,1,27
2025-01-27 04:00:00,26.765,0.0,117.86,0.11786,26.765,4,0,0,1,27
2025-01-27 05:00:00,22.374,0.0,111.92,0.11192,22.374,5,0,0,1,27
2025-01-27 06:00:00,49.764,0.0,114.83,0.11483,49.764,6,0,0,1,27
2025-01-27 07:00:00,52.767,0.706,126.31,0.12631,52.061,7,0,0,1,27
2025-01-27 08:00:00,65.083,2.25,138.31,0.13831,62.833,8,0,0,1,27
2025-01-27 09:00:00,60.182,2.406,126.24,0.12624,57.776,9,0,0,1,27
2025-01-27 10:00:00,65.386,2.194,114.29,0.11429,63.192,10,0,0,1,27
2025-01-27 11:00:00,65.464,4.764,126.39,0.12639,60.7,11,0,0,1,27
2025-01-27 12:00:00,65.772,4.793,107.79,0.10779,60.979,12,0,0,1,27
2025-01-27 13:00:00,62.817,4.222,97.59,0.09759,58.595,13,0,0,1,27
2025-01-27 14:00:00,68.234,4.112,103.15,0.10315,64.122,14,0,0,1,27
2025-01-27 15:00:00,68.058,1.057,98.02,0.09802,67.001,15,0,0,1,27
2025-01-27 16:00:00,61.598,1.224,126.33,0.12633,60.374,16,0,0,1,27
2025-01-27 17:00:00,68.617,2.263,113.38,0.11338,66.354,17,0,0,1,27
2025-01-27 18:00:00,72.948,1.219,139.3,0.1393,71.729,18,0,0,1,27
2025-01-27 19:00:00,40.321,0.0,145.14,0.14514,40.321,19,0,0,1,27
2025-01-27 20:00:00,38.691,0.0,150.84,0.15084,38.691,20,0,0,1,27
2025-01-27 21:00:00,39.316,0.0,138.9,0.1389,39.316,21,0,0,1,27
2025-01-27 22:00:00,41.74,0.0,128.65,0.12865,41.74,22,0,0,1,27
2025-01-27 23:00:00,24.557,0.0,126.53,0.12653,24.557,23,0,0,1,27
2025-01-28 00:00:00,30.619,0.0,255.64,0.25564,30.619,0,1,0,1,28
2025-01-28 01:00:00,28.844,0.0,103.38,0.10338,28.844,1,1,0,1,28
2025-01-28 02:00:00,36.006,0.0,109.36,0.10936,36.006,2,1,0,1,28
2025-01-28 03:00:00,29.536,0.0,121.9,0.1219,29.536,3,1,0,1,28
2025-01-28 04:00:00,35.431,0.0,111.12,0.11112,35.431,4,1,0,1,28
2025-01-28 05:00:00,26.561,0.0,112.8,0.1128,26.561,5,1,0,1,28
2025-01-28 06:00:00,46.484,0.0,104.77,0.10477,46.484,6,1,0,1,28
2025-01-28 07:00:00,45.627,1.007,136.4,0.1364,44.62,7,1,0,1,28
2025-01-28 08:00:00,63.592,2.127,133.82,0.13382,61.465,8,1,0,1,28
2025-01-28 09:00:00,66.941,3.48,135.25,0.13525,63.461,9,1,0,1,28
2025-01-28 10:00:00,70.253,3.037,104.52,0.10452,67.216,10,1,0,1,28
2025-01-28 11:00:00,65.337,3.617,114.97,0.11497,61.72,11,1,0,1,28
2025-01-28 12:00:00,60.959,4.643,93.33,0.09333,56.316,12,1,0,1,28
2025-01-28 13:00:00,66.317,5.21,103.47,0.10347,61.107,13,1,0,1,28
2025-01-28 14:00:00,63.485,4.907,95.96,0.09596,58.578,14,1,0,1,28
2025-01-28 15:00:00,65.278,4.157,99.85,0.09985,61.121,15,1,0,1,28
2025-01-28 16:00:00,66.112,1.807,94.47,0.09447,64.305,16,1,0,1,28
2025-01-28 17:00:00,60.915,1.554,102.83,0.10283,59.361,17,1,0,1,28
2025-01-28 18:00:00,61.203,1.228,121.27,0.12127,59.975,18,1,0,1,28
2025-01-28 19:00:00,41.311,0.0,143.67,0.14367,41.311,19,1,0,1,28
2025-01-28 20:00:00,38.095,0.0,143.9,0.1439,38.095,20,1,0,1,28
2025-01-28 21:00:00,31.561,0.0,144.92,0.14492,31.561,21,1,0,1,28
2025-01-28 22:00:00,42.279,0.0,121.85,0.12185,42.279,22,1,0,1,28
2025-01-28 23:00:00,30.965,0.0,121.37,0.12137,30.965,23,1,0,1,28
2025-01-29 00:00:00,27.807,0.0,122.92,0.12292,27.807,0,2,0,1,29
2025-01-29 01:00:00,25.878,0.0,112.31,0.11231,25.878,1,2,0,1,29
2025-01-29 02:00:00,32.766,0.0,113.02,0.11302,32.766,2,2,0,1,29
2025-01-29 03:00:00,31.209,0.0,113.39,0.11339,31.209,3,2,0,1,29
2025-01-29 04:00:00,37.716,0.0,105.06,0.10506,37.716,4,2,0,1,29
2025-01-29 05:00:00,31.436,0.0,128.34,0.12834,31.436,5,2,0,1,29
2025-01-29 06:00:00,45.842,0.0,118.78,0.11878,45.842,6,2,0,1,29
2025-01-29 07:00:00,44.067,1.048,121.07,0.12107,43.019,7,2,0,1,29
2025-01-29 08:00:00,68.98,1.72,129.48,0.12948,67.26,8,2,0,1,29
2025-01-29 09:00:00,68.366,2.829,132.32,0.13232,65.537,9,2,0,1,29
2025-01-29 10:00:00,70.372,2.218,106.46,0.10646,68.154,10,2,0,1,29
2025-01-29 11:00:00,64.698,4.421,111.88,0.11188,60.277,11,2,0,1,29
2025-01-29 12:00:00,64.973,4.854,124.93,0.12493,60.119,12,2,0,1,29
2025-01-29 13:00:00,64.833,5.027,112.17,0.11217,59.806,13,2,0,1,29
2025-01-29 14:00:00,68.897,3.789,91.54,0.09154,65.108,14,2,0,1,29
2025-01-29 15:00:00,71.161,4.45,101.8,0.1018,66.711,15,2,0,1,29
2025-01-29 16:00:00,64.898,3.344,98.23,0.09823,61.554,16,2,0,1,29
2025-01-29 17:00:00,65.007,2.402,116.62,0.11662,62.605,17,2,0,1,29
2025-01-29 18:00:00,67.371,1.12,122.95,0.12295,66.251,18,2,0,1,29
2025-01-29 19:00:00,38.978,0.0,241.66,0.24166,38.978,19,2,0,1,29
2025-01-29 20:00:00,42.811,0.0,140.26,0.14026,42.811,20,2,0,1,29
2025-01-29 21:00:00,32.559,0.0,159.07,0.15907,32.559,21,2,0,1,29
2025-01-29 22:00:00,37.119,0.0,295.22,0.29522,37.119,22,2,0,1,29
2025-01-29 23:00:00,27.588,0.0,132.71,0.13271,27.588,23,2,0,1,29
2025-01-30 00:00:00,22.665,0.0,104.51,0.10451,22.665,0,3,0,1,30
2025-01-30 01:00:00,27.006,0.0,103.38,0.10338,27.006,1,3,0,1,30
2025-01-30 02:00:00,27.161,0.0,112.82,0.11282,27.161,2,3,0,1,30
2025-01-30 03:00:00,29.446,0.0,96.22,0.09622,29.446,3,3,0,1,30
2025-01-30 04:00:00,33.651,0.0,116.67,0.11667,33.651,4,3,0,1,30
2025-01-30 05:00:00,29.306,0.0,110.51,0.11051,29.306,5,3,0,1,30
2025-01-30 06:00:00,41.299,0.0,109.56,0.10956,41.299,6,3,0,1,30
2025-01-30 07:00:00,44.415,1.101,111.49,0.11149,43.314,7,3,0,1,30
2025-01-30 08:00:00,69.716,2.513,142.17,0.14217,67.203,8,3,0,1,30
2025-01-30 09:00:00,63.236,2.886,122.42,0.12242,60.35,9,3,0,1,30
2025-01-30 10:00:00,63.445,2.703,118.0,0.118,60.742,10,3,0,1,30
2025-01-30 11:00:00,68.146,5.137,119.89,0.11989,63.009,11,3,0,1,30
2025-01-30 12:00:00,65.65,5.317,94.01,0.09401,60.333,12,3,0,1,30
2025-01-30 13:00:00,68.431,5.164,106.81,0.10681,63.267,13,3,0,1,30
2025-01-30 14:00:00,66.315,3.517,92.09,0.09209,62.798,14,3,0,1,30
2025-01-30 15:00:00,68.604,4.267,80.54,0.08054,64.337,15,3,0,1,30
2025-01-30 16:00:00,63.047,3.236,96.04,0.09604,59.811,16,3,0,1,30
2025-01-30 17:00:00,66.32,2.396,101.99,0.10199,63.924,17,3,0,1,30
2025-01-30 18:00:00,65.685,0.914,128.19,0.12819,64.771,18,3,0,1,30
2025-01-30 19:00:00,35.871,0.0,132.36,0.13236,35.871,19,3,0,1,30
2025-01-30 20:00:00,34.758,0.0,136.99,0.13699,34.758,20,3,0,1,30
2025-01-30 21:00:00,41.956,0.0,145.02,0.14502,41.956,21,3,0,1,30
2025-01-30 22:00:00,38.638,0.0,132.24,0.13224,38.638,22,3,0,1,30
2025-01-30 23:00:00,26.818,0.0,133.23,0.13323,26.818,23,3,0,1,30
2025-01-31 00:00:00,29.78,0.0,120.31,0.12031,29.78,0,4,0,1,31
2025-01-31 01:00:00,33.697,0.0,109.3,0.1093,33.697,1,4,0,1,31
2025-01-31 02:00:00,22.789,0.0,113.76,0.11376,22.789,2,4,0,1,31
2025-01-31 03:00:00,25.299,0.0,94.97,0.09497,25.299,3,4,0,1,31
2025-01-31 04:00:00,27.135,0.0,116.83,0.11683,27.135,4,4,0,1,31
2025-01-31 05:00:00,34.764,0.0,115.82,0.11582,34.764,5,4,0,1,31
2025-01-31 06:00:00,45.497,0.0,124.45,0.12445,45.497,6,4,0,1,31
2025-01-31 07:00:00,47.048,0.541,115.93,0.11593,46.507,7,4,0,1,31
2025-01-31 08:00:00,62.702,2.226,119.32,0.11932,60.476,8,4,0,1,31
2025-01-31 09:00:00,62.768,2.459,119.69,0.11969,60.309,9,4,0,1,31
2025-01-31 10:00:00,67.784,4.554,132.95,0.13295,63.23,10,4,0,1,31
2025-01-31 11:00:00,66.537,4.266,113.83,0.11383,62.271,11,4,0,1,31
2025-01-31 12:00:00,68.107,5.187,87.31,0.08731,62.92,12,4,0,1,31
2025-01-31 13:00:00,65.75,5.259,101.75,0.10175,60.491,13,4,0,1,31
2025-01-31 14:00:00,67.241,4.076,87.66,0.08766,63.165,14,4,0,1,31
2025-01-31 15:00:00,66.857,2.828,105.06,0.10506,64.029,15,4,0,1,31
2025-01-31 16:00:00,68.84,2.789,106.57,0.10657,66.051,16,4,0,1,31
2025-01-31 17:00:00,68.933,1.391,125.18,0.12518,67.542,17,4,0,1,31
2025-01-31 18:00:00,61.167,1.373,137.61,0.13761,59.794,18,4,0,1,31
2025-01-31 19:00:00,32.567,0.0,149.51,0.14951,32.567,19,4,0,1,31
2025-01-31 20:00:00,42.964,0.0,157.21,0.15721,42.964,20,4,0,1,31
2025-01-31 21:00:00,43.559,0.0,150.09,0.15009,43.559,21,4,0,1,31
2025-01-31 22:00:00,36.492,0.0,124.7,0.1247,36.492,22,4,0,1,31
2025-01-31 23:00:00,24.136,0.0,109.55,0.10955,24.136,23,4,0,1,31
2025-02-01 00:00:00,26.535,0.0,93.19,0.09319,26.535,0,5,1,2,32
2025-02-01 01:00:00,29.197,0.0,108.82,0.10882,29.197,1,5,1,2,32
2025-02-01 02:00:00,31.971,0.0,79.36,0.07936,31.971,2,5,1,2,32
2025-02-01 03:00:00,27.87,0.0,101.72,0.10172,27.87,3,5,1,2,32
2025-02-01 04:00:00,25.029,0.0,100.04,0.10004,25.029,4,5,1,2,32
2025-02-01 05:00:00,23.36,0.0,116.78,0.11678,23.36,5,5,1,2,32
2025-02-01 06:00:00,36.117,0.0,106.56,0.10656,36.117,6,5,1,2,32
2025-02-01 07:00:00,35.123,1.415,108.13,0.10813,33.708,7,5,1,2,32
2025-02-01 08:00:00,47.625,2.668,128.29,0.12829,44.957,8,5,1,2,32
2025-02-01 09:00:00,57.429,3.508,114.52,0.11452,53.921,9,5,1,2,32
2025-02-01 10:00:00,56.586,4.778,108.9,0.1089,51.808,10,5,1,2,32
2025-02-01 11:00:00,54.508,3.935,98.94,0.09894,50.573,11,5,1,2,32
2025-02-01 12:00:00,47.926,5.868,97.96,0.09796,42.058,12,5,1,2,32
2025-02-01 13:00:00,53.609,4.657,84.82,0.08482,48.952,13,5,1,2,32
2025-02-01 14:00:00,52.92,5.527,81.84,0.08184,47.393,14,5,1,2,32
2025-02-01 15:00:00,52.289,3.41,101.55,0.10155,48.879,15,5,1,2,32
2025-02-01 16:00:00,54.872,3.515,94.5,0.0945,51.357,16,5,1,2,32
2025-02-01 17:00:00,52.906,2.747,101.13,0.10113,50.159,17,5,1,2,32
2025-02-01 18:00:00,53.241,1.12,110.1,0.1101,52.121,18,5,1,2,32
2025-02-01 19:00:00,34.831,0.0,134.96,0.13496,34.831,19,5,1,2,32
2025-02-01 20:00:00,33.883,0.0,133.1,0.1331,33.883,20,5,1,2,32
2025-02-01 21:00:00,27.085,0.0,131.09,0.13109,27.085,21,5,1,2,32
2025-02-01 22:00:00,33.06,0.0,115.95,0.11595,33.06,22,5,1,2,32
2025-02-01 23:00:00,24.438,0.0,115.78,0.11578,24.438,23,5,1,2,32
2025-02-02 00:00:00,22.121,0.0,88.28,0.08828,22.121,0,6,1,2,33
2025-02-02 01:00:00,31.599,0.0,105.45,0.10545,31.599,1,6,1,2,33
2025-02-02 02:00:00,31.75,0.0,95.95,0.09595,31.75,2,6,1,2,33
2025-02-02 03:00:00,30.566,0.0,108.87,0.10887,30.566,3,6,1,2,33
2025-02-02 04:00:00,27.033,0.0,107.37,0.10737,27.033,4,6,1,2,33
2025-02-02 05:00:00,30.539,0.0,105.4,0.1054,30.539,5,6,1,2,33
2025-02-02 06:00:00,36.116,0.0,116.02,0.11602,36.116,6,6,1,2,33
2025-02-02 07:00:00,36.726,0.821,127.21,0.12721,35.905,7,6,1,2,33
2025-02-02 08:00:00,47.368,2.829,127.64,0.12764,44.539,8,6,1,2,33
2025-02-02 09:00:00,52.138,2.988,102.15,0.10215,49.15,9,6,1,2,33
2025-02-02 10:00:00,51.06,4.398,105.2,0.1052,46.662,10,6,1,2,33
2025-02-02 11:00:00,46.699,3.463,98.83,0.09883,43.236,11,6,1,2,33
2025-02-02 12:00:00,50.703,5.696,101.31,0.10131,45.007,12,6,1,2,33
2025-02-02 13:00:00,50.612,3.647,82.73,0.08273,46.965,13,6,1,2,33
2025-02-02 14:00:00,56.619,5.115,79.33,0.07933,51.504,14,6,1,2,33
2025-02-02 15:00:00,53.729,4.456,79.53,0.07953,49.273,15,6,1,2,33
2025-02-02 16:00:00,50.904,4.037,96.83,0.09683,46.867,16,6,1,2,33
2025-02-02 17:00:00,51.663,1.613,111.78,0.11178,50.05,17,6,1,2,33
2025-02-02 18:00:00,51.009,0.85,107.76,0.10776,50.159,18,6,1,2,33
2025-02-02 19:00:00,32.141,0.0,127.65,0.12765,32.141,19,6,1,2,33
2025-02-02 20:00:00,29.327,0.0,119.57,0.11957,29.327,20,6,1,2,33
2025-02-02 21:00:00,32.307,0.0,110.67,0.11067,32.307,21,6,1,2,33
2025-02-02 22:00:00,30.403,0.0,129.14,0.12914,30.403,22,6,1,2,33
2025-02-02 23:00:00,22.216,0.0,116.79,0.11679,22.216,23,6,1,2,33
2025-02-03 00:00:00,31.717,0.0,109.85,0.10985,31.717,0,0,0,2,34
2025-02-03 01:00:00,31.333,0.0,124.02,0.12402,31.333,1,0,0,2,34
2025-02-03 02:00:00,24.364,0.0,91.47,0.09147,24.364,2,0,0,2,34
2025-02-03 03:00:00,29.689,0.0,87.71,0.08771,29.689,3,0,0,2,34
2025-02-03 04:00:00,33.268,0.0,98.1,0.0981,33.268,4,0,0,2,34
2025-02-03 05:00:00,33.471,0.0,89.98,0.08998,33.471,5,0,0,2,34
2025-02-03 06:00:00,47.862,0.0,108.24,0.10824,47.862,6,0,0,2,34
2025-02-03 07:00:00,44.703,1.162,124.28,0.12428,43.541,7,0,0,2,34
2025-02-03 08:00:00,63.621,1.19,124.73,0.12473,62.431,8,0,0,2,34
2025-02-03 09:00:00,62.857,2.176,132.35,0.13235,60.681,9,0,0,2,34
2025-02-03 10:00:00,67.428,3.14,121.77,0.12177,64.288,10,0,0,2,34
2025-02-03 11:00:00,67.539,4.62,106.43,0.10643,62.919,11,0,0,2,34
2025-02-03 12:00:00,70.445,5.329,96.47,0.09647,65.116,12,0,0,2,34
2025-02-03 13:00:00,69.845,6.225,99.14,0.09914,63.62,13,0,0,2,34
2025-02-03 14:00:00,65.902,5.864,76.45,0.07645,60.038,14,0,0,2,34
2025-02-03 15:00:00,62.344,3.747,61.9,0.0619,58.597,15,0,0,2,34
2025-02-03 16:00:00,65.304,2.988,104.55,0.10455,62.316,16,0,0,2,34
2025-02-03 17:00:00,67.02,2.769,114.59,0.11459,64.251,17,0,0,2,34
2025-02-03 18:00:00,65.679,1.442,142.38,0.14238,64.237,18,0,0,2,34
2025-02-03 19:00:00,37.897,0.0,146.57,0.14657,37.897,19,0,0,2,34
2025-02-03 20:00:00,40.556,0.0,148.43,0.14843,40.556,20,0,0,2,34
2025-02-03 21:00:00,38.134,0.0,138.28,0.13828,38.134,21,0,0,2,34
2025-02-03 22:00:00,37.737,0.0,122.99,0.12299,37.737,22,0,0,2,34
2025-02-03 23:00:00,31.078,0.0,117.64,0.11764,31.078,23,0,0,2,34
2025-02-04 00:00:00,28.793,0.0,117.48,0.11748,28.793,0,1,0,2,35
2025-02-04 01:00:00,30.86,0.0,112.59,0.11259,30.86,1,1,0,2,35
2025-02-04 02:00:00,30.953,0.0,117.37,0.11737,30.953,2,1,0,2,35
2025-02-04 03:00:00,26.433,0.0,109.38,0.10938,26.433,3,1,0,2,35
2025-02-04 04:00:00,28.539,0.0,100.14,0.10014,28.539,4,1,0,2,35
2025-02-04 05:00:00,34.68,0.0,122.58,0.12258,34.68,5,1,0,2,35
2025-02-04 06:00:00,40.855,0.0,124.87,0.12487,40.855,6,1,0,2,35
2025-02-04 07:00:00,37.8,1.31,120.11,0.12011,36.49,7,1,0,2,35
2025-02-04 08:00:00,60.358,1.695,127.13,0.12713,58.663,8,1,0,2,35
2025-02-04 09:00:00,66.409,3.604,126.88,0.12688,62.805,9,1,0,2,35
2025-02-04 10:00:00,66.415,4.53,113.19,0.11319,61.885,10,1,0,2,35
2025-02-04 11:00:00,65.939,4.191,107.67,0.10767,61.748,11,1,0,2,35
2025-02-04 12:00:00,70.201,6.305,92.44,0.09244,63.896,12,1,0,2,35
2025-02-04 13:00:00,57.763,6.412,91.93,0.09193,51.351,13,1,0,2,35
2025-02-04 14:00:00,67.583,5.063,101.87,0.10187,62.52,14,1,0,2,35
2025-02-04 15:00:00,71.312,5.315,101.89,0.10189,65.997,15,1,0,2,35
2025-02-04 16:00:00,62.707,3.066,106.04,0.10604,59.641,16,1,0,2,35
2025-02-04 17:00:00,65.1,3.001,121.64,0.12164,62.099,17,1,0,2,35
2025-02-04 18:00:00,63.907,1.402,122.84,0.12284,62.505,18,1,0,2,35
2025-02-04 19:00:00,36.88,0.0,127.68,0.12768,36.88,19,1,0,2,35
2025-02-04 20:00:00,38.698,0.0,143.57,0.14357,38.698,20,1,0,2,35
2025-02-04 21:00:00,44.31,0.0,140.43,0.14043,44.31,21,1,0,2,35
2025-02-04 22:00:00,45.622,0.0,137.66,0.13766,45.622,22,1,0,2,35
2025-02-04 23:00:00,29.004,0.0,125.36,0.12536,29.004,23,1,0,2,35
2025-02-05 00:00:00,36.173,0.0,117.83,0.11783,36.173,0,2,0,2,36
2025-02-05 01:00:00,30.19,0.0,87.6,0.0876,30.19,1,2,0,2,36
2025-02-05 02:00:00,35.688,0.0,99.84,0.09984,35.688,2,2,0,2,36
2025-02-05 03:00:00,29.778,0.0,107.2,0.1072,29.778,3,2,0,2,36
2025-02-05 04:00:00,30.496,0.0,113.72,0.11372,30.496,4,2,0,2,36
2025-02-05 05:00:00,31.246,0.0,131.72,0.13172,31.246,5,2,0,2,36
2025-02-05 06:00:00,54.741,0.0,104.2,0.1042,54.741,6,2,0,2,36
2025-02-05 07:00:00,47.292,1.172,110.95,0.11095,46.12,7,2,0,2,36
2025-02-05 08:00:00,64.043,1.791,117.13,0.11713,62.252,8,2,0,2,36
2025-02-05 09:00:00,69.407,3.677,114.21,0.11421,65.73,9,2,0,2,36
2025-02-05 10:00:00,65.148,5.474,108.78,0.10878,59.674,10,2,0,2,36
2025-02-05 11:00:00,64.739,5.432,110.53,0.11053,59.307,11,2,0,2,36
2025-02-05 12:00:00,69.214,5.811,111.17,0.11117,63.403,12,2,0,2,36
2025-02-05 13:00:00,66.406,5.694,95.56,0.09556,60.712,13,2,0,2,36
2025-02-05 14:00:00,67.197,5.072,82.76,0.08276,62.125,14,2,0,2,36
2025-02-05 15:00:00,66.351,5.474,91.32,0.09132,60.877,15,2,0,2,36
2025-02-05 16:00:00,67.383,4.411,89.86,0.08986,62.972,16,2,0,2,36
2025-02-05 17:00:00,67.666,2.115,121.67,0.12167,65.551,17,2,0,2,36
2025-02-05 18:00:00,60.108,1.511,141.0,0.141,58.597,18,2,0,2,36
2025-02-05 19:00:00,41.871,0.0,123.25,0.12325,41.871,19,2,0,2,36
2025-02-05 20:00:00,36.595,0.0,147.22,0.14722,36.595,20,2,0,2,36
2025-02-05 21:00:00,35.122,0.0,133.22,0.13322,35.122,21,2,0,2,36
2025-02-05 22:00:00,39.551,0.0,131.33,0.13133,39.551,22,2,0,2,36
2025-02-05 23:00:00,30.345,0.0,119.19,0.11919,30.345,23,2,0,2,36
2025-02-06 00:00:00,27.855,0.0,94.1,0.0941,27.855,0,3,0,2,37
2025-02-06 01:00:00,32.733,0.0,119.62,0.11962,32.733,1,3,0,2,37
2025-02-06 02:00:00,25.779,0.0,106.09,0.10609,25.779,2,3,0,2,37
2025-02-06 03:00:00,28.772,0.0,103.2,0.1032,28.772,3,3,0,2,37
2025-02-06 04:00:00,28.202,0.0,109.88,0.10988,28.202,4,3,0,2,37
2025-02-06 05:00:00,29.925,0.0,101.85,0.10185,29.925,5,3,0,2,37
2025-02-06 06:00:00,45.455,0.0,111.92,0.11192,45.455,6,3,0,2,37
2025-02-06 07:00:00,41.337,1.083,99.46,0.09946,40.254,7,3,0,2,37
2025-02-06 08:00:00,68.614,1.584,97.58,0.09758,67.03,8,3,0,2,37
2025-02-06 09:00:00,66.497,4.532,111.75,0.11175,61.965,9,3,0,2,37
2025-02-06 10:00:00,60.242,3.679,112.13,0.11213,56.563,10,3,0,2,37
2025-02-06 11:00:00,60.028,4.852,92.28,0.09228,55.176,11,3,0,2,37
2025-02-06 12:00:00,66.256,5.309,96.14,0.09614,60.947,12,3,0,2,37
2025-02-06 13:00:00,65.589,5.093,88.82,0.08882,60.496,13,3,0,2,37
2025-02-06 14:00:00,65.965,4.469,90.53,0.09053,61.496,14,3,0,2,37
2025-02-06 15:00:00,66.206,4.275,99.21,0.09921,61.931,15,3,0,2,37
2025-02-06 16:00:00,67.018,4.449,117.15,0.11715,62.569,16,3,0,2,37
2025-02-06 17:00:00,69.328,2.933,115.91,0.11591,66.395,17,3,0,2,37
2025-02-06 18:00:00,62.74,1.49,116.23,0.11623,61.25,18,3,0,2,37
2025-02-06 19:00:00,35.983,0.0,145.65,0.14565,35.983,19,3,0,2,37
2025-02-06 20:00:00,36.235,0.0,158.72,0.15872,36.235,20,3,0,2,37
2025-02-06 21:00:00,40.658,0.0,129.59,0.12959,40.658,21,3,0,2,37
2025-02-06 22:00:00,43.717,0.0,119.84,0.11984,43.717,22,3,0,2,37
2025-02-06 23:00:00,28.694,0.0,105.62,0.10562,28.694,23,3,0,2,37
2025-02-07 00:00:00,22.066,0.0,101.65,0.10165,22.066,0,4,0,2,38
2025-02-07 01:00:00,24.619,0.0,111.04,0.11104,24.619,1,4,0,2,38
2025-02-07 02:00:00,27.406,0.0,122.22,0.12222,27.406,2,4,0,2,38
2025-02-07 03:00:00,28.287,0.0,116.59,0.11659,28.287,3,4,0,2,38
2025-02-07 04:00:00,28.764,0.0,112.35,0.11235,28.764,4,4,0,2,38
2025-02-07 05:00:00,30.195,0.0,110.79,0.11079,30.195,5,4,0,2,38
2025-02-07 06:00:00,43.559,0.0,117.45,0.11745,43.559,6,4,0,2,38
2025-02-07 07:00:00,47.915,1.165,122.12,0.12212,46.75,7,4,0,2,38
2025-02-07 08:00:00,64.122,3.277,133.96,0.13396,60.845,8,4,0,2,38
2025-02-07 09:00:00,63.526,2.172,121.02,0.12102,61.354,9,4,0,2,38
2025-02-07 10:00:00,67.818,5.803,119.85,0.11985,62.015,10,4,0,2,38
2025-02-07 11:00:00,61.371,4.888,105.55,0.10555,56.483,11,4,0,2,38
2025-02-07 12:00:00,67.532,5.457,102.03,0.10203,62.075,12,4,0,2,38
2025-02-07 13:00:00,66.614,5.219,91.37,0.09137,61.395,13,4,0,2,38
2025-02-07 14:00:00,65.814,5.261,79.02,0.07902,60.553,14,4,0,2,38
2025-02-07 15:00:00,71.368,3.816,101.57,0.10157,67.552,15,4,0,2,38
2025-02-07 16:00:00,64.294,3.927,114.69,0.11469,60.367,16,4,0,2,38
2025-02-07 17:00:00,72.878,2.617,111.03,0.11103,70.261,17,4,0,2,38
2025-02-07 18:00:00,65.564,1.537,129.17,0.12917,64.027,18,4,0,2,38
2025-02-07 19:00:00,35.642,0.0,147.38,0.14738,35.642,19,4,0,2,38
2025-02-07 20:00:00,39.952,0.0,143.06,0.14306,39.952,20,4,0,2,38
2025-02-07 21:00:00,36.284,0.0,142.46,0.14246,36.284,21,4,0,2,38
2025-02-07 22:00:00,37.323,0.0,128.1,0.1281,37.323,22,4,0,2,38
2025-02-07 23:00:00,31.342,0.0,114.11,0.11411,31.342,23,4,0,2,38
2025-02-08 00:00:00,27.985,0.0,105.28,0.10528,27.985,0,5,1,2,39
2025-02-08 01:00:00,24.216,0.0,105.2,0.1052,24.216,1,5,1,2,39
2025-02-08 02:00:00,29.366,0.0,109.38,0.10938,29.366,2,5,1,2,39
2025-02-08 03:00:00,29.911,0.0,100.41,0.10041,29.911,3,5,1,2,39
2025-02-08 04:00:00,30.803,0.0,89.26,0.08926,30.803,4,5,1,2,39
2025-02-08 05:00:00,27.901,0.0,114.18,0.11418,27.901,5,5,1,2,39
2025-02-08 06:00:00,40.418,0.0,98.96,0.09896,40.418,6,5,1,2,39
2025-02-08 07:00:00,30.036,1.731,102.87,0.10287,28.305,7,5,1,2,39
2025-02-08 08:00:00,49.809,3.374,108.38,0.10838,46.435,8,5,1,2,39
2025-02-08 09:00:00,48.052,2.376,96.57,0.09657,45.676,9,5,1,2,39
2025-02-08 10:00:00,51.208,4.555,107.82,0.10782,46.653,10,5,1,2,39
2025-02-08 11:00:00,48.998,4.271,108.59,0.10859,44.727,11,5,1,2,39
2025-02-08 12:00:00,50.295,6.025,89.33,0.08933,44.27,12,5,1,2,39
2025-02-08 13:00:00,56.85,7.206,100.08,0.10008,49.644,13,5,1,2,39
2025-02-08 14:00:00,50.283,6.773,96.45,0.09645,43.51,14,5,1,2,39
2025-02-08 15:00:00,52.151,1.878,94.5,0.0945,50.273,15,5,1,2,39
2025-02-08 16:00:00,50.083,4.814,73.23,0.07323,45.269,16,5,1,2,39
2025-02-08 17:00:00,51.069,2.362,118.51,0.11851,48.707,17,5,1,2,39
2025-02-08 18:00:00,50.846,1.593,116.25,0.11625,49.253,18,5,1,2,39
2025-02-08 19:00:00,34.207,0.0,148.32,0.14832,34.207,19,5,1,2,39
2025-02-08 20:00:00,36.501,0.0,131.22,0.13122,36.501,20,5,1,2,39
2025-02-08 21:00:00,38.044,0.0,131.94,0.13194,38.044,21,5,1,2,39
2025-02-08 22:00:00,33.763,0.0,123.93,0.12393,33.763,22,5,1,2,39
2025-02-08 23:00:00,28.093,0.0,103.05,0.10305,28.093,23,5,1,2,39
2025-02-09 00:00:00,22.522,0.0,83.62,0.08362,22.522,0,6,1,2,40
2025-02-09 01:00:00,25.924,0.0,75.86,0.07586,25.924,1,6,1,2,40
2025-02-09 02:00:00,29.214,0.0,129.45,0.12945,29.214,2,6,1,2,40
2025-02-09 03:00:00,28.976,0.0,83.52,0.08352,28.976,3,6,1,2,40
2025-02-09 04:00:00,26.882,0.0,84.47,0.08447,26.882,4,6,1,2,40
2025-02-09 05:00:00,29.041,0.0,108.59,0.10859,29.041,5,6,1,2,40
2025-02-09 06:00:00,37.621,0.0,91.82,0.09182,37.621,6,6,1,2,40
2025-02-09 07:00:00,39.891,1.589,94.05,0.09405,38.302,7,6,1,2,40
2025-02-09 08:00:00,51.745,2.348,84.71,0.08471,49.397,8,6,1,2,40
2025-02-09 09:00:00,49.681,4.172,116.69,0.11669,45.509,9,6,1,2,40
2025-02-09 10:00:00,51.894,5.147,99.06,0.09906,46.747,10,6,1,2,40
2025-02-09 11:00:00,41.441,4.703,108.6,0.1086,36.738,11,6,1,2,40
2025-02-09 12:00:00,52.044,3.045,175.92,0.17592,48.999,12,6,1,2,40
2025-02-09 13:00:00,39.144,5.956,87.32,0.08732,33.188,13,6,1,2,40
2025-02-09 14:00:00,45.304,2.829,78.91,0.07891,42.475,14,6,1,2,40
2025-02-09 15:00:00,52.265,5.556,82.61,0.08261,46.709,15,6,1,2,40
2025-02-09 16:00:00,52.347,2.927,83.39,0.08339,49.42,16,6,1,2,40
2025-02-09 17:00:00,47.099,3.055,95.93,0.09593,44.044,17,6,1,2,40
2025-02-09 18:00:00,48.54,1.568,107.43,0.10743,46.972,18,6,1,2,40
2025-02-09 19:00:00,37.154,0.0,146.44,0.14644,37.154,19,6,1,2,40
2025-02-09 20:00:00,31.22,0.0,133.07,0.13307,31.22,20,6,1,2,40
2025-02-09 21:00:00,39.946,0.0,110.45,0.11045,39.946,21,6,1,2,40
2025-02-09 22:00:00,32.762,0.0,125.38,0.12538,32.762,22,6,1,2,40
2025-02-09 23:00:00,27.51,0.0,104.1,0.1041,27.51,23,6,1,2,40
2025-02-10 00:00:00,35.237,0.0,106.13,0.10613,35.237,0,0,0,2,41
2025-02-10 01:00:00,30.482,0.0,103.9,0.1039,30.482,1,0,0,2,41
2025-02-10 02:00:00,26.855,0.0,121.57,0.12157,26.855,2,0,0,2,41
2025-02-10 03:00:00,29.712,0.0,103.12,0.10312,29.712,3,0,0,2,41
2025-02-10 04:00:00,29.949,0.0,115.94,0.11594,29.949,4,0,0,2,41
2025-02-10 05:00:00,25.696,0.0,116.72,0.11672,25.696,5,0,0,2,41
2025-02-10 06:00:00,43.72,0.0,99.15,0.09915,43.72,6,0,0,2,41
2025-02-10 07:00:00,42.163,1.696,118.78,0.11878,40.467,7,0,0,2,41
2025-02-10 08:00:00,69.209,2.055,112.63,0.11263,67.154,8,0,0,2,41
2025-02-10 09:00:00,66.362,5.1,108.43,0.10843,61.262,9,0,0,2,41
2025-02-10 10:00:00,65.346,4.379,104.46,0.10446,60.967,10,0,0,2,41
2025-02-10 11:00:00,65.912,5.888,117.13,0.11713,60.024,11,0,0,2,41
2025-02-10 12:00:00,66.965,7.343,198.88,0.19888,59.622,12,0,0,2,41
2025-02-10 13:00:00,68.225,6.556,85.16,0.08516,61.669,13,0,0,2,41
2025-02-10 14:00:00,63.052,5.836,92.36,0.09236,57.216,14,0,0,2,41
2025-02-10 15:00:00,62.918,3.6,95.23,0.09523,59.318,15,0,0,2,41
2025-02-10 16:00:00,69.786,4.899,93.79,0.09379,64.887,16,0,0,2,41
2025-02-10 17:00:00,64.932,2.751,124.76,0.12476,62.181,17,0,0,2,41
2025-02-10 18:00:00,61.718,1.411,147.1,0.1471,60.307,18,0,0,2,41
2025-02-10 19:00:00,41.133,0.0,132.07,0.13207,41.133,19,0,0,2,41
2025-02-10 20:00:00,41.196,0.0,161.12,0.16112,41.196,20,0,0,2,41
2025-02-10 21:00:00,34.815,0.0,134.38,0.13438,34.815,21,0,0,2,41
2025-02-10 22:00:00,40.447,0.0,119.85,0.11985,40.447,22,0,0,2,41
2025-02-10 23:00:00,32.417,0.0,117.5,0.1175,32.417,23,0,0,2,41
2025-02-11 00:00:00,31.258,0.0,115.01,0.11501,31.258,0,1,0,2,42
2025-02-11 01:00:00,32.082,0.0,105.3,0.1053,32.082,1,1,0,2,42
2025-02-11 02:00:00,25.566,0.0,113.8,0.1138,25.566,2,1,0,2,42
2025-02-11 03:00:00,31.119,0.0,108.97,0.10897,31.119,3,1,0,2,42
2025-02-11 04:00:00,29.091,0.0,121.05,0.12105,29.091,4,1,0,2,42
2025-02-11 05:00:00,28.515,0.0,114.67,0.11467,28.515,5,1,0,2,42
2025-02-11 06:00:00,47.317,0.0,127.87,0.12787,47.317,6,1,0,2,42
2025-02-11 07:00:00,49.265,1.612,108.07,0.10807,47.653,7,1,0,2,42
2025-02-11 08:00:00,71.981,1.951,117.92,0.11792,70.03,8,1,0,2,42
2025-02-11 09:00:00,70.447,1.469,120.25,0.12025,68.978,9,1,0,2,42
2025-02-11 10:00:00,65.888,3.342,107.72,0.10772,62.546,10,1,0,2,42
2025-02-11 11:00:00,67.368,6.442,98.59,0.09859,60.926,11,1,0,2,42
2025-02-11 12:00:00,68.693,4.99,103.74,0.10374,63.703,12,1,0,2,42
2025-02-11 13:00:00,66.627,7.856,99.61,0.09961,58.771,13,1,0,2,42
2025-02-11 14:00:00,66.658,7.195,91.07,0.09107,59.463,14,1,0,2,42
2025-02-11 15:00:00,68.875,5.681,102.46,0.10246,63.194,15,1,0,2,42
2025-02-11 16:00:00,66.05,4.196,87.81,0.08781,61.854,16,1,0,2,42
2025-02-11 17:00:00,63.906,1.686,106.52,0.10652,62.22,17,1,0,2,42
2025-02-11 18:00:00,64.913,1.616,113.08,0.11308,63.297,18,1,0,2,42
2025-02-11 19:00:00,41.736,0.0,139.19,0.13919,41.736,19,1,0,2,42
2025-02-11 20:00:00,39.717,0.0,148.4,0.1484,39.717,20,1,0,2,42
2025-02-11 21:00:00,40.796,0.0,153.01,0.15301,40.796,21,1,0,2,42
2025-02-11 22:00:00,41.852,0.0,117.52,0.11752,41.852,22,1,0,2,42
2025-02-11 23:00:00,28.86,0.0,122.36,0.12236,28.86,23,1,0,2,42
2025-02-12 00:00:00,32.477,0.0,120.42,0.12042,32.477,0,2,0,2,43
2025-02-12 01:00:00,31.269,0.0,96.06,0.09606,31.269,1,2,0,2,43
2025-02-12 02:00:00,26.105,0.0,93.79,0.09379,26.105,2,2,0,2,43
2025-02-12 03:00:00,34.672,0.0,91.7,0.0917,34.672,3,2,0,2,43
2025-02-12 04:00:00,28.454,0.0,113.51,0.11351,28.454,4,2,0,2,43
2025-02-12 05:00:00,24.76,0.0,101.85,0.10185,24.76,5,2,0,2,43
2025-02-12 06:00:00,41.181,0.0,117.08,0.11708,41.181,6,2,0,2,43
2025-02-12 07:00:00,41.257,1.336,114.22,0.11422,39.921,7,2,0,2,43
2025-02-12 08:00:00,66.394,3.529,137.7,0.1377,62.865,8,2,0,2,43
2025-02-12 09:00:00,65.351,2.469,127.88,0.12788,62.882,9,2,0,2,43
2025-02-12 10:00:00,65.149,6.701,107.96,0.10796,58.448,10,2,0,2,43
2025-02-12 11:00:00,68.21,7.613,105.38,0.10538,60.597,11,2,0,2,43
2025-02-12 12:00:00,67.315,7.037,107.54,0.10754,60.278,12,2,0,2,43
2025-02-12 13:00:00,67.238,7.028,82.01,0.08201,60.21,13,2,0,2,43
2025-02-12 14:00:00,67.538,4.89,101.51,0.10151,62.648,14,2,0,2,43
2025-02-12 15:00:00,68.199,5.941,89.11,0.08911,62.258,15,2,0,2,43
2025-02-12 16:00:00,59.482,4.864,106.67,0.10667,54.618,16,2,0,2,43
2025-02-12 17:00:00,65.061,2.914,108.21,0.10821,62.147,17,2,0,2,43
2025-02-12 18:00:00,59.25,1.896,119.38,0.11938,57.354,18,2,0,2,43
2025-02-12 19:00:00,39.818,0.0,130.66,0.13066,39.818,19,2,0,2,43
2025-02-12 20:00:00,39.687,0.0,160.59,0.16059,39.687,20,2,0,2,43
2025-02-12 21:00:00,43.048,0.0,136.38,0.13638,43.048,21,2,0,2,43
2025-02-12 22:00:00,43.503,0.0,159.84,0.15984,43.503,22,2,0,2,43
2025-02-12 23:00:00,30.706,0.0,119.89,0.11989,30.706,23,2,0,2,43
2025-02-13 00:00:00,28.452,0.0,97.28,0.09728,28.452,0,3,0,2,44
2025-02-13 01:00:00,31.606,0.0,89.95,0.08995,31.606,1,3,0,2,44
2025-02-13 02:00:00,28.364,0.0,118.21,0.11821,28.364,2,3,0,2,44
2025-02-13 03:00:00,30.049,0.0,104.24,0.10424,30.049,3,3,0,2,44
2025-02-13 04:00:00,33.209,0.0,115.22,0.11522,33.209,4,3,0,2,44
2025-02-13 05:00:00,28.269,0.0,132.06,0.13206,28.269,5,3,0,2,44
2025-02-13 06:00:00,47.096,0.0,118.72,0.11872,47.096,6,3,0,2,44
2025-02-13 07:00:00,46.685,1.872,119.49,0.11949,44.813,7,3,0,2,44
2025-02-13 08:00:00,63.159,3.099,131.69,0.13169,60.06,8,3,0,2,44
2025-02-13 09:00:00,69.331,4.524,127.77,0.12777,64.807,9,3,0,2,44
2025-02-13 10:00:00,68.45,6.442,103.1,0.1031,62.008,10,3,0,2,44
2025-02-13 11:00:00,66.54,7.831,121.46,0.12146,58.709,11,3,0,2,44
2025-02-13 12:00:00,63.775,8.314,98.93,0.09893,55.461,12,3,0,2,44
2025-02-13 13:00:00,63.465,8.314,107.84,0.10784,55.151,13,3,0,2,44
2025-02-13 14:00:00,64.494,5.807,94.49,0.09449,58.687,14,3,0,2,44
2025-02-13 15:00:00,67.95,5.827,103.26,0.10326,62.123,15,3,0,2,44
2025-02-13 16:00:00,63.156,2.986,96.06,0.09606,60.17,16,3,0,2,44
2025-02-13 17:00:00,67.614,2.832,94.73,0.09473,64.782,17,3,0,2,44
2025-02-13 18:00:00,62.241,1.781,129.99,0.12999,60.46,18,3,0,2,44
2025-02-13 19:00:00,39.043,0.0,147.03,0.14703,39.043,19,3,0,2,44
2025-02-13 20:00:00,40.047,0.0,137.43,0.13743,40.047,20,3,0,2,44
2025-02-13 21:00:00,47.521,0.0,137.03,0.13703,47.521,21,3,0,2,44
2025-02-13 22:00:00,35.289,0.0,106.62,0.10662,35.289,22,3,0,2,44
2025-02-13 23:00:00,34.764,0.0,116.55,0.11655,34.764,23,3,0,2,44
2025-02-14 00:00:00,30.53,0.0,93.01,0.09301,30.53,0,4,0,2,45
2025-02-14 01:00:00,31.366,0.0,110.7,0.1107,31.366,1,4,0,2,45
2025-02-14 02:00:00,30.429,0.0,108.96,0.10896,30.429,2,4,0,2,45
2025-02-14 03:00:00,31.473,0.0,106.05,0.10605,31.473,3,4,0,2,45
2025-02-14 04:00:00,29.558,0.0,119.94,0.11994,29.558,4,4,0,2,45
2025-02-14 05:00:00,34.703,0.0,110.97,0.11097,34.703,5,4,0,2,45
2025-02-14 06:00:00,43.05,0.0,113.69,0.11369,43.05,6,4,0,2,45
2025-02-14 07:00:00,48.134,1.603,119.05,0.11905,46.531,7,4,0,2,45
2025-02-14 08:00:00,64.139,4.003,113.32,0.11332,60.136,8,4,0,2,45
2025-02-14 09:00:00,66.008,3.764,129.37,0.12937,62.244,9,4,0,2,45
2025-02-14 10:00:00,62.771,6.796,106.29,0.10629,55.975,10,4,0,2,45
2025-02-14 11:00:00,67.657,6.106,112.08,0.11208,61.551,11,4,0,2,45
2025-02-14 12:00:00,70.825,8.551,111.3,0.1113,62.274,12,4,0,2,45
2025-02-14 13:00:00,65.953,5.352,81.89,0.08189,60.601,13,4,0,2,45
2025-02-14 14:00:00,65.571,6.789,75.72,0.07572,58.782,14,4,0,2,45
2025-02-14 15:00:00,62.634,4.574,80.62,0.08062,58.06,15,4,0,2,45
2025-02-14 16:00:00,65.467,5.712,116.2,0.1162,59.755,16,4,0,2,45
2025-02-14 17:00:00,61.104,1.844,103.53,0.10353,59.26,17,4,0,2,45
2025-02-14 18:00:00,63.28,2.062,112.07,0.11207,61.218,18,4,0,2,45
2025-02-14 19:00:00,40.416,0.0,140.65,0.14065,40.416,19,4,0,2,45
2025-02-14 20:00:00,43.911,0.0,115.48,0.11548,43.911,20,4,0,2,45
2025-02-14 21:00:00,48.68,0.0,129.24,0.12924,48.68,21,4,0,2,45
2025-02-14 22:00:00,37.813,0.0,142.63,0.14263,37.813,22,4,0,2,45
2025-02-14 23:00:00,34.643,0.0,108.28,0.10828,34.643,23,4,0,2,45
2025-02-15 00:00:00,26.972,0.0,95.62,0.09562,26.972,0,5,1,2,46
2025-02-15 01:00:00,25.708,0.0,101.19,0.10119,25.708,1,5,1,2,46
2025-02-15 02:00:00,27.576,0.0,101.27,0.10127,27.576,2,5,1,2,46
2025-02-15 03:00:00,26.39,0.0,93.29,0.09329,26.39,3,5,1,2,46
2025-02-15 04:00:00,26.545,0.0,104.9,0.1049,26.545,4,5,1,2,46
2025-02-15 05:00:00,24.885,0.0,115.74,0.11574,24.885,5,5,1,2,46
2025-02-15 06:00:00,31.548,0.0,93.85,0.09385,31.548,6,5,1,2,46
2025-02-15 07:00:00,31.083,1.86,103.71,0.10371,29.223,7,5,1,2,46
2025-02-15 08:00:00,52.858,3.611,110.81,0.11081,49.247,8,5,1,2,46
2025-02-15 09:00:00,49.882,4.976,119.17,0.11917,44.906,9,5,1,2,46
2025-02-15 10:00:00,48.86,3.422,108.5,0.1085,45.438,10,5,1,2,46
2025-02-15 11:00:00,50.795,5.936,99.3,0.0993,44.859,11,5,1,2,46
2025-02-15 12:00:00,53.311,5.478,76.34,0.07634,47.833,12,5,1,2,46
2025-02-15 13:00:00,51.345,2.37,73.54,0.07354,48.975,13,5,1,2,46
2025-02-15 14:00:00,48.668,8.223,83.78,0.08378,40.445,14,5,1,2,46
2025-02-15 15:00:00,54.692,5.192,78.64,0.07864,49.5,15,5,1,2,46
2025-02-15 16:00:00,55.821,5.874,87.33,0.08733,49.947,16,5,1,2,46
2025-02-15 17:00:00,52.35,4.117,101.73,0.10173,48.233,17,5,1,2,46
2025-02-15 18:00:00,53.883,1.568,140.21,0.14021,52.315,18,5,1,2,46
2025-02-15 19:00:00,36.72,0.0,124.73,0.12473,36.72,19,5,1,2,46
2025-02-15 20:00:00,36.362,0.0,149.31,0.14931,36.362,20,5,1,2,46
2025-02-15 21:00:00,34.711,0.0,144.64,0.14464,34.711,21,5,1,2,46
2025-02-15 22:00:00,34.66,0.0,296.09,0.29609,34.66,22,5,1,2,46
2025-02-15 23:00:00,27.855,0.0,102.07,0.10207,27.855,23,5,1,2,46
2025-02-16 00:00:00,22.678,0.0,99.31,0.09931,22.678,0,6,1,2,47
2025-02-16 01:00:00,28.432,0.0,94.05,0.09405,28.432,1,6,1,2,47
2025-02-16 02:00:00,21.851,0.0,118.18,0.11818,21.851,2,6,1,2,47
2025-02-16 03:00:00,23.647,0.0,102.43,0.10243,23.647,3,6,1,2,47
2025-02-16 04:00:00,30.361,0.0,97.01,0.09701,30.361,4,6,1,2,47
2025-02-16 05:00:00,28.878,0.0,118.83,0.11883,28.878,5,6,1,2,47
2025-02-16 06:00:00,40.777,0.0,100.66,0.10066,40.777,6,6,1,2,47
2025-02-16 07:00:00,35.148,2.037,113.78,0.11378,33.111,7,6,1,2,47
2025-02-16 08:00:00,47.071,2.033,118.6,0.1186,45.038,8,6,1,2,47
2025-02-16 09:00:00,49.989,4.249,115.36,0.11536,45.74,9,6,1,2,47
2025-02-16 10:00:00,51.085,4.471,106.81,0.10681,46.614,10,6,1,2,47
2025-02-16 11:00:00,51.011,3.98,108.66,0.10866,47.031,11,6,1,2,47
2025-02-16 12:00:00,54.386,6.008,85.25,0.08525,48.378,12,6,1,2,47
2025-02-16 13:00:00,49.602,8.369,95.72,0.09572,41.233,13,6,1,2,47
2025-02-16 14:00:00,51.885,4.078,78.75,0.07875,47.807,14,6,1,2,47
2025-02-16 15:00:00,47.594,7.495,96.87,0.09687,40.099,15,6,1,2,47
2025-02-16 16:00:00,52.199,3.744,100.92,0.10092,48.455,16,6,1,2,47
2025-02-16 17:00:00,50.768,3.466,107.55,0.10755,47.302,17,6,1,2,47
2025-02-16 18:00:00,48.359,1.31,115.6,0.1156,47.049,18,6,1,2,47
2025-02-16 19:00:00,31.986,0.0,140.44,0.14044,31.986,19,6,1,2,47
2025-02-16 20:00:00,32.152,0.0,140.86,0.14086,32.152,20,6,1,2,47
2025-02-16 21:00:00,31.877,0.0,99.05,0.09905,31.877,21,6,1,2,47
2025-02-16 22:00:00,38.409,0.0,112.74,0.11274,38.409,22,6,1,2,47
2025-02-16 23:00:00,25.874,0.0,111.95,0.11195,25.874,23,6,1,2,47
2025-02-17 00:00:00,29.259,0.0,107.44,0.10744,29.259,0,0,0,2,48
2025-02-17 01:00:00,23.328,0.0,111.73,0.11173,23.328,1,0,0,2,48
2025-02-17 02:00:00,27.178,0.0,120.23,0.12023,27.178,2,0,0,2,48
2025-02-17 03:00:00,29.198,0.0,110.9,0.1109,29.198,3,0,0,2,48
2025-02-17 04:00:00,27.845,0.0,85.0,0.085,27.845,4,0,0,2,48
2025-02-17 05:00:00,34.461,0.0,109.67,0.10967,34.461,5,0,0,2,48
2025-02-17 06:00:00,43.96,0.0,123.04,0.12304,43.96,6,0,0,2,48
2025-02-17 07:00:00,48.611,1.729,116.09,0.11609,46.882,7,0,0,2,48
2025-02-17 08:00:00,66.357,2.629,120.32,0.12032,63.728,8,0,0,2,48
2025-02-17 09:00:00,66.279,6.208,113.64,0.11364,60.071,9,0,0,2,48
2025-02-17 10:00:00,65.875,3.677,124.08,0.12408,62.198,10,0,0,2,48
2025-02-17 11:00:00,66.172,8.754,103.45,0.10345,57.418,11,0,0,2,48
2025-02-17 12:00:00,71.66,7.136,104.18,0.10418,64.524,12,0,0,2,48
2025-02-17 13:00:00,58.737,9.294,95.57,0.09557,49.443,13,0,0,2,48
2025-02-17 14:00:00,59.755,7.132,88.82,0.08882,52.623,14,0,0,2,48
2025-02-17 15:00:00,64.421,5.595,95.04,0.09504,58.826,15,0,0,2,48
2025-02-17 16:00:00,66.206,5.371,99.18,0.09918,60.835,16,0,0,2,48
2025-02-17 17:00:00,68.368,4.053,121.53,0.12153,64.315,17,0,0,2,48
2025-02-17 18:00:00,67.673,1.512,129.97,0.12997,66.161,18,0,0,2,48
2025-02-17 19:00:00,38.442,0.0,146.52,0.14652,38.442,19,0,0,2,48
2025-02-17 20:00:00,42.933,0.0,134.21,0.13421,42.933,20,0,0,2,48
2025-02-17 21:00:00,42.968,0.0,129.65,0.12965,42.968,21,0,0,2,48
2025-02-17 22:00:00,40.261,0.0,128.25,0.12825,40.261,22,0,0,2,48
2025-02-17 23:00:00,33.12,0.0,124.46,0.12446,33.12,23,0,0,2,48
2025-02-18 00:00:00,30.909,0.0,109.66,0.10966,30.909,0,1,0,2,49
2025-02-18 01:00:00,28.239,0.0,96.85,0.09685,28.239,1,1,0,2,49
2025-02-18 02:00:00,32.269,0.0,112.25,0.11225,32.269,2,1,0,2,49
2025-02-18 03:00:00,30.39,0.0,98.45,0.09845,30.39,3,1,0,2,49
2025-02-18 04:00:00,30.041,0.0,112.29,0.11229,30.041,4,1,0,2,49
2025-02-18 05:00:00,34.75,0.0,110.25,0.11025,34.75,5,1,0,2,49
2025-02-18 06:00:00,36.637,0.0,108.33,0.10833,36.637,6,1,0,2,49
2025-02-18 07:00:00,39.943,1.552,109.31,0.10931,38.391,7,1,0,2,49
2025-02-18 08:00:00,62.346,2.614,119.31,0.11931,59.732,8,1,0,2,49
2025-02-18 09:00:00,64.983,5.561,119.12,0.11912,59.422,9,1,0,2,49
2025-02-18 10:00:00,65.33,7.919,103.82,0.10382,57.411,10,1,0,2,49
2025-02-18 11:00:00,61.322,8.602,112.71,0.11271,52.72,11,1,0,2,49
2025-02-18 12:00:00,62.992,8.629,109.51,0.10951,54.363,12,1,0,2,49
2025-02-18 13:00:00,63.39,7.266,99.59,0.09959,56.124,13,1,0,2,49
2025-02-18 14:00:00,74.009,8.272,91.12,0.09112,65.737,14,1,0,2,49
2025-02-18 15:00:00,71.911,2.448,85.4,0.0854,69.463,15,1,0,2,49
2025-02-18 16:00:00,64.827,3.917,98.15,0.09815,60.91,16,1,0,2,49
2025-02-18 17:00:00,64.981,4.255,107.14,0.10714,60.726,17,1,0,2,49
2025-02-18 18:00:00,62.467,2.303,124.15,0.12415,60.164,18,1,0,2,49
2025-02-18 19:00:00,33.559,0.0,145.19,0.14519,33.559,19,1,0,2,49
2025-02-18 20:00:00,39.291,0.0,140.47,0.14047,39.291,20,1,0,2,49
2025-02-18 21:00:00,36.472,0.0,119.25,0.11925,36.472,21,1,0,2,49
2025-02-18 22:00:00,39.394,0.0,135.31,0.13531,39.394,22,1,0,2,49
2025-02-18 23:00:00,24.916,0.0,120.63,0.12063,24.916,23,1,0,2,49
2025-02-19 00:00:00,27.594,0.0,105.54,0.10554,27.594,0,2,0,2,50
2025-02-19 01:00:00,30.508,0.0,92.31,0.09231,30.508,1,2,0,2,50
2025-02-19 02:00:00,31.204,0.0,95.81,0.09581,31.204,2,2,0,2,50
2025-02-19 03:00:00,31.368,0.0,97.27,0.09727,31.368,3,2,0,2,50
2025-02-19 04:00:00,25.807,0.0,99.4,0.0994,25.807,4,2,0,2,50
2025-02-19 05:00:00,32.768,0.0,102.18,0.10218,32.768,5,2,0,2,50
2025-02-19 06:00:00,41.911,0.0,98.46,0.09846,41.911,6,2,0,2,50
2025-02-19 07:00:00,46.497,2.366,135.88,0.13588,44.131,7,2,0,2,50
2025-02-19 08:00:00,66.096,3.671,132.69,0.13269,62.425,8,2,0,2,50
2025-02-19 09:00:00,61.726,6.053,120.75,0.12075,55.673,9,2,0,2,50
2025-02-19 10:00:00,65.118,6.12,113.64,0.11364,58.998,10,2,0,2,50
2025-02-19 11:00:00,67.299,6.94,124.64,0.12464,60.359,11,2,0,2,50
2025-02-19 12:00:00,68.092,9.108,113.88,0.11388,58.984,12,2,0,2,50
2025-02-19 13:00:00,65.679,7.776,83.28,0.08328,57.903,13,2,0,2,50
2025-02-19 14:00:00,71.032,9.065,90.14,0.09014,61.967,14,2,0,2,50
2025-02-19 15:00:00,69.354,5.96,87.76,0.08776,63.394,15,2,0,2,50
2025-02-19 16:00:00,65.309,5.327,93.86,0.09386,59.982,16,2,0,2,50
2025-02-19 17:00:00,68.53,3.63,106.5,0.1065,64.9,17,2,0,2,50
2025-02-19 18:00:00,72.318,1.949,121.74,0.12174,70.369,18,2,0,2,50
2025-02-19 19:00:00,45.932,0.0,225.82,0.22582,45.932,19,2,0,2,50
2025-02-19 20:00:00,35.729,0.0,143.41,0.14341,35.729,20,2,0,2,50
2025-02-19 21:00:00,36.694,0.0,151.69,0.15169,36.694,21,2,0,2,50
2025-02-19 22:00:00,44.41,0.0,118.94,0.11894,44.41,22,2,0,2,50
2025-02-19 23:00:00,26.646,0.0,126.02,0.12602,26.646,23,2,0,2,50
2025-02-20 00:00:00,25.797,0.0,92.97,0.09297,25.797,0,3,0,2,51
2025-02-20 01:00:00,28.473,0.0,106.11,0.10611,28.473,1,3,0,2,51
2025-02-20 02:00:00,31.373,0.0,114.26,0.11426,31.373,2,3,0,2,51
2025-02-20 03:00:00,29.701,0.0,109.8,0.1098,29.701,3,3,0,2,51
2025-02-20 04:00:00,27.947,0.0,101.76,0.10176,27.947,4,3,0,2,51
2025-02-20 05:00:00,27.871,0.0,109.62,0.10962,27.871,5,3,0,2,51
2025-02-20 06:00:00,42.184,0.0,126.49,0.12649,42.184,6,3,0,2,51
2025-02-20 07:00:00,41.649,1.573,108.13,0.10813,40.076,7,3,0,2,51
2025-02-20 08:00:00,73.416,4.72,123.02,0.12302,68.696,8,3,0,2,51
2025-02-20 09:00:00,67.067,6.072,127.32,0.12732,60.995,9,3,0,2,51
2025-02-20 10:00:00,68.952,7.948,109.78,0.10978,61.004,10,3,0,2,51
2025-02-20 11:00:00,64.55,8.236,123.42,0.12342,56.314,11,3,0,2,51
2025-02-20 12:00:00,65.52,10.083,118.06,0.11806,55.437,12,3,0,2,51
2025-02-20 13:00:00,63.831,8.961,101.3,0.1013,54.87,13,3,0,2,51
2025-02-20 14:00:00,57.629,6.408,98.31,0.09831,51.221,14,3,0,2,51
2025-02-20 15:00:00,61.705,8.359,71.99,0.07199,53.346,15,3,0,2,51
2025-02-20 16:00:00,60.321,6.388,83.04,0.08304,53.933,16,3,0,2,51
2025-02-20 17:00:00,58.916,4.173,106.99,0.10699,54.743,17,3,0,2,51
2025-02-20 18:00:00,62.29,1.71,115.71,0.11571,60.58,18,3,0,2,51
2025-02-20 19:00:00,43.892,0.0,141.46,0.14146,43.892,19,3,0,2,51
2025-02-20 20:00:00,39.509,0.0,175.58,0.17558,39.509,20,3,0,2,51
2025-02-20 21:00:00,43.781,0.0,143.19,0.14319,43.781,21,3,0,2,51
2025-02-20 22:00:00,40.967,0.0,124.94,0.12494,40.967,22,3,0,2,51
2025-02-20 23:00:00,32.533,0.0,110.62,0.11062,32.533,23,3,0,2,51
2025-02-21 00:00:00,27.142,0.0,122.47,0.12247,27.142,0,4,0,2,52
2025-02-21 01:00:00,31.701,0.0,100.34,0.10034,31.701,1,4,0,2,52
2025-02-21 02:00:00,32.357,0.0,87.34,0.08734,32.357,2,4,0,2,52
2025-02-21 03:00:00,28.18,0.0,108.36,0.10836,28.18,3,4,0,2,52
2025-02-21 04:00:00,31.815,0.0,108.43,0.10843,31.815,4,4,0,2,52
2025-02-21 05:00:00,31.837,0.0,104.71,0.10471,31.837,5,4,0,2,52
2025-02-21 06:00:00,42.696,0.0,133.16,0.13316,42.696,6,4,0,2,52
2025-02-21 07:00:00,40.862,1.872,115.83,0.11583,38.99,7,4,0,2,52
2025-02-21 08:00:00,62.31,4.849,127.19,0.12719,57.461,8,4,0,2,52
2025-02-21 09:00:00,66.376,5.277,120.58,0.12058,61.099,9,4,0,2,52
2025-02-21 10:00:00,67.146,7.858,126.05,0.12605,59.288,10,4,0,2,52
2025-02-21 11:00:00,63.563,2.852,102.44,0.10244,60.711,11,4,0,2,52
2025-02-21 12:00:00,66.184,8.012,86.38,0.08638,58.172,12,4,0,2,52
2025-02-21 13:00:00,67.925,4.106,97.7,0.0977,63.819,13,4,0,2,52
2025-02-21 14:00:00,68.078,8.798,90.03,0.09003,59.28,14,4,0,2,52
2025-02-21 15:00:00,71.065,8.586,96.91,0.09691,62.479,15,4,0,2,52
2025-02-21 16:00:00,70.186,6.671,89.76,0.08976,63.515,16,4,0,2,52
2025-02-21 17:00:00,62.895,3.667,112.32,0.11232,59.228,17,4,0,2,52
2025-02-21 18:00:00,71.487,1.347,106.02,0.10602,70.14,18,4,0,2,52
2025-02-21 19:00:00,37.946,0.0,130.09,0.13009,37.946,19,4,0,2,52
2025-02-21 20:00:00,42.988,0.0,133.57,0.13357,42.988,20,4,0,2,52
2025-02-21 21:00:00,39.862,0.0,141.64,0.14164,39.862,21,4,0,2,52
2025-02-21 22:00:00,38.326,0.0,121.54,0.12154,38.326,22,4,0,2,52
2025-02-21 23:00:00,24.24,0.0,102.0,0.102,24.24,23,4,0,2,52
2025-02-22 00:00:00,25.625,0.0,90.4,0.0904,25.625,0,5,1,2,53
2025-02-22 01:00:00,21.184,0.0,102.09,0.10209,21.184,1,5,1,2,53
2025-02-22 02:00:00,29.27,0.0,97.49,0.09749,29.27,2,5,1,2,53
2025-02-22 03:00:00,31.028,0.0,89.02,0.08902,31.028,3,5,1,2,53
2025-02-22 04:00:00,23.624,0.0,105.68,0.10568,23.624,4,5,1,2,53
2025-02-22 05:00:00,27.14,0.0,114.78,0.11478,27.14,5,5,1,2,53
2025-02-22 06:00:00,33.662,0.0,111.41,0.11141,33.662,6,5,1,2,53
2025-02-22 07:00:00,33.972,2.525,83.33,0.08333,31.447,7,5,1,2,53
2025-02-22 08:00:00,53.175,3.402,112.09,0.11209,49.773,8,5,1,2,53
2025-02-22 09:00:00,50.573,6.33,108.61,0.10861,44.243,9,5,1,2,53
2025-02-22 10:00:00,56.264,8.12,85.66,0.08566,48.144,10,5,1,2,53
2025-02-22 11:00:00,49.154,10.018,85.52,0.08552,39.136,11,5,1,2,53
2025-02-22 12:00:00,53.895,8.388,97.68,0.09768,45.507,12,5,1,2,53
2025-02-22 13:00:00,51.008,5.054,84.58,0.08458,45.954,13,5,1,2,53
2025-02-22 14:00:00,53.243,4.028,183.76,0.18376,49.215,14,5,1,2,53
2025-02-22 15:00:00,49.266,8.625,75.13,0.07513,40.641,15,5,1,2,53
2025-02-22 16:00:00,50.538,6.304,99.43,0.09943,44.234,16,5,1,2,53
2025-02-22 17:00:00,50.327,3.501,87.9,0.0879,46.826,17,5,1,2,53
2025-02-22 18:00:00,48.021,1.546,105.76,0.10576,46.475,18,5,1,2,53
2025-02-22 19:00:00,34.832,0.0,124.38,0.12438,34.832,19,5,1,2,53
2025-02-22 20:00:00,34.794,0.0,118.03,0.11803,34.794,20,5,1,2,53
2025-02-22 21:00:00,34.613,0.0,120.54,0.12054,34.613,21,5,1,2,53
2025-02-22 22:00:00,37.632,0.0,129.67,0.12967,37.632,22,5,1,2,53
2025-02-22 23:00:00,30.812,0.0,99.96,0.09996,30.812,23,5,1,2,53
2025-02-23 00:00:00,24.972,0.0,103.56,0.10356,24.972,0,6,1,2,54
2025-02-23 01:00:00,27.365,0.0,102.12,0.10212,27.365,1,6,1,2,54
2025-02-23 02:00:00,24.176,0.0,94.17,0.09417,24.176,2,6,1,2,54
2025-02-23 03:00:00,26.246,0.0,81.95,0.08195,26.246,3,6,1,2,54
2025-02-23 04:00:00,24.252,0.0,97.59,0.09759,24.252,4,6,1,2,54
2025-02-23 05:00:00,31.356,0.0,77.69,0.07769,31.356,5,6,1,2,54
2025-02-23 06:00:00,37.141,0.0,96.71,0.09671,37.141,6,6,1,2,54
2025-02-23 07:00:00,35.279,2.375,108.51,0.10851,32.904,7,6,1,2,54
2025-02-23 08:00:00,54.505,3.099,118.09,0.11809,51.406,8,6,1,2,54
2025-02-23 09:00:00,43.74,4.857,108.18,0.10818,38.883,9,6,1,2,54
2025-02-23 10:00:00,44.241,6.842,99.61,0.09961,37.399,10,6,1,2,54
2025-02-23 11:00:00,53.232,7.388,91.22,0.09122,45.844,11,6,1,2,54
2025-02-23 12:00:00,50.879,7.428,84.68,0.08468,43.451,12,6,1,2,54
2025-02-23 13:00:00,51.487,10.196,88.64,0.08864,41.291,13,6,1,2,54
2025-02-23 14:00:00,46.441,5.034,82.88,0.08288,41.407,14,6,1,2,54
2025-02-23 15:00:00,50.611,9.053,81.09,0.08109,41.558,15,6,1,2,54
2025-02-23 16:00:00,57.097,3.705,94.58,0.09458,53.392,16,6,1,2,54
2025-02-23 17:00:00,53.323,4.429,99.88,0.09988,48.894,17,6,1,2,54
2025-02-23 18:00:00,51.229,2.363,100.97,0.10097,48.866,18,6,1,2,54
2025-02-23 19:00:00,31.304,0.0,116.13,0.11613,31.304,19,6,1,2,54
2025-02-23 20:00:00,31.446,0.0,138.98,0.13898,31.446,20,6,1,2,54
2025-02-23 21:00:00,25.895,0.0,115.29,0.11529,25.895,21,6,1,2,54
2025-02-23 22:00:00,33.533,0.0,114.92,0.11492,33.533,22,6,1,2,54
2025-02-23 23:00:00,28.877,0.0,106.93,0.10693,28.877,23,6,1,2,54
2025-02-24 00:00:00,24.971,0.0,92.09,0.09209,24.971,0,0,0,2,55
2025-02-24 01:00:00,27.896,0.0,85.76,0.08576,27.896,1,0,0,2,55
2025-02-24 02:00:00,26.309,0.0,90.77,0.09077,26.309,2,0,0,2,55
2025-02-24 03:00:00,26.924,0.0,84.71,0.08471,26.924,3,0,0,2,55
2025-02-24 04:00:00,30.184,0.0,109.74,0.10974,30.184,4,0,0,2,55
2025-02-24 05:00:00,23.343,0.0,109.44,0.10944,23.343,5,0,0,2,55
2025-02-24 06:00:00,46.394,0.0,101.07,0.10107,46.394,6,0,0,2,55
2025-02-24 07:00:00,46.84,2.507,99.08,0.09908,44.333,7,0,0,2,55
2025-02-24 08:00:00,65.247,2.522,127.72,0.12772,62.725,8,0,0,2,55
2025-02-24 09:00:00,58.112,7.488,120.77,0.12077,50.624,9,0,0,2,55
2025-02-24 10:00:00,62.862,9.293,106.15,0.10615,53.569,10,0,0,2,55
2025-02-24 11:00:00,69.996,10.558,116.64,0.11664,59.438,11,0,0,2,55
2025-02-24 12:00:00,57.161,9.908,97.4,0.0974,47.253,12,0,0,2,55
2025-02-24 13:00:00,64.939,6.12,92.24,0.09224,58.819,13,0,0,2,55
2025-02-24 14:00:00,62.275,6.36,75.63,0.07563,55.915,14,0,0,2,55
2025-02-24 15:00:00,68.625,7.769,72.81,0.07281,60.856,15,0,0,2,55
2025-02-24 16:00:00,63.89,6.663,79.24,0.07924,57.227,16,0,0,2,55
2025-02-24 17:00:00,67.343,3.801,127.37,0.12737,63.542,17,0,0,2,55
2025-02-24 18:00:00,67.86,2.097,112.71,0.11271,65.763,18,0,0,2,55
2025-02-24 19:00:00,45.499,0.0,134.55,0.13455,45.499,19,0,0,2,55
2025-02-24 20:00:00,38.973,0.0,144.23,0.14423,38.973,20,0,0,2,55
2025-02-24 21:00:00,40.826,0.0,135.49,0.13549,40.826,21,0,0,2,55
2025-02-24 22:00:00,34.871,0.0,123.86,0.12386,34.871,22,0,0,2,55
2025-02-24 23:00:00,33.822,0.0,112.98,0.11298,33.822,23,0,0,2,55
2025-02-25 00:00:00,27.575,0.0,106.89,0.10689,27.575,0,1,0,2,56
2025-02-25 01:00:00,28.214,0.0,91.71,0.09171,28.214,1,1,0,2,56
2025-02-25 02:00:00,29.937,0.0,97.78,0.09778,29.937,2,1,0,2,56
2025-02-25 03:00:00,25.007,0.0,79.43,0.07943,25.007,3,1,0,2,56
2025-02-25 04:00:00,30.741,0.0,84.66,0.08466,30.741,4,1,0,2,56
2025-02-25 05:00:00,33.104,0.0,92.15,0.09215,33.104,5,1,0,2,56
2025-02-25 06:00:00,45.356,0.0,116.87,0.11687,45.356,6,1,0,2,56
2025-02-25 07:00:00,39.334,2.681,109.69,0.10969,36.653,7,1,0,2,56
2025-02-25 08:00:00,65.638,5.202,122.7,0.1227,60.436,8,1,0,2,56
2025-02-25 09:00:00,68.408,3.261,119.88,0.11988,65.147,9,1,0,2,56
2025-02-25 10:00:00,60.024,8.661,114.63,0.11463,51.363,10,1,0,2,56
2025-02-25 11:00:00,62.595,10.539,94.99,0.09499,52.056,11,1,0,2,56
2025-02-25 12:00:00,68.839,11.039,96.44,0.09644,57.8,12,1,0,2,56
2025-02-25 13:00:00,66.898,10.866,91.27,0.09127,56.032,13,1,0,2,56
2025-02-25 14:00:00,67.352,5.002,107.72,0.10772,62.35,14,1,0,2,56
2025-02-25 15:00:00,71.984,4.851,84.18,0.08418,67.133,15,1,0,2,56
2025-02-25 16:00:00,67.533,2.719,101.93,0.10193,64.814,16,1,0,2,56
2025-02-25 17:00:00,68.139,2.954,104.96,0.10496,65.185,17,1,0,2,56
2025-02-25 18:00:00,74.708,2.773,113.63,0.11363,71.935,18,1,0,2,56
2025-02-25 19:00:00,38.931,0.0,142.26,0.14226,38.931,19,1,0,2,56
2025-02-25 20:00:00,37.062,0.0,158.21,0.15821,37.062,20,1,0,2,56
2025-02-25 21:00:00,40.984,0.0,137.98,0.13798,40.984,21,1,0,2,56
2025-02-25 22:00:00,41.02,0.0,118.23,0.11823,41.02,22,1,0,2,56
2025-02-25 23:00:00,28.323,0.0,119.08,0.11908,28.323,23,1,0,2,56
2025-02-26 00:00:00,26.701,0.0,104.54,0.10454,26.701,0,2,0,2,57
2025-02-26 01:00:00,37.396,0.0,123.93,0.12393,37.396,1,2,0,2,57
2025-02-26 02:00:00,31.05,0.0,109.27,0.10927,31.05,2,2,0,2,57
2025-02-26 03:00:00,27.661,0.0,261.84,0.26184,27.661,3,2,0,2,57
2025-02-26 04:00:00,32.935,0.0,115.7,0.1157,32.935,4,2,0,2,57
2025-02-26 05:00:00,29.655,0.0,112.55,0.11255,29.655,5,2,0,2,57
2025-02-26 06:00:00,43.6,0.0,117.34,0.11734,43.6,6,2,0,2,57
2025-02-26 07:00:00,46.209,2.306,116.52,0.11652,43.903,7,2,0,2,57
2025-02-26 08:00:00,61.883,4.773,125.47,0.12547,57.11,8,2,0,2,57
2025-02-26 09:00:00,67.145,6.687,120.1,0.1201,60.458,9,2,0,2,57
2025-02-26 10:00:00,72.138,5.906,109.14,0.10914,66.232,10,2,0,2,57
2025-02-26 11:00:00,67.509,9.637,105.43,0.10543,57.872,11,2,0,2,57
2025-02-26 12:00:00,64.813,8.507,94.19,0.09419,56.306,12,2,0,2,57
2025-02-26 13:00:00,64.394,7.382,91.8,0.0918,57.012,13,2,0,2,57
2025-02-26 14:00:00,64.704,11.117,86.17,0.08617,53.587,14,2,0,2,57
2025-02-26 15:00:00,65.204,5.698,84.15,0.08415,59.506,15,2,0,2,57
2025-02-26 16:00:00,64.808,5.43,92.45,0.09245,59.378,16,2,0,2,57
2025-02-26 17:00:00,68.949,4.342,105.83,0.10583,64.607,17,2,0,2,57
2025-02-26 18:00:00,60.471,2.506,102.5,0.1025,57.965,18,2,0,2,57
2025-02-26 19:00:00,42.366,0.0,143.47,0.14347,42.366,19,2,0,2,57
2025-02-26 20:00:00,38.393,0.0,142.43,0.14243,38.393,20,2,0,2,57
2025-02-26 21:00:00,40.814,0.0,128.91,0.12891,40.814,21,2,0,2,57
2025-02-26 22:00:00,36.001,0.0,130.64,0.13064,36.001,22,2,0,2,57
2025-02-26 23:00:00,34.256,0.0,108.98,0.10898,34.256,23,2,0,2,57
2025-02-27 00:00:00,33.986,0.0,96.32,0.09632,33.986,0,3,0,2,58
2025-02-27 01:00:00,33.071,0.0,105.17,0.10517,33.071,1,3,0,2,58
2025-02-27 02:00:00,25.153,0.0,115.81,0.11581,25.153,2,3,0,2,58
2025-02-27 03:00:00,32.653,0.0,104.59,0.10459,32.653,3,3,0,2,58
2025-02-27 04:00:00,31.295,0.0,94.85,0.09485,31.295,4,3,0,2,58
2025-02-27 05:00:00,24.863,0.0,100.93,0.10093,24.863,5,3,0,2,58
2025-02-27 06:00:00,44.322,0.0,116.14,0.11614,44.322,6,3,0,2,58
2025-02-27 07:00:00,45.566,2.163,115.77,0.11577,43.403,7,3,0,2,58
2025-02-27 08:00:00,67.779,2.814,124.63,0.12463,64.965,8,3,0,2,58
2025-02-27 09:00:00,66.567,7.56,119.28,0.11928,59.007,9,3,0,2,58
2025-02-27 10:00:00,66.931,5.558,271.52,0.27152,61.373,10,3,0,2,58
2025-02-27 11:00:00,70.715,8.003,123.88,0.12388,62.712,11,3,0,2,58
2025-02-27 12:00:00,69.923,11.711,81.49,0.08149,58.212,12,3,0,2,58
2025-02-27 13:00:00,56.825,12.108,112.12,0.11212,44.717,13,3,0,2,58
2025-02-27 14:00:00,64.984,9.411,94.4,0.0944,55.573,14,3,0,2,58
2025-02-27 15:00:00,65.472,10.038,113.21,0.11321,55.434,15,3,0,2,58
2025-02-27 16:00:00,60.393,8.088,84.09,0.08409,52.305,16,3,0,2,58
2025-02-27 17:00:00,66.301,3.033,109.34,0.10934,63.268,17,3,0,2,58
2025-02-27 18:00:00,69.995,2.919,121.56,0.12156,67.076,18,3,0,2,58
2025-02-27 19:00:00,36.123,0.0,141.72,0.14172,36.123,19,3,0,2,58
2025-02-27 20:00:00,40.676,0.0,143.31,0.14331,40.676,20,3,0,2,58
2025-02-27 21:00:00,36.669,0.0,138.26,0.13826,36.669,21,3,0,2,58
2025-02-27 22:00:00,37.45,0.0,132.17,0.13217,37.45,22,3,0,2,58
2025-02-27 23:00:00,34.727,0.0,112.65,0.11265,34.727,23,3,0,2,58
2025-02-28 00:00:00,28.259,0.0,95.9,0.0959,28.259,0,4,0,2,59
2025-02-28 01:00:00,31.474,0.0,105.61,0.10561,31.474,1,4,0,2,59
2025-02-28 02:00:00,24.008,0.0,95.98,0.09598,24.008,2,4,0,2,59
2025-02-28 03:00:00,35.955,0.0,100.19,0.10019,35.955,3,4,0,2,59
2025-02-28 04:00:00,31.924,0.0,87.85,0.08785,31.924,4,4,0,2,59
2025-02-28 05:00:00,29.411,0.0,104.66,0.10466,29.411,5,4,0,2,59
2025-02-28 06:00:00,46.232,0.0,98.01,0.09801,46.232,6,4,0,2,59
2025-02-28 07:00:00,39.878,2.694,111.05,0.11105,37.184,7,4,0,2,59
2025-02-28 08:00:00,69.766,4.528,103.83,0.10383,65.238,8,4,0,2,59
2025-02-28 09:00:00,64.945,8.295,114.81,0.11481,56.65,9,4,0,2,59
2025-02-28 10:00:00,65.329,10.295,119.99,0.11999,55.034,10,4,0,2,59
2025-02-28 11:00:00,64.408,11.696,97.44,0.09744,52.712,11,4,0,2,59
2025-02-28 12:00:00,64.124,12.418,85.33,0.08533,51.706,12,4,0,2,59
2025-02-28 13:00:00,68.205,12.418,95.51,0.09551,55.787,13,4,0,2,59
2025-02-28 14:00:00,66.801,7.333,93.82,0.09382,59.468,14,4,0,2,59
2025-02-28 15:00:00,68.067,9.785,90.85,0.09085,58.282,15,4,0,2,59
2025-02-28 16:00:00,65.953,7.547,159.52,0.15952,58.406,16,4,0,2,59
2025-02-28 17:00:00,67.624,5.813,98.88,0.09888,61.811,17,4,0,2,59
2025-02-28 18:00:00,64.641,2.422,116.3,0.1163,62.219,18,4,0,2,59
2025-02-28 19:00:00,46.727,0.0,131.94,0.13194,46.727,19,4,0,2,59
2025-02-28 20:00:00,34.574,0.0,121.01,0.12101,34.574,20,4,0,2,59
2025-02-28 21:00:00,43.627,0.0,124.5,0.1245,43.627,21,4,0,2,59
2025-02-28 22:00:00,43.969,0.0,136.54,0.13654,43.969,22,4,0,2,59
2025-02-28 23:00:00,27.268,0.0,115.45,0.11545,27.268,23,4,0,2,59
2025-03-01 00:00:00,33.287,0.0,105.98,0.10598,33.287,0,5,1,3,60
2025-03-01 01:00:00,29.339,0.0,103.88,0.10388,29.339,1,5,1,3,60
2025-03-01 02:00:00,29.261,0.0,90.68,0.09068,29.261,2,5,1,3,60
2025-03-01 03:00:00,26.243,0.0,91.12,0.09112,26.243,3,5,1,3,60
2025-03-01 04:00:00,25.459,0.0,104.58,0.10458,25.459,4,5,1,3,60
2025-03-01 05:00:00,25.484,0.0,104.34,0.10434,25.484,5,5,1,3,60
2025-03-01 06:00:00,37.188,0.0,109.82,0.10982,37.188,6,5,1,3,60
2025-03-01 07:00:00,40.422,2.822,103.9,0.1039,37.6,7,5,1,3,60
2025-03-01 08:00:00,51.195,2.599,108.77,0.10877,48.596,8,5,1,3,60
2025-03-01 09:00:00,47.699,5.711,105.09,0.10509,41.988,9,5,1,3,60
2025-03-01 10:00:00,53.253,7.767,103.11,0.10311,45.486,10,5,1,3,60
2025-03-01 11:00:00,53.563,6.546,89.19,0.08919,47.017,11,5,1,3,60
2025-03-01 12:00:00,52.71,10.071,86.56,0.08656,42.639,12,5,1,3,60
2025-03-01 13:00:00,53.001,9.062,78.75,0.07875,43.939,13,5,1,3,60
2025-03-01 14:00:00,49.748,7.056,72.75,0.07275,42.692,14,5,1,3,60
2025-03-01 15:00:00,47.642,9.735,87.17,0.08717,37.907,15,5,1,3,60
2025-03-01 16:00:00,47.837,5.166,72.13,0.07213,42.671,16,5,1,3,60
2025-03-01 17:00:00,45.382,4.323,101.2,0.1012,41.059,17,5,1,3,60
2025-03-01 18:00:00,51.373,1.067,103.05,0.10305,50.306,18,5,1,3,60
2025-03-01 19:00:00,32.41,0.0,116.71,0.11671,32.41,19,5,1,3,60
2025-03-01 20:00:00,31.269,0.0,123.29,0.12329,31.269,20,5,1,3,60
2025-03-01 21:00:00,23.219,0.0,131.69,0.13169,23.219,21,5,1,3,60
2025-03-01 22:00:00,28.685,0.0,94.11,0.09411,28.685,22,5,1,3,60
2025-03-01 23:00:00,29.741,0.0,107.71,0.10771,29.741,23,5,1,3,60
2025-03-02 00:00:00,24.024,0.0,93.81,0.09381,24.024,0,6,1,3,61
2025-03-02 01:00:00,27.305,0.0,83.67,0.08367,27.305,1,6,1,3,61
2025-03-02 02:00:00,21.701,0.0,95.28,0.09528,21.701,2,6,1,3,61
2025-03-02 03:00:00,30.755,0.0,81.61,0.08161,30.755,3,6,1,3,61
2025-03-02 04:00:00,25.69,0.0,94.12,0.09412,25.69,4,6,1,3,61
2025-03-02 05:00:00,27.079,0.0,83.89,0.08389,27.079,5,6,1,3,61
2025-03-02 06:00:00,43.374,0.0,120.1,0.1201,43.374,6,6,1,3,61
2025-03-02 07:00:00,40.784,2.343,112.3,0.1123,38.441,7,6,1,3,61
2025-03-02 08:00:00,49.622,5.502,109.46,0.10946,44.12,8,6,1,3,61
2025-03-02 09:00:00,48.705,4.193,97.75,0.09775,44.512,9,6,1,3,61
2025-03-02 10:00:00,49.561,8.868,100.54,0.10054,40.693,10,6,1,3,61
2025-03-02 11:00:00,52.234,12.294,93.36,0.09336,39.94,11,6,1,3,61
2025-03-02 12:00:00,50.266,9.254,89.38,0.08938,41.012,12,6,1,3,61
2025-03-02 13:00:00,49.338,6.093,83.98,0.08398,43.245,13,6,1,3,61
2025-03-02 14:00:00,55.298,8.561,79.23,0.07923,46.737,14,6,1,3,61
2025-03-02 15:00:00,50.237,9.532,82.33,0.08233,40.705,15,6,1,3,61
2025-03-02 16:00:00,57.961,6.414,84.18,0.08418,51.547,16,6,1,3,61
2025-03-02 17:00:00,50.893,5.706,100.89,0.10089,45.187,17,6,1,3,61
2025-03-02 18:00:00,56.316,1.514,105.54,0.10554,54.802,18,6,1,3,61
2025-03-02 19:00:00,33.815,0.0,114.2,0.1142,33.815,19,6,1,3,61
2025-03-02 20:00:00,35.753,0.0,149.04,0.14904,35.753,20,6,1,3,61
2025-03-02 21:00:00,30.353,0.0,130.79,0.13079,30.353,21,6,1,3,61
2025-03-02 22:00:00,29.939,0.0,134.39,0.13439,29.939,22,6,1,3,61
2025-03-02 23:00:00,27.622,0.0,102.93,0.10293,27.622,23,6,1,3,61
2025-03-03 00:00:00,33.145,0.0,124.11,0.12411,33.145,0,0,0,3,62
2025-03-03 01:00:00,30.111,0.0,100.82,0.10082,30.111,1,0,0,3,62
2025-03-03 02:00:00,25.865,0.0,111.56,0.11156,25.865,2,0,0,3,62
2025-03-03 03:00:00,25.629,0.0,100.71,0.10071,25.629,3,0,0,3,62
2025-03-03 04:00:00,25.415,0.0,102.85,0.10285,25.415,4,0,0,3,62
2025-03-03 05:00:00,24.325,0.0,101.89,0.10189,24.325,5,0,0,3,62
2025-03-03 06:00:00,44.71,0.0,101.31,0.10131,44.71,6,0,0,3,62
2025-03-03 07:00:00,47.96,2.201,120.13,0.12013,45.759,7,0,0,3,62
2025-03-03 08:00:00,65.884,3.592,113.55,0.11355,62.292,8,0,0,3,62
2025-03-03 09:00:00,58.693,8.236,122.25,0.12225,50.457,9,0,0,3,62
2025-03-03 10:00:00,65.316,10.734,118.98,0.11898,54.582,10,0,0,3,62
2025-03-03 11:00:00,65.406,9.566,116.49,0.11649,55.84,11,0,0,3,62
2025-03-03 12:00:00,72.634,7.432,97.82,0.09782,65.202,12,0,0,3,62
2025-03-03 13:00:00,61.264,12.875,71.53,0.07153,48.389,13,0,0,3,62
2025-03-03 14:00:00,64.677,9.767,80.43,0.08043,54.91,14,0,0,3,62
2025-03-03 15:00:00,71.385,10.925,85.3,0.0853,60.46,15,0,0,3,62
2025-03-03 16:00:00,67.367,8.936,92.65,0.09265,58.431,16,0,0,3,62
2025-03-03 17:00:00,67.729,6.187,117.3,0.1173,61.542,17,0,0,3,62
2025-03-03 18:00:00,66.293,2.74,129.92,0.12992,63.553,18,0,0,3,62
2025-03-03 19:00:00,40.623,0.0,130.03,0.13003,40.623,19,0,0,3,62
2025-03-03 20:00:00,42.055,0.0,161.51,0.16151,42.055,20,0,0,3,62
2025-03-03 21:00:00,36.977,0.0,129.79,0.12979,36.977,21,0,0,3,62
2025-03-03 22:00:00,42.377,0.0,120.3,0.1203,42.377,22,0,0,3,62
2025-03-03 23:00:00,25.588,0.0,101.4,0.1014,25.588,23,0,0,3,62
2025-03-04 00:00:00,31.028,0.0,84.05,0.08405,31.028,0,1,0,3,63
2025-03-04 01:00:00,30.549,0.0,87.86,0.08786,30.549,1,1,0,3,63
2025-03-04 02:00:00,28.005,0.0,109.88,0.10988,28.005,2,1,0,3,63
2025-03-04 03:00:00,29.904,0.0,107.44,0.10744,29.904,3,1,0,3,63
2025-03-04 04:00:00,27.985,0.0,92.01,0.09201,27.985,4,1,0,3,63
2025-03-04 05:00:00,26.548,0.0,103.69,0.10369,26.548,5,1,0,3,63
2025-03-04 06:00:00,43.218,0.0,113.95,0.11395,43.218,6,1,0,3,63
2025-03-04 07:00:00,40.817,1.975,89.64,0.08964,38.842,7,1,0,3,63
2025-03-04 08:00:00,66.941,4.802,131.0,0.131,62.139,8,1,0,3,63
2025-03-04 09:00:00,62.228,7.072,124.11,0.12411,55.156,9,1,0,3,63
2025-03-04 10:00:00,68.186,6.484,117.69,0.11769,61.702,10,1,0,3,63
2025-03-04 11:00:00,62.127,10.707,114.01,0.11401,51.42,11,1,0,3,63
2025-03-04 12:00:00,64.096,13.459,72.83,0.07283,50.637,12,1,0,3,63
2025-03-04 13:00:00,63.909,10.796,84.1,0.0841,53.113,13,1,0,3,63
2025-03-04 14:00:00,70.148,6.322,95.86,0.09586,63.826,14,1,0,3,63
2025-03-04 15:00:00,66.965,9.415,85.13,0.08513,57.55,15,1,0,3,63
2025-03-04 16:00:00,65.23,8.647,99.59,0.09959,56.583,16,1,0,3,63
2025-03-04 17:00:00,67.504,4.38,118.24,0.11824,63.124,17,1,0,3,63
2025-03-04 18:00:00,59.165,2.582,125.24,0.12524,56.583,18,1,0,3,63
2025-03-04 19:00:00,39.421,0.0,128.54,0.12854,39.421,19,1,0,3,63
2025-03-04 20:00:00,45.951,0.0,142.61,0.14261,45.951,20,1,0,3,63
2025-03-04 21:00:00,39.982,0.0,116.21,0.11621,39.982,21,1,0,3,63
2025-03-04 22:00:00,39.776,0.0,127.52,0.12752,39.776,22,1,0,3,63
2025-03-04 23:00:00,31.731,0.0,119.46,0.11946,31.731,23,1,0,3,63
2025-03-05 00:00:00,32.838,0.0,100.8,0.1008,32.838,0,2,0,3,64
2025-03-05 01:00:00,23.58,0.0,110.92,0.11092,23.58,1,2,0,3,64
2025-03-05 02:00:00,24.589,0.0,102.17,0.10217,24.589,2,2,0,3,64
2025-03-05 03:00:00,30.645,0.0,101.14,0.10114,30.645,3,2,0,3,64
2025-03-05 04:00:00,27.685,0.0,118.81,0.11881,27.685,4,2,0,3,64
2025-03-05 05:00:00,34.171,0.0,92.75,0.09275,34.171,5,2,0,3,64
2025-03-05 06:00:00,43.33,0.0,119.45,0.11945,43.33,6,2,0,3,64
2025-03-05 07:00:00,38.148,3.33,122.74,0.12274,34.818,7,2,0,3,64
2025-03-05 08:00:00,61.831,6.519,121.37,0.12137,55.312,8,2,0,3,64
2025-03-05 09:00:00,57.09,9.181,109.18,0.10918,47.909,9,2,0,3,64
2025-03-05 10:00:00,65.14,8.298,112.65,0.11265,56.842,10,2,0,3,64
2025-03-05 11:00:00,65.286,12.867,93.58,0.09358,52.419,11,2,0,3,64
2025-03-05 12:00:00,64.53,11.2,87.27,0.08727,53.33,12,2,0,3,64
2025-03-05 13:00:00,69.341,11.116,87.24,0.08724,58.225,13,2,0,3,64
2025-03-05 14:00:00,69.724,9.024,74.08,0.07408,60.7,14,2,0,3,64
2025-03-05 15:00:00,65.344,10.028,82.5,0.0825,55.316,15,2,0,3,64
2025-03-05 16:00:00,59.058,8.607,80.79,0.08079,50.451,16,2,0,3,64
2025-03-05 17:00:00,67.864,6.404,109.93,0.10993,61.46,17,2,0,3,64
2025-03-05 18:00:00,67.666,3.04,134.19,0.13419,64.626,18,2,0,3,64
2025-03-05 19:00:00,40.54,0.0,152.73,0.15273,40.54,19,2,0,3,64
2025-03-05 20:00:00,42.691,0.0,126.16,0.12616,42.691,20,2,0,3,64
2025-03-05 21:00:00,35.822,0.0,123.98,0.12398,35.822,21,2,0,3,64
2025-03-05 22:00:00,45.978,0.0,121.76,0.12176,45.978,22,2,0,3,64
2025-03-05 23:00:00,26.902,0.0,119.83,0.11983,26.902,23,2,0,3,64
2025-03-06 00:00:00,32.365,0.0,98.01,0.09801,32.365,0,3,0,3,65
2025-03-06 01:00:00,24.568,0.0,109.72,0.10972,24.568,1,3,0,3,65
2025-03-06 02:00:00,26.99,0.0,105.48,0.10548,26.99,2,3,0,3,65
2025-03-06 03:00:00,34.82,0.0,82.77,0.08277,34.82,3,3,0,3,65
2025-03-06 04:00:00,29.132,0.0,101.82,0.10182,29.132,4,3,0,3,65
2025-03-06 05:00:00,32.655,0.0,90.72,0.09072,32.655,5,3,0,3,65
2025-03-06 06:00:00,45.086,0.0,100.65,0.10065,45.086,6,3,0,3,65
2025-03-06 07:00:00,43.992,1.907,106.27,0.10627,42.085,7,3,0,3,65
2025-03-06 08:00:00,70.234,3.991,121.11,0.12111,66.243,8,3,0,3,65
2025-03-06 09:00:00,65.112,8.403,113.71,0.11371,56.709,9,3,0,3,65
2025-03-06 10:00:00,60.171,11.301,105.34,0.10534,48.87,10,3,0,3,65
2025-03-06 11:00:00,63.299,10.247,123.36,0.12336,53.052,11,3,0,3,65
2025-03-06 12:00:00,67.633,14.383,84.72,0.08472,53.25,12,3,0,3,65
2025-03-06 13:00:00,67.135,11.666,89.57,0.08957,55.469,13,3,0,3,65
2025-03-06 14:00:00,60.855,11.055,90.35,0.09035,49.8,14,3,0,3,65
2025-03-06 15:00:00,63.551,11.786,87.28,0.08728,51.765,15,3,0,3,65
2025-03-06 16:00:00,64.008,7.432,83.58,0.08358,56.576,16,3,0,3,65
2025-03-06 17:00:00,64.7,6.514,94.66,0.09466,58.186,17,3,0,3,65
2025-03-06 18:00:00,61.466,2.818,124.8,0.1248,58.648,18,3,0,3,65
2025-03-06 19:00:00,37.53,0.0,141.97,0.14197,37.53,19,3,0,3,65
2025-03-06 20:00:00,37.21,0.0,136.72,0.13672,37.21,20,3,0,3,65
2025-03-06 21:00:00,42.01,0.0,120.14,0.12014,42.01,21,3,0,3,65
2025-03-06 22:00:00,42.13,0.0,123.11,0.12311,42.13,22,3,0,3,65
2025-03-06 23:00:00,29.501,0.0,127.5,0.1275,29.501,23,3,0,3,65
2025-03-07 00:00:00,28.708,0.0,89.61,0.08961,28.708,0,4,0,3,66
2025-03-07 01:00:00,30.41,0.0,96.51,0.09651,30.41,1,4,0,3,66
2025-03-07 02:00:00,27.349,0.0,100.35,0.10035,27.349,2,4,0,3,66
2025-03-07 03:00:00,26.293,0.0,110.94,0.11094,26.293,3,4,0,3,66
2025-03-07 04:00:00,26.954,0.0,95.58,0.09558,26.954,4,4,0,3,66
2025-03-07 05:00:00,27.931,0.0,107.56,0.10756,27.931,5,4,0,3,66
2025-03-07 06:00:00,40.594,0.0,119.82,0.11982,40.594,6,4,0,3,66
2025-03-07 07:00:00,44.836,2.981,95.18,0.09518,41.855,7,4,0,3,66
2025-03-07 08:00:00,68.185,5.868,100.2,0.1002,62.317,8,4,0,3,66
2025-03-07 09:00:00,60.771,9.689,112.68,0.11268,51.082,9,4,0,3,66
2025-03-07 10:00:00,65.93,11.731,119.41,0.11941,54.199,10,4,0,3,66
2025-03-07 11:00:00,65.146,13.382,105.34,0.10534,51.764,11,4,0,3,66
2025-03-07 12:00:00,66.943,14.564,103.97,0.10397,52.379,12,4,0,3,66
2025-03-07 13:00:00,65.808,9.456,69.29,0.06929,56.352,13,4,0,3,66
2025-03-07 14:00:00,61.198,12.341,86.76,0.08676,48.857,14,4,0,3,66
2025-03-07 15:00:00,61.81,11.591,56.75,0.05675,50.219,15,4,0,3,66
2025-03-07 16:00:00,65.944,7.221,105.46,0.10546,58.723,16,4,0,3,66
2025-03-07 17:00:00,69.142,6.004,115.67,0.11567,63.138,17,4,0,3,66
2025-03-07 18:00:00,58.764,2.205,114.95,0.11495,56.559,18,4,0,3,66
2025-03-07 19:00:00,40.639,0.0,207.63,0.20763,40.639,19,4,0,3,66
2025-03-07 20:00:00,43.339,0.0,134.79,0.13479,43.339,20,4,0,3,66
2025-03-07 21:00:00,39.043,0.0,144.11,0.14411,39.043,21,4,0,3,66
2025-03-07 22:00:00,41.293,0.0,126.78,0.12678,41.293,22,4,0,3,66
2025-03-07 23:00:00,27.713,0.0,130.48,0.13048,27.713,23,4,0,3,66
2025-03-08 00:00:00,25.749,0.0,89.34,0.08934,25.749,0,5,1,3,67
2025-03-08 01:00:00,20.944,0.0,112.62,0.11262,20.944,1,5,1,3,67
2025-03-08 02:00:00,18.629,0.0,72.18,0.07218,18.629,2,5,1,3,67
2025-03-08 03:00:00,29.148,0.0,85.09,0.08509,29.148,3,5,1,3,67
2025-03-08 04:00:00,22.979,0.0,80.55,0.08055,22.979,4,5,1,3,67
2025-03-08 05:00:00,24.673,0.0,102.7,0.1027,24.673,5,5,1,3,67
2025-03-08 06:00:00,31.452,0.0,86.42,0.08642,31.452,6,5,1,3,67
2025-03-08 07:00:00,31.376,2.69,112.69,0.11269,28.686,7,5,1,3,67
2025-03-08 08:00:00,49.968,5.596,112.79,0.11279,44.372,8,5,1,3,67
2025-03-08 09:00:00,48.19,7.015,108.04,0.10804,41.175,9,5,1,3,67
2025-03-08 10:00:00,51.734,10.676,101.1,0.1011,41.058,10,5,1,3,67
2025-03-08 11:00:00,51.972,10.794,84.1,0.0841,41.178,11,5,1,3,67
2025-03-08 12:00:00,51.551,10.468,91.9,0.0919,41.083,12,5,1,3,67
2025-03-08 13:00:00,51.288,14.197,73.82,0.07382,37.091,13,5,1,3,67
2025-03-08 14:00:00,55.573,13.649,83.53,0.08353,41.924,14,5,1,3,67
2025-03-08 15:00:00,47.108,8.579,92.76,0.09276,38.529,15,5,1,3,67
2025-03-08 16:00:00,50.348,7.416,81.65,0.08165,42.932,16,5,1,3,67
2025-03-08 17:00:00,54.149,4.775,109.54,0.10954,49.374,17,5,1,3,67
2025-03-08 18:00:00,54.571,2.434,112.68,0.11268,52.137,18,5,1,3,67
2025-03-08 19:00:00,28.086,0.0,129.67,0.12967,28.086,19,5,1,3,67
2025-03-08 20:00:00,31.636,0.0,116.21,0.11621,31.636,20,5,1,3,67
2025-03-08 21:00:00,36.982,0.0,118.63,0.11863,36.982,21,5,1,3,67
2025-03-08 22:00:00,34.262,0.0,108.22,0.10822,34.262,22,5,1,3,67
2025-03-08 23:00:00,26.756,0.0,118.0,0.118,26.756,23,5,1,3,67
2025-03-09 00:00:00,25.431,0.0,88.35,0.08835,25.431,0,6,1,3,68
2025-03-09 01:00:00,24.899,0.0,98.16,0.09816,24.899,1,6,1,3,68
2025-03-09 02:00:00,27.05,0.0,91.19,0.09119,27.05,2,6,1,3,68
2025-03-09 03:00:00,25.32,0.0,88.67,0.08867,25.32,3,6,1,3,68
2025-03-09 04:00:00,25.991,0.0,78.34,0.07834,25.991,4,6,1,3,68
2025-03-09 05:00:00,26.379,0.0,75.81,0.07581,26.379,5,6,1,3,68
2025-03-09 06:00:00,33.711,0.0,94.71,0.09471,33.711,6,6,1,3,68
2025-03-09 07:00:00,37.584,3.213,99.38,0.09938,34.371,7,6,1,3,68
2025-03-09 08:00:00,59.836,6.449,96.7,0.0967,53.387,8,6,1,3,68
2025-03-09 09:00:00,44.824,6.762,107.25,0.10725,38.062,9,6,1,3,68
2025-03-09 10:00:00,51.547,11.452,121.43,0.12143,40.095,10,6,1,3,68
2025-03-09 11:00:00,48.078,14.534,109.13,0.10913,33.544,11,6,1,3,68
2025-03-09 12:00:00,52.358,11.846,85.29,0.08529,40.512,12,6,1,3,68
2025-03-09 13:00:00,50.66,15.431,78.67,0.07867,35.229,13,6,1,3,68
2025-03-09 14:00:00,52.949,13.89,81.48,0.08148,39.059,14,6,1,3,68
2025-03-09 15:00:00,54.272,8.995,79.46,0.07946,45.277,15,6,1,3,68
2025-03-09 16:00:00,51.126,10.274,90.4,0.0904,40.852,16,6,1,3,68
2025-03-09 17:00:00,54.133,6.02,98.31,0.09831,48.113,17,6,1,3,68
2025-03-09 18:00:00,43.009,2.615,110.94,0.11094,40.394,18,6,1,3,68
2025-03-09 19:00:00,37.719,0.0,116.4,0.1164,37.719,19,6,1,3,68
2025-03-09 20:00:00,33.83,0.0,132.14,0.13214,33.83,20,6,1,3,68
2025-03-09 21:00:00,36.079,0.0,101.96,0.10196,36.079,21,6,1,3,68
2025-03-09 22:00:00,28.726,0.0,116.93,0.11693,28.726,22,6,1,3,68
2025-03-09 23:00:00,23.469,0.0,82.96,0.08296,23.469,23,6,1,3,68
2025-03-10 00:00:00,30.414,0.0,100.6,0.1006,30.414,0,0,0,3,69
2025-03-10 01:00:00,29.893,0.0,88.18,0.08818,29.893,1,0,0,3,69
2025-03-10 02:00:00,30.853,0.0,110.82,0.11082,30.853,2,0,0,3,69
2025-03-10 03:00:00,33.418,0.0,99.22,0.09922,33.418,3,0,0,3,69
2025-03-10 04:00:00,24.299,0.0,99.17,0.09917,24.299,4,0,0,3,69
2025-03-10 05:00:00,33.064,0.0,105.05,0.10505,33.064,5,0,0,3,69
2025-03-10 06:00:00,44.311,0.0,95.55,0.09555,44.311,6,0,0,3,69
2025-03-10 07:00:00,43.632,2.177,119.49,0.11949,41.455,7,0,0,3,69
2025-03-10 08:00:00,61.082,5.301,118.52,0.11852,55.781,8,0,0,3,69
2025-03-10 09:00:00,67.399,10.547,106.38,0.10638,56.852,9,0,0,3,69
2025-03-10 10:00:00,58.064,11.125,97.3,0.0973,46.939,10,0,0,3,69
2025-03-10 11:00:00,67.864,9.268,96.08,0.09608,58.596,11,0,0,3,69
2025-03-10 12:00:00,61.015,7.055,90.0,0.09,53.96,12,0,0,3,69
2025-03-10 13:00:00,65.96,9.145,73.27,0.07327,56.815,13,0,0,3,69
2025-03-10 14:00:00,65.408,2.974,76.53,0.07653,62.434,14,0,0,3,69
2025-03-10 15:00:00,69.532,10.928,77.11,0.07711,58.604,15,0,0,3,69
2025-03-10 16:00:00,65.218,6.553,87.97,0.08797,58.665,16,0,0,3,69
2025-03-10 17:00:00,63.568,6.826,99.65,0.09965,56.742,17,0,0,3,69
2025-03-10 18:00:00,64.168,3.806,120.92,0.12092,60.362,18,0,0,3,69
2025-03-10 19:00:00,43.578,0.0,129.26,0.12926,43.578,19,0,0,3,69
2025-03-10 20:00:00,41.221,0.0,138.7,0.1387,41.221,20,0,0,3,69
2025-03-10 21:00:00,38.271,0.0,133.24,0.13324,38.271,21,0,0,3,69
2025-03-10 22:00:00,38.749,0.0,118.5,0.1185,38.749,22,0,0,3,69
2025-03-10 23:00:00,24.932,0.0,116.63,0.11663,24.932,23,0,0,3,69
2025-03-11 00:00:00,31.185,0.0,69.67,0.06967,31.185,0,1,0,3,70
2025-03-11 01:00:00,24.311,0.0,93.54,0.09354,24.311,1,1,0,3,70
2025-03-11 02:00:00,32.348,0.0,91.5,0.0915,32.348,2,1,0,3,70
2025-03-11 03:00:00,30.354,0.0,98.69,0.09869,30.354,3,1,0,3,70
2025-03-11 04:00:00,37.58,0.0,91.97,0.09197,37.58,4,1,0,3,70
2025-03-11 05:00:00,26.422,0.0,105.65,0.10565,26.422,5,1,0,3,70
2025-03-11 06:00:00,43.944,0.0,110.61,0.11061,43.944,6,1,0,3,70
2025-03-11 07:00:00,50.027,3.628,93.6,0.0936,46.399,7,1,0,3,70
2025-03-11 08:00:00,69.581,7.562,112.98,0.11298,62.019,8,1,0,3,70
2025-03-11 09:00:00,63.541,10.79,98.24,0.09824,52.751,9,1,0,3,70
2025-03-11 10:00:00,66.485,13.391,111.85,0.11185,53.094,10,1,0,3,70
2025-03-11 11:00:00,65.775,14.735,94.79,0.09479,51.04,11,1,0,3,70
2025-03-11 12:00:00,66.671,12.054,82.67,0.08267,54.617,12,1,0,3,70
2025-03-11 13:00:00,63.533,13.022,66.65,0.06665,50.511,13,1,0,3,70
2025-03-11 14:00:00,65.483,12.342,79.82,0.07982,53.141,14,1,0,3,70
2025-03-11 15:00:00,60.655,13.391,71.08,0.07108,47.264,15,1,0,3,70
2025-03-11 16:00:00,66.201,10.044,74.8,0.0748,56.157,16,1,0,3,70
2025-03-11 17:00:00,67.209,7.562,103.09,0.10309,59.647,17,1,0,3,70
2025-03-11 18:00:00,65.041,3.718,125.36,0.12536,61.323,18,1,0,3,70
2025-03-11 19:00:00,34.328,0.0,132.53,0.13253,34.328,19,1,0,3,70
2025-03-11 20:00:00,42.659,0.0,120.01,0.12001,42.659,20,1,0,3,70
2025-03-11 21:00:00,40.662,0.0,129.02,0.12902,40.662,21,1,0,3,70
2025-03-11 22:00:00,37.173,0.0,126.89,0.12689,37.173,22,1,0,3,70
2025-03-11 23:00:00,29.044,0.0,108.07,0.10807,29.044,23,1,0,3,70
2025-03-12 00:00:00,25.135,0.0,100.0,0.1,25.135,0,2,0,3,71
2025-03-12 01:00:00,26.656,0.0,92.39,0.09239,26.656,1,2,0,3,71
2025-03-12 02:00:00,28.216,0.0,93.0,0.093,28.216,2,2,0,3,71
2025-03-12 03:00:00,33.868,0.0,90.54,0.09054,33.868,3,2,0,3,71
2025-03-12 04:00:00,27.891,0.0,104.07,0.10407,27.891,4,2,0,3,71
2025-03-12 05:00:00,31.986,0.0,106.54,0.10654,31.986,5,2,0,3,71
2025-03-12 06:00:00,42.539,0.0,97.44,0.09744,42.539,6,2,0,3,71
2025-03-12 07:00:00,45.055,2.074,114.62,0.11462,42.981,7,2,0,3,71
2025-03-12 08:00:00,65.295,6.653,96.11,0.09611,58.642,8,2,0,3,71
2025-03-12 09:00:00,68.542,7.554,108.98,0.10898,60.988,9,2,0,3,71
2025-03-12 10:00:00,64.036,10.889,93.15,0.09315,53.147,10,2,0,3,71
2025-03-12 11:00:00,60.716,11.688,87.77,0.08777,49.028,11,2,0,3,71
2025-03-12 12:00:00,61.326,9.581,76.7,0.0767,51.745,12,2,0,3,71
2025-03-12 13:00:00,64.046,14.358,76.83,0.07683,49.688,13,2,0,3,71
2025-03-12 14:00:00,61.751,15.56,86.57,0.08657,46.191,14,2,0,3,71
2025-03-12 15:00:00,67.061,13.536,81.52,0.08152,53.525,15,2,0,3,71
2025-03-12 16:00:00,64.257,11.035,83.43,0.08343,53.222,16,2,0,3,71
2025-03-12 17:00:00,73.347,7.668,99.13,0.09913,65.679,17,2,0,3,71
2025-03-12 18:00:00,60.187,3.983,94.75,0.09475,56.204,18,2,0,3,71
2025-03-12 19:00:00,40.138,0.0,133.94,0.13394,40.138,19,2,0,3,71
2025-03-12 20:00:00,35.877,0.0,111.48,0.11148,35.877,20,2,0,3,71
2025-03-12 21:00:00,37.908,0.0,122.95,0.12295,37.908,21,2,0,3,71
2025-03-12 22:00:00,39.939,0.0,237.94,0.23794,39.939,22,2,0,3,71
2025-03-12 23:00:00,22.496,0.0,113.52,0.11352,22.496,23,2,0,3,71
2025-03-13 00:00:00,30.69,0.0,98.78,0.09878,30.69,0,3,0,3,72
2025-03-13 01:00:00,36.021,0.0,95.91,0.09591,36.021,1,3,0,3,72
2025-03-13 02:00:00,28.481,0.0,111.06,0.11106,28.481,2,3,0,3,72
2025-03-13 03:00:00,30.763,0.0,116.92,0.11692,30.763,3,3,0,3,72
2025-03-13 04:00:00,33.211,0.0,97.66,0.09766,33.211,4,3,0,3,72
2025-03-13 05:00:00,29.407,0.0,98.43,0.09843,29.407,5,3,0,3,72
2025-03-13 06:00:00,42.391,0.0,101.03,0.10103,42.391,6,3,0,3,72
2025-03-13 07:00:00,36.967,3.616,100.6,0.1006,33.351,7,3,0,3,72
2025-03-13 08:00:00,67.778,7.908,113.78,0.11378,59.87,8,3,0,3,72
2025-03-13 09:00:00,65.365,4.451,123.04,0.12304,60.914,9,3,0,3,72
2025-03-13 10:00:00,62.486,14.004,81.42,0.08142,48.482,10,3,0,3,72
2025-03-13 11:00:00,66.132,15.677,97.03,0.09703,50.455,11,3,0,3,72
2025-03-13 12:00:00,63.859,11.082,104.88,0.10488,52.777,12,3,0,3,72
2025-03-13 13:00:00,64.036,14.591,86.96,0.08696,49.445,13,3,0,3,72
2025-03-13 14:00:00,67.667,13.36,84.15,0.08415,54.307,14,3,0,3,72
2025-03-13 15:00:00,61.444,14.004,65.93,0.06593,47.44,15,3,0,3,72
2025-03-13 16:00:00,69.078,11.284,95.93,0.09593,57.794,16,3,0,3,72
2025-03-13 17:00:00,61.254,7.183,110.59,0.11059,54.071,17,3,0,3,72
2025-03-13 18:00:00,63.606,2.749,116.94,0.11694,60.857,18,3,0,3,72
2025-03-13 19:00:00,45.63,0.0,121.31,0.12131,45.63,19,3,0,3,72
2025-03-13 20:00:00,43.085,0.0,138.02,0.13802,43.085,20,3,0,3,72
2025-03-13 21:00:00,39.789,0.0,119.28,0.11928,39.789,21,3,0,3,72
2025-03-13 22:00:00,36.467,0.0,107.66,0.10766,36.467,22,3,0,3,72
2025-03-13 23:00:00,28.238,0.0,116.72,0.11672,28.238,23,3,0,3,72
2025-03-14 00:00:00,30.161,0.0,106.98,0.10698,30.161,0,4,0,3,73
2025-03-14 01:00:00,30.046,0.0,88.62,0.08862,30.046,1,4,0,3,73
2025-03-14 02:00:00,29.636,0.0,84.47,0.08447,29.636,2,4,0,3,73
2025-03-14 03:00:00,29.828,0.0,87.63,0.08763,29.828,3,4,0,3,73
2025-03-14 04:00:00,29.24,0.0,99.2,0.0992,29.24,4,4,0,3,73
2025-03-14 05:00:00,25.312,0.0,87.43,0.08743,25.312,5,4,0,3,73
2025-03-14 06:00:00,42.585,0.0,115.1,0.1151,42.585,6,4,0,3,73
2025-03-14 07:00:00,47.165,3.687,101.7,0.1017,43.478,7,4,0,3,73
2025-03-14 08:00:00,61.327,6.813,113.32,0.11332,54.514,8,4,0,3,73
2025-03-14 09:00:00,65.099,10.44,102.53,0.10253,54.659,9,4,0,3,73
2025-03-14 10:00:00,63.082,8.967,111.8,0.1118,54.115,10,4,0,3,73
2025-03-14 11:00:00,66.062,7.043,105.02,0.10502,59.019,11,4,0,3,73
2025-03-14 12:00:00,64.462,11.94,72.85,0.07285,52.522,12,4,0,3,73
2025-03-14 13:00:00,70.433,13.487,75.87,0.07587,56.946,13,4,0,3,73
2025-03-14 14:00:00,67.327,13.34,78.08,0.07808,53.987,14,4,0,3,73
2025-03-14 15:00:00,61.508,9.44,76.32,0.07632,52.068,15,4,0,3,73
2025-03-14 16:00:00,67.853,10.528,97.26,0.09726,57.325,16,4,0,3,73
2025-03-14 17:00:00,63.227,7.733,94.17,0.09417,55.494,17,4,0,3,73
2025-03-14 18:00:00,63.859,3.533,121.73,0.12173,60.326,18,4,0,3,73
2025-03-14 19:00:00,40.472,0.0,132.35,0.13235,40.472,19,4,0,3,73
2025-03-14 20:00:00,37.894,0.0,132.15,0.13215,37.894,20,4,0,3,73
2025-03-14 21:00:00,42.325,0.0,136.86,0.13686,42.325,21,4,0,3,73
2025-03-14 22:00:00,36.989,0.0,103.62,0.10362,36.989,22,4,0,3,73
2025-03-14 23:00:00,27.946,0.0,107.72,0.10772,27.946,23,4,0,3,73
2025-03-15 00:00:00,24.006,0.0,80.92,0.08092,24.006,0,5,1,3,74
2025-03-15 01:00:00,24.296,0.0,87.61,0.08761,24.296,1,5,1,3,74
2025-03-15 02:00:00,29.624,0.0,84.07,0.08407,29.624,2,5,1,3,74
2025-03-15 03:00:00,28.118,0.0,89.65,0.08965,28.118,3,5,1,3,74
2025-03-15 04:00:00,31.578,0.0,89.96,0.08996,31.578,4,5,1,3,74
2025-03-15 05:00:00,33.363,0.0,93.09,0.09309,33.363,5,5,1,3,74
2025-03-15 06:00:00,32.536,0.0,96.69,0.09669,32.536,6,5,1,3,74
2025-03-15 07:00:00,36.059,3.306,104.72,0.10472,32.753,7,5,1,3,74
2025-03-15 08:00:00,46.661,8.096,89.71,0.08971,38.565,8,5,1,3,74
2025-03-15 09:00:00,47.937,11.284,107.7,0.1077,36.653,9,5,1,3,74
2025-03-15 10:00:00,48.409,14.581,83.47,0.08347,33.828,10,5,1,3,74
2025-03-15 11:00:00,47.042,15.955,63.06,0.06306,31.087,11,5,1,3,74
2025-03-15 12:00:00,47.059,8.453,101.99,0.10199,38.606,12,5,1,3,74
2025-03-15 13:00:00,49.963,17.382,65.91,0.06591,32.581,13,5,1,3,74
2025-03-15 14:00:00,46.532,13.67,67.81,0.06781,32.862,14,5,1,3,74
2025-03-15 15:00:00,53.12,10.936,55.58,0.05558,42.184,15,5,1,3,74
2025-03-15 16:00:00,47.488,7.8,76.64,0.07664,39.688,16,5,1,3,74
2025-03-15 17:00:00,59.416,8.262,94.84,0.09484,51.154,17,5,1,3,74
2025-03-15 18:00:00,48.981,3.72,109.65,0.10965,45.261,18,5,1,3,74
2025-03-15 19:00:00,32.822,0.0,108.07,0.10807,32.822,19,5,1,3,74
2025-03-15 20:00:00,28.446,0.0,121.43,0.12143,28.446,20,5,1,3,74
2025-03-15 21:00:00,38.051,0.0,125.63,0.12563,38.051,21,5,1,3,74
2025-03-15 22:00:00,36.174,0.0,114.02,0.11402,36.174,22,5,1,3,74
2025-03-15 23:00:00,27.056,0.0,102.26,0.10226,27.056,23,5,1,3,74
2025-03-16 00:00:00,21.793,0.0,95.91,0.09591,21.793,0,6,1,3,75
2025-03-16 01:00:00,26.777,0.0,87.23,0.08723,26.777,1,6,1,3,75
2025-03-16 02:00:00,22.514,0.0,102.32,0.10232,22.514,2,6,1,3,75
2025-03-16 03:00:00,30.782,0.0,85.75,0.08575,30.782,3,6,1,3,75
2025-03-16 04:00:00,28.692,0.0,96.45,0.09645,28.692,4,6,1,3,75
2025-03-16 05:00:00,26.408,0.0,98.65,0.09865,26.408,5,6,1,3,75
2025-03-16 06:00:00,28.029,0.0,78.15,0.07815,28.029,6,6,1,3,75
2025-03-16 07:00:00,32.679,2.071,103.04,0.10304,30.608,7,6,1,3,75
2025-03-16 08:00:00,52.611,8.408,95.54,0.09554,44.203,8,6,1,3,75
2025-03-16 09:00:00,54.292,9.016,92.16,0.09216,45.276,9,6,1,3,75
2025-03-16 10:00:00,53.96,10.928,94.0,0.094,43.032,10,6,1,3,75
2025-03-16 11:00:00,45.316,11.889,92.26,0.09226,33.427,11,6,1,3,75
2025-03-16 12:00:00,51.375,14.303,66.26,0.06626,37.072,12,6,1,3,75
2025-03-16 13:00:00,53.66,14.99,75.21,0.07521,38.67,13,6,1,3,75
2025-03-16 14:00:00,45.104,13.192,69.75,0.06975,31.912,14,6,1,3,75
2025-03-16 15:00:00,50.385,14.951,84.23,0.08423,35.434,15,6,1,3,75
2025-03-16 16:00:00,51.287,2.56,74.49,0.07449,48.727,16,6,1,3,75
2025-03-16 17:00:00,49.448,6.777,104.31,0.10431,42.671,17,6,1,3,75
2025-03-16 18:00:00,44.483,4.348,110.73,0.11073,40.135,18,6,1,3,75
2025-03-16 19:00:00,31.542,0.0,119.44,0.11944,31.542,19,6,1,3,75
2025-03-16 20:00:00,31.537,0.0,138.24,0.13824,31.537,20,6,1,3,75
2025-03-16 21:00:00,32.111,0.0,140.8,0.1408,32.111,21,6,1,3,75
2025-03-16 22:00:00,30.782,0.0,109.17,0.10917,30.782,22,6,1,3,75
2025-03-16 23:00:00,24.685,0.0,93.22,0.09322,24.685,23,6,1,3,75
2025-03-17 00:00:00,29.783,0.0,99.23,0.09923,29.783,0,0,0,3,76
2025-03-17 01:00:00,31.326,0.0,80.73,0.08073,31.326,1,0,0,3,76
2025-03-17 02:00:00,28.936,0.0,82.03,0.08203,28.936,2,0,0,3,76
2025-03-17 03:00:00,28.599,0.0,108.4,0.1084,28.599,3,0,0,3,76
2025-03-17 04:00:00,30.206,0.0,101.87,0.10187,30.206,4,0,0,3,76
2025-03-17 05:00:00,23.763,0.0,89.41,0.08941,23.763,5,0,0,3,76
2025-03-17 06:00:00,45.729,0.0,132.54,0.13254,45.729,6,0,0,3,76
2025-03-17 07:00:00,44.2,3.608,91.45,0.09145,40.592,7,0,0,3,76
2025-03-17 08:00:00,65.767,8.624,114.78,0.11478,57.143,8,0,0,3,76
2025-03-17 09:00:00,68.715,12.306,100.92,0.10092,56.409,9,0,0,3,76
2025-03-17 10:00:00,59.391,14.9,122.69,0.12269,44.491,10,0,0,3,76
2025-03-17 11:00:00,59.324,12.67,91.98,0.09198,46.654,11,0,0,3,76
2025-03-17 12:00:00,66.517,16.003,85.7,0.0857,50.514,12,0,0,3,76
2025-03-17 13:00:00,65.618,16.262,63.5,0.0635,49.356,13,0,0,3,76
2025-03-17 14:00:00,66.185,12.253,99.4,0.0994,53.932,14,0,0,3,76
2025-03-17 15:00:00,64.162,13.655,74.32,0.07432,50.507,15,0,0,3,76
2025-03-17 16:00:00,67.766,12.003,92.27,0.09227,55.763,16,0,0,3,76
2025-03-17 17:00:00,68.625,7.819,99.1,0.0991,60.806,17,0,0,3,76
2025-03-17 18:00:00,67.189,4.285,107.99,0.10799,62.904,18,0,0,3,76
2025-03-17 19:00:00,38.604,0.0,104.14,0.10414,38.604,19,0,0,3,76
2025-03-17 20:00:00,32.694,0.0,129.87,0.12987,32.694,20,0,0,3,76
2025-03-17 21:00:00,41.9,0.0,125.5,0.1255,41.9,21,0,0,3,76
2025-03-17 22:00:00,43.348,0.0,121.11,0.12111,43.348,22,0,0,3,76
2025-03-17 23:00:00,31.973,0.0,128.72,0.12872,31.973,23,0,0,3,76
2025-03-18 00:00:00,27.09,0.0,101.03,0.10103,27.09,0,1,0,3,77
2025-03-18 01:00:00,32.061,0.0,103.2,0.1032,32.061,1,1,0,3,77
2025-03-18 02:00:00,32.658,0.0,91.63,0.09163,32.658,2,1,0,3,77
2025-03-18 03:00:00,34.893,0.0,81.84,0.08184,34.893,3,1,0,3,77
2025-03-18 04:00:00,27.101,0.0,93.0,0.093,27.101,4,1,0,3,77
2025-03-18 05:00:00,29.18,0.0,90.29,0.09029,29.18,5,1,0,3,77
2025-03-18 06:00:00,46.581,0.0,100.33,0.10033,46.581,6,1,0,3,77
2025-03-18 07:00:00,44.374,4.536,99.97,0.09997,39.838,7,1,0,3,77
2025-03-18 08:00:00,62.043,5.505,91.45,0.09145,56.538,8,1,0,3,77
2025-03-18 09:00:00,66.945,9.748,268.8,0.2688,57.197,9,1,0,3,77
2025-03-18 10:00:00,67.47,4.688,103.12,0.10312,62.782,10,1,0,3,77
2025-03-18 11:00:00,65.9,12.886,93.63,0.09363,53.014,11,1,0,3,77
2025-03-18 12:00:00,66.321,8.085,77.14,0.07714,58.236,12,1,0,3,77
2025-03-18 13:00:00,64.79,11.533,76.47,0.07647,53.257,13,1,0,3,77
2025-03-18 14:00:00,70.349,12.968,69.58,0.06958,57.381,14,1,0,3,77
2025-03-18 15:00:00,62.736,14.588,68.2,0.0682,48.148,15,1,0,3,77
2025-03-18 16:00:00,63.739,4.888,88.74,0.08874,58.851,16,1,0,3,77
2025-03-18 17:00:00,65.653,2.688,94.01,0.09401,62.965,17,1,0,3,77
2025-03-18 18:00:00,68.431,4.536,120.63,0.12063,63.895,18,1,0,3,77
2025-03-18 19:00:00,34.637,0.0,122.46,0.12246,34.637,19,1,0,3,77
2025-03-18 20:00:00,35.235,0.0,132.94,0.13294,35.235,20,1,0,3,77
2025-03-18 21:00:00,32.908,0.0,128.73,0.12873,32.908,21,1,0,3,77
2025-03-18 22:00:00,39.533,0.0,121.41,0.12141,39.533,22,1,0,3,77
2025-03-18 23:00:00,26.326,0.0,98.49,0.09849,26.326,23,1,0,3,77
2025-03-19 00:00:00,28.668,0.0,103.22,0.10322,28.668,0,2,0,3,78
2025-03-19 01:00:00,32.015,0.0,82.45,0.08245,32.015,1,2,0,3,78
2025-03-19 02:00:00,27.846,0.0,94.76,0.09476,27.846,2,2,0,3,78
2025-03-19 03:00:00,30.639,0.0,82.57,0.08257,30.639,3,2,0,3,78
2025-03-19 04:00:00,28.941,0.0,94.23,0.09423,28.941,4,2,0,3,78
2025-03-19 05:00:00,32.05,0.0,106.19,0.10619,32.05,5,2,0,3,78
2025-03-19 06:00:00,45.698,0.0,106.03,0.10603,45.698,6,2,0,3,78
2025-03-19 07:00:00,41.964,4.437,115.14,0.11514,37.527,7,2,0,3,78
2025-03-19 08:00:00,65.056,5.84,104.84,0.10484,59.216,8,2,0,3,78
2025-03-19 09:00:00,68.936,12.833,117.26,0.11726,56.103,9,2,0,3,78
2025-03-19 10:00:00,66.855,11.548,97.25,0.09725,55.307,10,2,0,3,78
2025-03-19 11:00:00,61.126,13.587,91.99,0.09199,47.539,11,2,0,3,78
2025-03-19 12:00:00,67.694,12.522,89.14,0.08914,55.172,12,2,0,3,78
2025-03-19 13:00:00,62.125,13.741,89.37,0.08937,48.384,13,2,0,3,78
2025-03-19 14:00:00,70.116,12.31,72.39,0.07239,57.806,14,2,0,3,78
2025-03-19 15:00:00,68.873,8.033,86.74,0.08674,60.84,15,2,0,3,78
2025-03-19 16:00:00,66.524,12.833,89.07,0.08907,53.691,16,2,0,3,78
2025-03-19 17:00:00,66.099,8.994,101.72,0.10172,57.105,17,2,0,3,78
2025-03-19 18:00:00,64.927,4.366,104.25,0.10425,60.561,18,2,0,3,78
2025-03-19 19:00:00,41.59,0.0,121.86,0.12186,41.59,19,2,0,3,78
2025-03-19 20:00:00,38.232,0.0,130.5,0.1305,38.232,20,2,0,3,78
2025-03-19 21:00:00,40.172,0.0,130.88,0.13088,40.172,21,2,0,3,78
2025-03-19 22:00:00,42.208,0.0,109.13,0.10913,42.208,22,2,0,3,78
2025-03-19 23:00:00,28.101,0.0,93.63,0.09363,28.101,23,2,0,3,78
2025-03-20 00:00:00,27.922,0.0,72.55,0.07255,27.922,0,3,0,3,79
2025-03-20 01:00:00,26.071,0.0,101.36,0.10136,26.071,1,3,0,3,79
2025-03-20 02:00:00,26.487,0.0,103.42,0.10342,26.487,2,3,0,3,79
2025-03-20 03:00:00,24.043,0.0,74.17,0.07417,24.043,3,3,0,3,79
2025-03-20 04:00:00,32.229,0.0,95.84,0.09584,32.229,4,3,0,3,79
2025-03-20 05:00:00,35.682,0.0,93.15,0.09315,35.682,5,3,0,3,79
2025-03-20 06:00:00,48.727,0.0,112.29,0.11229,48.727,6,3,0,3,79
2025-03-20 07:00:00,38.962,4.728,102.1,0.1021,34.234,7,3,0,3,79
2025-03-20 08:00:00,67.893,7.99,112.97,0.11297,59.903,8,3,0,3,79
2025-03-20 09:00:00,70.124,7.167,103.57,0.10357,62.957,9,3,0,3,79
2025-03-20 10:00:00,64.112,14.77,96.95,0.09695,49.342,10,3,0,3,79
2025-03-20 11:00:00,65.898,12.799,103.89,0.10389,53.099,11,3,0,3,79
2025-03-20 12:00:00,59.148,10.334,98.27,0.09827,48.814,12,3,0,3,79
2025-03-20 13:00:00,66.427,15.439,67.83,0.06783,50.988,13,3,0,3,79
2025-03-20 14:00:00,62.17,18.472,88.93,0.08893,43.698,14,3,0,3,79
2025-03-20 15:00:00,66.212,10.013,69.68,0.06968,56.199,15,3,0,3,79
2025-03-20 16:00:00,60.578,12.545,63.08,0.06308,48.033,16,3,0,3,79
2025-03-20 17:00:00,67.311,9.135,98.1,0.0981,58.176,17,3,0,3,79
2025-03-20 18:00:00,68.852,2.893,117.51,0.11751,65.959,18,3,0,3,79
2025-03-20 19:00:00,36.902,0.0,110.2,0.1102,36.902,19,3,0,3,79
2025-03-20 20:00:00,35.77,0.0,111.26,0.11126,35.77,20,3,0,3,79
2025-03-20 21:00:00,32.509,0.0,122.21,0.12221,32.509,21,3,0,3,79
2025-03-20 22:00:00,38.556,0.0,110.57,0.11057,38.556,22,3,0,3,79
2025-03-20 23:00:00,28.032,0.0,119.89,0.11989,28.032,23,3,0,3,79
2025-03-21 00:00:00,24.924,0.0,93.65,0.09365,24.924,0,4,0,3,80
2025-03-21 01:00:00,31.337,0.0,100.89,0.10089,31.337,1,4,0,3,80
2025-03-21 02:00:00,28.448,0.0,95.73,0.09573,28.448,2,4,0,3,80
2025-03-21 03:00:00,26.445,0.0,109.6,0.1096,26.445,3,4,0,3,80
2025-03-21 04:00:00,28.113,0.0,85.82,0.08582,28.113,4,4,0,3,80
2025-03-21 05:00:00,33.316,0.0,95.7,0.0957,33.316,5,4,0,3,80
2025-03-21 06:00:00,46.082,0.0,84.08,0.08408,46.082,6,4,0,3,80
2025-03-21 07:00:00,43.737,4.066,111.97,0.11197,39.671,7,4,0,3,80
2025-03-21 08:00:00,67.532,8.925,118.31,0.11831,58.607,8,4,0,3,80
2025-03-21 09:00:00,61.836,8.589,116.2,0.1162,53.247,9,4,0,3,80
2025-03-21 10:00:00,65.655,12.523,102.22,0.10222,53.132,10,4,0,3,80
2025-03-21 11:00:00,66.022,9.066,80.98,0.08098,56.956,11,4,0,3,80
2025-03-21 12:00:00,64.048,14.979,86.27,0.08627,49.069,12,4,0,3,80
2025-03-21 13:00:00,66.944,20.016,73.39,0.07339,46.928,13,4,0,3,80
2025-03-21 14:00:00,63.054,18.509,86.39,0.08639,44.545,14,4,0,3,80
2025-03-21 15:00:00,67.182,9.952,74.81,0.07481,57.23,15,4,0,3,80
2025-03-21 16:00:00,67.317,13.371,81.57,0.08157,53.946,16,4,0,3,80
2025-03-21 17:00:00,56.216,5.66,119.38,0.11938,50.556,17,4,0,3,80
2025-03-21 18:00:00,69.36,3.26,120.08,0.12008,66.1,18,4,0,3,80
2025-03-21 19:00:00,29.646,0.0,135.77,0.13577,29.646,19,4,0,3,80
2025-03-21 20:00:00,37.427,0.0,125.62,0.12562,37.427,20,4,0,3,80
2025-03-21 21:00:00,42.679,0.0,115.8,0.1158,42.679,21,4,0,3,80
2025-03-21 22:00:00,38.383,0.0,127.17,0.12717,38.383,22,4,0,3,80
2025-03-21 23:00:00,25.196,0.0,120.77,0.12077,25.196,23,4,0,3,80
2025-03-22 00:00:00,22.58,0.0,73.32,0.07332,22.58,0,5,1,3,81
2025-03-22 01:00:00,29.366,0.0,81.03,0.08103,29.366,1,5,1,3,81
2025-03-22 02:00:00,19.931,0.0,77.14,0.07714,19.931,2,5,1,3,81
2025-03-22 03:00:00,29.693,0.0,91.38,0.09138,29.693,3,5,1,3,81
2025-03-22 04:00:00,25.903,0.0,98.25,0.09825,25.903,4,5,1,3,81
2025-03-22 05:00:00,22.264,0.0,85.55,0.08555,22.264,5,5,1,3,81
2025-03-22 06:00:00,33.91,0.0,88.71,0.08871,33.91,6,5,1,3,81
2025-03-22 07:00:00,32.52,3.461,76.94,0.07694,29.059,7,5,1,3,81
2025-03-22 08:00:00,53.091,9.561,90.28,0.09028,43.53,8,5,1,3,81
2025-03-22 09:00:00,52.663,8.091,115.2,0.1152,44.572,9,5,1,3,81
2025-03-22 10:00:00,44.818,15.043,101.05,0.10105,29.775,10,5,1,3,81
2025-03-22 11:00:00,49.028,15.996,97.79,0.09779,33.032,11,5,1,3,81
2025-03-22 12:00:00,47.557,12.1,76.14,0.07614,35.457,12,5,1,3,81
2025-03-22 13:00:00,54.458,13.88,70.09,0.07009,40.578,13,5,1,3,81
2025-03-22 14:00:00,45.999,7.875,70.0,0.07,38.124,14,5,1,3,81
2025-03-22 15:00:00,55.453,16.932,74.98,0.07498,38.521,15,5,1,3,81
2025-03-22 16:00:00,50.213,12.956,92.47,0.09247,37.257,16,5,1,3,81
2025-03-22 17:00:00,46.601,3.327,83.57,0.08357,43.274,17,5,1,3,81
2025-03-22 18:00:00,48.152,4.583,103.36,0.10336,43.569,18,5,1,3,81
2025-03-22 19:00:00,29.978,0.0,109.73,0.10973,29.978,19,5,1,3,81
2025-03-22 20:00:00,28.465,0.0,103.71,0.10371,28.465,20,5,1,3,81
2025-03-22 21:00:00,32.847,0.0,128.66,0.12866,32.847,21,5,1,3,81
2025-03-22 22:00:00,28.614,0.0,126.63,0.12663,28.614,22,5,1,3,81
2025-03-22 23:00:00,19.103,0.0,106.16,0.10616,19.103,23,5,1,3,81
2025-03-23 00:00:00,24.861,0.0,88.14,0.08814,24.861,0,6,1,3,82
2025-03-23 01:00:00,20.307,0.0,104.39,0.10439,20.307,1,6,1,3,82
2025-03-23 02:00:00,23.669,0.0,90.53,0.09053,23.669,2,6,1,3,82
2025-03-23 03:00:00,23.167,0.0,94.25,0.09425,23.167,3,6,1,3,82
2025-03-23 04:00:00,23.288,0.0,88.45,0.08845,23.288,4,6,1,3,82
2025-03-23 05:00:00,32.479,0.0,91.82,0.09182,32.479,5,6,1,3,82
2025-03-23 06:00:00,35.948,0.0,90.75,0.09075,35.948,6,6,1,3,82
2025-03-23 07:00:00,36.552,1.943,104.49,0.10449,34.609,7,6,1,3,82
2025-03-23 08:00:00,44.619,8.267,88.56,0.08856,36.352,8,6,1,3,82
2025-03-23 09:00:00,48.211,11.385,103.98,0.10398,36.826,9,6,1,3,82
2025-03-23 10:00:00,50.993,10.552,87.25,0.08725,40.441,10,6,1,3,82
2025-03-23 11:00:00,47.025,7.927,93.28,0.09328,39.098,11,6,1,3,82
2025-03-23 12:00:00,53.209,15.163,103.39,0.10339,38.046,12,6,1,3,82
2025-03-23 13:00:00,46.455,17.104,79.48,0.07948,29.351,13,6,1,3,82
2025-03-23 14:00:00,49.387,16.42,81.21,0.08121,32.967,14,6,1,3,82
2025-03-23 15:00:00,48.428,15.306,80.42,0.08042,33.122,15,6,1,3,82
2025-03-23 16:00:00,50.829,13.917,55.1,0.0551,36.912,16,6,1,3,82
2025-03-23 17:00:00,48.254,7.893,88.64,0.08864,40.361,17,6,1,3,82
2025-03-23 18:00:00,49.437,3.035,108.88,0.10888,46.402,18,6,1,3,82
2025-03-23 19:00:00,31.781,0.0,96.43,0.09643,31.781,19,6,1,3,82
2025-03-23 20:00:00,30.187,0.0,120.21,0.12021,30.187,20,6,1,3,82
2025-03-23 21:00:00,34.089,0.0,118.32,0.11832,34.089,21,6,1,3,82
2025-03-23 22:00:00,33.299,0.0,96.5,0.0965,33.299,22,6,1,3,82
2025-03-23 23:00:00,25.792,0.0,88.46,0.08846,25.792,23,6,1,3,82
2025-03-24 00:00:00,28.493,0.0,105.87,0.10587,28.493,0,0,0,3,83
2025-03-24 01:00:00,32.42,0.0,56.71,0.05671,32.42,1,0,0,3,83
2025-03-24 02:00:00,29.116,0.0,95.31,0.09531,29.116,2,0,0,3,83
2025-03-24 03:00:00,28.889,0.0,104.52,0.10452,28.889,3,0,0,3,83
2025-03-24 04:00:00,30.206,0.0,93.43,0.09343,30.206,4,0,0,3,83
2025-03-24 05:00:00,35.3,0.0,109.63,0.10963,35.3,5,0,0,3,83
2025-03-24 06:00:00,39.826,0.0,94.47,0.09447,39.826,6,0,0,3,83
2025-03-24 07:00:00,46.579,3.809,93.78,0.09378,42.77,7,0,0,3,83
2025-03-24 08:00:00,59.424,9.947,106.04,0.10604,49.477,8,0,0,3,83
2025-03-24 09:00:00,66.178,12.702,102.63,0.10263,53.476,9,0,0,3,83
2025-03-24 10:00:00,70.523,13.884,96.72,0.09672,56.639,10,0,0,3,83
2025-03-24 11:00:00,67.046,18.806,93.04,0.09304,48.24,11,0,0,3,83
2025-03-24 12:00:00,66.028,16.436,78.18,0.07818,49.592,12,0,0,3,83
2025-03-24 13:00:00,63.689,17.006,70.76,0.07076,46.683,13,0,0,3,83
2025-03-24 14:00:00,65.582,11.475,64.91,0.06491,54.107,14,0,0,3,83
2025-03-24 15:00:00,64.676,11.394,82.22,0.08222,53.282,15,0,0,3,83
2025-03-24 16:00:00,62.967,7.569,75.03,0.07503,55.398,16,0,0,3,83
2025-03-24 17:00:00,64.555,8.345,84.19,0.08419,56.21,17,0,0,3,83
2025-03-24 18:00:00,66.117,3.886,100.32,0.10032,62.231,18,0,0,3,83
2025-03-24 19:00:00,36.912,0.0,126.03,0.12603,36.912,19,0,0,3,83
2025-03-24 20:00:00,36.787,0.0,136.4,0.1364,36.787,20,0,0,3,83
2025-03-24 21:00:00,35.014,0.0,133.29,0.13329,35.014,21,0,0,3,83
2025-03-24 22:00:00,40.617,0.0,117.62,0.11762,40.617,22,0,0,3,83
2025-03-24 23:00:00,31.616,0.0,110.17,0.11017,31.616,23,0,0,3,83
2025-03-25 00:00:00,30.606,0.0,91.62,0.09162,30.606,0,1,0,3,84
2025-03-25 01:00:00,32.953,0.0,177.89,0.17789,32.953,1,1,0,3,84
2025-03-25 02:00:00,30.146,0.0,96.66,0.09666,30.146,2,1,0,3,84
2025-03-25 03:00:00,31.119,0.0,85.25,0.08525,31.119,3,1,0,3,84
2025-03-25 04:00:00,30.837,0.0,82.61,0.08261,30.837,4,1,0,3,84
2025-03-25 05:00:00,29.572,0.0,178.73,0.17873,29.572,5,1,0,3,84
2025-03-25 06:00:00,42.404,0.0,99.66,0.09966,42.404,6,1,0,3,84
2025-03-25 07:00:00,51.188,4.296,253.71,0.25371,46.892,7,1,0,3,84
2025-03-25 08:00:00,64.013,10.142,94.8,0.0948,53.871,8,1,0,3,84
2025-03-25 09:00:00,63.328,13.895,102.05,0.10205,49.433,9,1,0,3,84
2025-03-25 10:00:00,66.848,11.565,88.34,0.08834,55.283,10,1,0,3,84
2025-03-25 11:00:00,66.265,13.735,100.97,0.10097,52.53,11,1,0,3,84
2025-03-25 12:00:00,60.964,15.359,79.62,0.07962,45.605,12,1,0,3,84
2025-03-25 13:00:00,69.052,19.052,73.26,0.07326,50.0,13,1,0,3,84
2025-03-25 14:00:00,65.158,17.819,95.35,0.09535,47.339,14,1,0,3,84
2025-03-25 15:00:00,61.904,8.09,84.38,0.08438,53.814,15,1,0,3,84
2025-03-25 16:00:00,69.263,8.278,91.23,0.09123,60.985,16,1,0,3,84
2025-03-25 17:00:00,67.461,5.281,84.26,0.08426,62.18,17,1,0,3,84
2025-03-25 18:00:00,61.412,4.286,92.15,0.09215,57.126,18,1,0,3,84
2025-03-25 19:00:00,45.044,0.0,133.35,0.13335,45.044,19,1,0,3,84
2025-03-25 20:00:00,41.465,0.0,106.97,0.10697,41.465,20,1,0,3,84
2025-03-25 21:00:00,39.324,0.0,120.42,0.12042,39.324,21,1,0,3,84
2025-03-25 22:00:00,44.445,0.0,107.02,0.10702,44.445,22,1,0,3,84
2025-03-25 23:00:00,30.375,0.0,95.23,0.09523,30.375,23,1,0,3,84
2025-03-26 00:00:00,29.769,0.0,87.42,0.08742,29.769,0,2,0,3,85
2025-03-26 01:00:00,27.746,0.0,81.29,0.08129,27.746,1,2,0,3,85
2025-03-26 02:00:00,31.721,0.0,79.77,0.07977,31.721,2,2,0,3,85
2025-03-26 03:00:00,31.384,0.0,94.77,0.09477,31.384,3,2,0,3,85
2025-03-26 04:00:00,29.906,0.0,103.7,0.1037,29.906,4,2,0,3,85
2025-03-26 05:00:00,27.331,0.0,77.51,0.07751,27.331,5,2,0,3,85
2025-03-26 06:00:00,44.505,0.0,100.03,0.10003,44.505,6,2,0,3,85
2025-03-26 07:00:00,43.866,2.628,107.57,0.10757,41.238,7,2,0,3,85
2025-03-26 08:00:00,61.169,9.268,109.93,0.10993,51.901,8,2,0,3,85
2025-03-26 09:00:00,60.726,14.749,103.56,0.10356,45.977,9,2,0,3,85
2025-03-26 10:00:00,67.244,7.187,95.8,0.0958,60.057,10,2,0,3,85
2025-03-26 11:00:00,57.11,20.28,101.76,0.10176,36.83,11,2,0,3,85
2025-03-26 12:00:00,66.093,22.085,88.79,0.08879,44.008,12,2,0,3,85
2025-03-26 13:00:00,63.906,16.866,59.53,0.05953,47.04,13,2,0,3,85
2025-03-26 14:00:00,69.622,17.696,73.25,0.07325,51.926,14,2,0,3,85
2025-03-26 15:00:00,63.857,13.316,77.94,0.07794,50.541,15,2,0,3,85
2025-03-26 16:00:00,67.546,12.776,73.41,0.07341,54.77,16,2,0,3,85
2025-03-26 17:00:00,64.166,10.339,93.51,0.09351,53.827,17,2,0,3,85
2025-03-26 18:00:00,65.8,4.363,115.31,0.11531,61.437,18,2,0,3,85
2025-03-26 19:00:00,41.704,0.0,115.03,0.11503,41.704,19,2,0,3,85
2025-03-26 20:00:00,37.866,0.0,131.37,0.13137,37.866,20,2,0,3,85
2025-03-26 21:00:00,42.535,0.0,115.21,0.11521,42.535,21,2,0,3,85
2025-03-26 22:00:00,36.166,0.0,102.44,0.10244,36.166,22,2,0,3,85
2025-03-26 23:00:00,30.802,0.0,110.3,0.1103,30.802,23,2,0,3,85
2025-03-27 00:00:00,32.805,0.0,103.24,0.10324,32.805,0,3,0,3,86
2025-03-27 01:00:00,31.965,0.0,79.68,0.07968,31.965,1,3,0,3,86
2025-03-27 02:00:00,35.986,0.0,101.13,0.10113,35.986,2,3,0,3,86
2025-03-27 03:00:00,27.41,0.0,91.76,0.09176,27.41,3,3,0,3,86
2025-03-27 04:00:00,25.44,0.0,70.57,0.07057,25.44,4,3,0,3,86
2025-03-27 05:00:00,26.671,0.0,80.2,0.0802,26.671,5,3,0,3,86
2025-03-27 06:00:00,46.19,0.0,103.83,0.10383,46.19,6,3,0,3,86
2025-03-27 07:00:00,45.67,4.551,85.59,0.08559,41.119,7,3,0,3,86
2025-03-27 08:00:00,65.739,7.509,98.95,0.09895,58.23,8,3,0,3,86
2025-03-27 09:00:00,61.819,12.215,104.63,0.10463,49.604,9,3,0,3,86
2025-03-27 10:00:00,67.866,18.461,105.92,0.10592,49.405,10,3,0,3,86
2025-03-27 11:00:00,61.493,21.2,95.69,0.09569,40.293,11,3,0,3,86
2025-03-27 12:00:00,69.121,17.269,100.79,0.10079,51.852,12,3,0,3,86
2025-03-27 13:00:00,74.556,14.917,69.98,0.06998,59.639,13,3,0,3,86
2025-03-27 14:00:00,66.585,15.894,76.12,0.07612,50.691,14,3,0,3,86
2025-03-27 15:00:00,67.278,11.873,81.58,0.08158,55.405,15,3,0,3,86
2025-03-27 16:00:00,63.835,14.038,91.15,0.09115,49.797,16,3,0,3,86
2025-03-27 17:00:00,59.619,10.435,106.13,0.10613,49.184,17,3,0,3,86
2025-03-27 18:00:00,63.483,3.129,105.72,0.10572,60.354,18,3,0,3,86
2025-03-27 19:00:00,35.838,0.0,129.49,0.12949,35.838,19,3,0,3,86
2025-03-27 20:00:00,34.705,0.0,119.45,0.11945,34.705,20,3,0,3,86
2025-03-27 21:00:00,44.847,0.0,124.0,0.124,44.847,21,3,0,3,86
2025-03-27 22:00:00,40.209,0.0,119.49,0.11949,40.209,22,3,0,3,86
2025-03-27 23:00:00,31.068,0.0,113.57,0.11357,31.068,23,3,0,3,86
2025-03-28 00:00:00,28.858,0.0,96.88,0.09688,28.858,0,4,0,3,87
2025-03-28 01:00:00,29.294,0.0,92.1,0.0921,29.294,1,4,0,3,87
2025-03-28 02:00:00,32.934,0.0,90.48,0.09048,32.934,2,4,0,3,87
2025-03-28 03:00:00,29.744,0.0,97.05,0.09705,29.744,3,4,0,3,87
2025-03-28 04:00:00,31.545,0.0,114.27,0.11427,31.545,4,4,0,3,87
2025-03-28 05:00:00,29.22,0.0,102.77,0.10277,29.22,5,4,0,3,87
2025-03-28 06:00:00,42.969,0.0,101.23,0.10123,42.969,6,4,0,3,87
2025-03-28 07:00:00,39.562,5.354,87.81,0.08781,34.208,7,4,0,3,87
2025-03-28 08:00:00,59.06,4.651,96.37,0.09637,54.409,8,4,0,3,87
2025-03-28 09:00:00,64.552,15.012,101.88,0.10188,49.54,9,4,0,3,87
2025-03-28 10:00:00,65.569,18.12,110.22,0.11022,47.449,10,4,0,3,87
2025-03-28 11:00:00,61.273,4.32,84.15,0.08415,56.953,11,4,0,3,87
2025-03-28 12:00:00,65.278,20.661,91.21,0.09121,44.617,12,4,0,3,87
2025-03-28 13:00:00,65.561,15.211,79.01,0.07901,50.35,13,4,0,3,87
2025-03-28 14:00:00,58.489,19.665,78.35,0.07835,38.824,14,4,0,3,87
2025-03-28 15:00:00,62.46,11.006,74.57,0.07457,51.454,15,4,0,3,87
2025-03-28 16:00:00,66.692,8.123,77.73,0.07773,58.569,16,4,0,3,87
2025-03-28 17:00:00,66.627,10.736,85.55,0.08555,55.891,17,4,0,3,87
2025-03-28 18:00:00,61.697,5.529,115.85,0.11585,56.168,18,4,0,3,87
2025-03-28 19:00:00,39.832,0.0,184.24,0.18424,39.832,19,4,0,3,87
2025-03-28 20:00:00,42.597,0.0,117.61,0.11761,42.597,20,4,0,3,87
2025-03-28 21:00:00,41.811,0.0,126.69,0.12669,41.811,21,4,0,3,87
2025-03-28 22:00:00,39.02,0.0,148.39,0.14839,39.02,22,4,0,3,87
2025-03-28 23:00:00,28.35,0.0,101.48,0.10148,28.35,23,4,0,3,87
2025-03-29 00:00:00,24.038,0.0,100.4,0.1004,24.038,0,5,1,3,88
2025-03-29 01:00:00,27.549,0.0,58.02,0.05802,27.549,1,5,1,3,88
2025-03-29 02:00:00,26.676,0.0,81.25,0.08125,26.676,2,5,1,3,88
2025-03-29 03:00:00,28.066,0.0,93.79,0.09379,28.066,3,5,1,3,88
2025-03-29 04:00:00,26.474,0.0,85.22,0.08522,26.474,4,5,1,3,88
2025-03-29 05:00:00,28.672,0.0,80.48,0.08048,28.672,5,5,1,3,88
2025-03-29 06:00:00,36.017,0.0,89.83,0.08983,36.017,6,5,1,3,88
2025-03-29 07:00:00,38.225,5.179,104.03,0.10403,33.046,7,5,1,3,88
2025-03-29 08:00:00,52.995,8.576,118.93,0.11893,44.419,8,5,1,3,88
2025-03-29 09:00:00,47.634,13.751,108.45,0.10845,33.883,9,5,1,3,88
2025-03-29 10:00:00,44.422,16.34,88.75,0.08875,28.082,10,5,1,3,88
2025-03-29 11:00:00,55.147,21.082,83.87,0.08387,34.065,11,5,1,3,88
2025-03-29 12:00:00,51.029,17.472,75.21,0.07521,33.557,12,5,1,3,88
2025-03-29 13:00:00,44.722,23.361,61.83,0.06183,21.361,13,5,1,3,88
2025-03-29 14:00:00,47.924,14.99,65.93,0.06593,32.934,14,5,1,3,88
2025-03-29 15:00:00,52.678,16.885,66.67,0.06667,35.793,15,5,1,3,88
2025-03-29 16:00:00,49.313,15.605,64.37,0.06437,33.708,16,5,1,3,88
2025-03-29 17:00:00,48.57,10.326,96.35,0.09635,38.244,17,5,1,3,88
2025-03-29 18:00:00,54.691,4.521,106.63,0.10663,50.17,18,5,1,3,88
2025-03-29 19:00:00,29.142,0.0,108.93,0.10893,29.142,19,5,1,3,88
2025-03-29 20:00:00,29.94,0.0,122.54,0.12254,29.94,20,5,1,3,88
2025-03-29 21:00:00,33.17,0.0,107.49,0.10749,33.17,21,5,1,3,88
2025-03-29 22:00:00,33.743,0.0,101.31,0.10131,33.743,22,5,1,3,88
2025-03-29 23:00:00,27.64,0.0,103.05,0.10305,27.64,23,5,1,3,88
2025-03-30 00:00:00,28.964,0.0,204.96,0.20496,28.964,0,6,1,3,89
2025-03-30 01:00:00,26.683,0.0,78.43,0.07843,26.683,1,6,1,3,89
2025-03-30 02:00:00,27.614,0.0,86.75,0.08675,27.614,2,6,1,3,89
2025-03-30 03:00:00,25.219,0.0,83.18,0.08318,25.219,3,6,1,3,89
2025-03-30 04:00:00,26.249,0.0,74.77,0.07477,26.249,4,6,1,3,89
2025-03-30 05:00:00,26.392,0.0,84.91,0.08491,26.392,5,6,1,3,89
2025-03-30 06:00:00,36.394,0.0,94.1,0.0941,36.394,6,6,1,3,89
2025-03-30 07:00:00,38.178,5.735,96.93,0.09693,32.443,7,6,1,3,89
2025-03-30 08:00:00,51.968,6.315,80.25,0.08025,45.653,8,6,1,3,89
2025-03-30 09:00:00,50.333,15.893,99.14,0.09914,34.44,9,6,1,3,89
2025-03-30 10:00:00,47.603,13.156,93.73,0.09373,34.447,10,6,1,3,89
2025-03-30 11:00:00,50.408,18.973,66.9,0.0669,31.435,11,6,1,3,89
2025-03-30 12:00:00,50.102,19.425,69.07,0.06907,30.677,12,6,1,3,89
2025-03-30 13:00:00,50.81,14.892,75.1,0.0751,35.918,13,6,1,3,89
2025-03-30 14:00:00,57.253,18.53,81.02,0.08102,38.723,14,6,1,3,89
2025-03-30 15:00:00,48.516,11.177,52.69,0.05269,37.339,15,6,1,3,89
2025-03-30 16:00:00,51.543,13.201,85.86,0.08586,38.342,16,6,1,3,89
2025-03-30 17:00:00,53.611,11.138,68.85,0.06885,42.473,17,6,1,3,89
2025-03-30 18:00:00,50.505,4.402,116.08,0.11608,46.103,18,6,1,3,89
2025-03-30 19:00:00,39.967,0.0,112.63,0.11263,39.967,19,6,1,3,89
2025-03-30 20:00:00,31.277,0.0,113.6,0.1136,31.277,20,6,1,3,89
2025-03-30 21:00:00,33.523,0.0,120.36,0.12036,33.523,21,6,1,3,89
2025-03-30 22:00:00,29.93,0.0,96.89,0.09689,29.93,22,6,1,3,89
2025-03-30 23:00:00,24.923,0.0,101.02,0.10102,24.923,23,6,1,3,89
2025-03-31 00:00:00,30.626,0.0,88.99,0.08899,30.626,0,0,0,3,90
2025-03-31 01:00:00,32.537,0.0,52.15,0.05215,32.537,1,0,0,3,90
2025-03-31 02:00:00,30.85,0.0,82.22,0.08222,30.85,2,0,0,3,90
2025-03-31 03:00:00,33.858,0.0,92.53,0.09253,33.858,3,0,0,3,90
2025-03-31 04:00:00,29.525,0.0,102.1,0.1021,29.525,4,0,0,3,90
2025-03-31 05:00:00,28.766,0.0,96.59,0.09659,28.766,5,0,0,3,90
2025-03-31 06:00:00,52.677,0.0,106.98,0.10698,52.677,6,0,0,3,90
2025-03-31 07:00:00,45.286,5.84,91.62,0.09162,39.446,7,0,0,3,90
2025-03-31 08:00:00,63.015,7.09,111.14,0.11114,55.925,8,0,0,3,90
2025-03-31 09:00:00,63.095,10.859,111.62,0.11162,52.236,9,0,0,3,90
2025-03-31 10:00:00,62.301,18.888,83.86,0.08386,43.413,10,0,0,3,90
2025-03-31 11:00:00,68.314,16.923,103.57,0.10357,51.391,11,0,0,3,90
2025-03-31 12:00:00,64.151,11.342,87.11,0.08711,52.809,12,0,0,3,90
2025-03-31 13:00:00,65.725,13.444,74.06,0.07406,52.281,13,0,0,3,90
2025-03-31 14:00:00,65.114,16.843,70.87,0.07087,48.271,14,0,0,3,90
2025-03-31 15:00:00,67.658,20.083,65.4,0.0654,47.575,15,0,0,3,90
2025-03-31 16:00:00,62.608,12.154,89.06,0.08906,50.454,16,0,0,3,90
2025-03-31 17:00:00,61.875,4.736,97.37,0.09737,57.139,17,0,0,3,90
2025-03-31 18:00:00,66.035,5.009,114.62,0.11462,61.026,18,0,0,3,90
2025-03-31 19:00:00,41.216,0.0,122.5,0.1225,41.216,19,0,0,3,90
2025-03-31 20:00:00,40.357,0.0,129.49,0.12949,40.357,20,0,0,3,90
2025-03-31 21:00:00,36.702,0.0,120.55,0.12055,36.702,21,0,0,3,90
2025-03-31 22:00:00,41.461,0.0,123.97,0.12397,41.461,22,0,0,3,90
2025-03-31 23:00:00,27.449,0.0,108.61,0.10861,27.449,23,0,0,3,90
2025-04-01 00:00:00,28.154,0.0,91.65,0.09165,28.154,0,1,0,4,91
2025-04-01 01:00:00,26.803,0.0,88.6,0.0886,26.803,1,1,0,4,91
2025-04-01 02:00:00,33.987,0.0,72.34,0.07234,33.987,2,1,0,4,91
2025-04-01 03:00:00,31.85,0.0,70.46,0.07046,31.85,3,1,0,4,91
2025-04-01 04:00:00,31.759,0.0,87.45,0.08745,31.759,4,1,0,4,91
2025-04-01 05:00:00,33.814,0.0,105.66,0.10566,33.814,5,1,0,4,91
2025-04-01 06:00:00,53.012,0.0,89.12,0.08912,53.012,6,1,0,4,91
2025-04-01 07:00:00,38.542,3.79,93.6,0.0936,34.752,7,1,0,4,91
2025-04-01 08:00:00,62.93,9.333,93.84,0.09384,53.597,8,1,0,4,91
2025-04-01 09:00:00,63.321,14.176,90.96,0.09096,49.145,9,1,0,4,91
2025-04-01 10:00:00,62.57,18.198,90.72,0.09072,44.372,10,1,0,4,91
2025-04-01 11:00:00,61.845,10.351,95.05,0.09505,51.494,11,1,0,4,91
2025-04-01 12:00:00,64.334,19.369,78.61,0.07861,44.965,12,1,0,4,91
2025-04-01 13:00:00,61.4,13.963,71.19,0.07119,47.437,13,1,0,4,91
2025-04-01 14:00:00,66.365,20.591,67.29,0.06729,45.774,14,1,0,4,91
2025-04-01 15:00:00,65.458,17.477,77.85,0.07785,47.981,15,1,0,4,91
2025-04-01 16:00:00,66.832,13.923,86.35,0.08635,52.909,16,1,0,4,91
2025-04-01 17:00:00,66.918,8.405,75.35,0.07535,58.513,17,1,0,4,91
2025-04-01 18:00:00,67.223,4.271,100.88,0.10088,62.952,18,1,0,4,91
2025-04-01 19:00:00,38.087,0.0,120.51,0.12051,38.087,19,1,0,4,91
2025-04-01 20:00:00,46.07,0.0,131.52,0.13152,46.07,20,1,0,4,91
2025-04-01 21:00:00,40.032,0.0,124.48,0.12448,40.032,21,1,0,4,91
2025-04-01 22:00:00,33.322,0.0,121.13,0.12113,33.322,22,1,0,4,91
2025-04-01 23:00:00,26.616,0.0,88.12,0.08812,26.616,23,1,0,4,91
2025-04-02 00:00:00,24.248,0.0,93.78,0.09378,24.248,0,2,0,4,92
2025-04-02 01:00:00,29.873,0.0,110.16,0.11016,29.873,1,2,0,4,92
2025-04-02 02:00:00,29.427,0.0,90.2,0.0902,29.427,2,2,0,4,92
2025-04-02 03:00:00,28.318,0.0,90.89,0.09089,28.318,3,2,0,4,92
2025-04-02 04:00:00,36.252,0.0,96.02,0.09602,36.252,4,2,0,4,92
2025-04-02 05:00:00,31.574,0.0,87.22,0.08722,31.574,5,2,0,4,92
2025-04-02 06:00:00,46.321,0.0,86.4,0.0864,46.321,6,2,0,4,92
2025-04-02 07:00:00,41.018,5.454,100.53,0.10053,35.564,7,2,0,4,92
2025-04-02 08:00:00,62.072,9.274,86.72,0.08672,52.798,8,2,0,4,92
2025-04-02 09:00:00,65.387,13.162,107.53,0.10753,52.225,9,2,0,4,92
2025-04-02 10:00:00,65.823,14.981,105.21,0.10521,50.842,10,2,0,4,92
2025-04-02 11:00:00,59.329,15.446,75.93,0.07593,43.883,11,2,0,4,92
2025-04-02 12:00:00,64.692,25.096,84.86,0.08486,39.596,12,2,0,4,92
2025-04-02 13:00:00,65.314,23.098,74.1,0.0741,42.216,13,2,0,4,92
2025-04-02 14:00:00,64.58,12.088,88.03,0.08803,52.492,14,2,0,4,92
2025-04-02 15:00:00,62.666,17.331,88.27,0.08827,45.335,15,2,0,4,92
2025-04-02 16:00:00,63.542,11.202,90.56,0.09056,52.34,16,2,0,4,92
2025-04-02 17:00:00,64.703,11.748,105.85,0.10585,52.955,17,2,0,4,92
2025-04-02 18:00:00,65.56,5.683,104.53,0.10453,59.877,18,2,0,4,92
2025-04-02 19:00:00,41.206,0.0,123.7,0.1237,41.206,19,2,0,4,92
2025-04-02 20:00:00,42.73,0.0,124.31,0.12431,42.73,20,2,0,4,92
2025-04-02 21:00:00,38.329,0.0,112.93,0.11293,38.329,21,2,0,4,92
2025-04-02 22:00:00,37.811,0.0,113.43,0.11343,37.811,22,2,0,4,92
2025-04-02 23:00:00,31.218,0.0,101.11,0.10111,31.218,23,2,0,4,92
2025-04-03 00:00:00,31.766,0.0,87.31,0.08731,31.766,0,3,0,4,93
2025-04-03 01:00:00,28.422,0.0,88.76,0.08876,28.422,1,3,0,4,93
2025-04-03 02:00:00,32.34,0.0,90.04,0.09004,32.34,2,3,0,4,93
2025-04-03 03:00:00,32.946,0.0,98.59,0.09859,32.946,3,3,0,4,93
2025-04-03 04:00:00,33.945,0.0,84.69,0.08469,33.945,4,3,0,4,93
2025-04-03 05:00:00,35.502,0.0,79.58,0.07958,35.502,5,3,0,4,93
2025-04-03 06:00:00,41.212,0.0,102.35,0.10235,41.212,6,3,0,4,93
2025-04-03 07:00:00,44.029,4.555,108.22,0.10822,39.474,7,3,0,4,93
2025-04-03 08:00:00,65.281,11.008,106.55,0.10655,54.273,8,3,0,4,93
2025-04-03 09:00:00,64.931,10.091,91.88,0.09188,54.84,9,3,0,4,93
2025-04-03 10:00:00,63.167,16.373,97.95,0.09795,46.794,10,3,0,4,93
2025-04-03 11:00:00,60.491,20.378,94.52,0.09452,40.113,11,3,0,4,93
2025-04-03 12:00:00,65.541,25.534,72.25,0.07225,40.007,12,3,0,4,93
2025-04-03 13:00:00,62.786,24.626,68.33,0.06833,38.16,13,3,0,4,93
2025-04-03 14:00:00,65.52,17.903,71.49,0.07149,47.617,14,3,0,4,93
2025-04-03 15:00:00,62.704,13.725,86.71,0.08671,48.979,15,3,0,4,93
2025-04-03 16:00:00,61.726,13.694,84.1,0.0841,48.032,16,3,0,4,93
2025-04-03 17:00:00,65.995,9.105,87.72,0.08772,56.89,17,3,0,4,93
2025-04-03 18:00:00,65.728,4.729,105.87,0.10587,60.999,18,3,0,4,93
2025-04-03 19:00:00,41.114,0.0,251.84,0.25184,41.114,19,3,0,4,93
2025-04-03 20:00:00,46.255,0.0,122.42,0.12242,46.255,20,3,0,4,93
2025-04-03 21:00:00,40.147,0.0,129.83,0.12983,40.147,21,3,0,4,93
2025-04-03 22:00:00,40.812,0.0,93.11,0.09311,40.812,22,3,0,4,93
2025-04-03 23:00:00,26.363,0.0,114.8,0.1148,26.363,23,3,0,4,93
2025-04-04 00:00:00,25.687,0.0,110.93,0.11093,25.687,0,4,0,4,94
2025-04-04 01:00:00,34.87,0.0,90.68,0.09068,34.87,1,4,0,4,94
2025-04-04 02:00:00,26.85,0.0,80.83,0.08083,26.85,2,4,0,4,94
2025-04-04 03:00:00,26.465,0.0,101.06,0.10106,26.465,3,4,0,4,94
2025-04-04 04:00:00,29.68,0.0,93.02,0.09302,29.68,4,4,0,4,94
2025-04-04 05:00:00,29.517,0.0,86.83,0.08683,29.517,5,4,0,4,94
2025-04-04 06:00:00,41.083,0.0,85.56,0.08556,41.083,6,4,0,4,94
2025-04-04 07:00:00,42.995,6.174,95.31,0.09531,36.821,7,4,0,4,94
2025-04-04 08:00:00,69.154,10.297,104.6,0.1046,58.857,8,4,0,4,94
2025-04-04 09:00:00,62.641,15.485,111.94,0.11194,47.156,9,4,0,4,94
2025-04-04 10:00:00,60.761,21.426,101.82,0.10182,39.335,10,4,0,4,94
2025-04-04 11:00:00,68.237,18.527,95.92,0.09592,49.71,11,4,0,4,94
2025-04-04 12:00:00,66.796,21.431,79.31,0.07931,45.365,12,4,0,4,94
2025-04-04 13:00:00,63.235,20.371,84.23,0.08423,42.864,13,4,0,4,94
2025-04-04 14:00:00,60.158,19.069,203.97,0.20397,41.089,14,4,0,4,94
2025-04-04 15:00:00,62.838,14.374,92.97,0.09297,48.464,15,4,0,4,94
2025-04-04 16:00:00,65.045,9.703,75.03,0.07503,55.342,16,4,0,4,94
2025-04-04 17:00:00,68.951,10.802,97.1,0.0971,58.149,17,4,0,4,94
2025-04-04 18:00:00,61.903,5.99,129.49,0.12949,55.913,18,4,0,4,94
2025-04-04 19:00:00,38.979,0.0,130.94,0.13094,38.979,19,4,0,4,94
2025-04-04 20:00:00,41.41,0.0,133.7,0.1337,41.41,20,4,0,4,94
2025-04-04 21:00:00,31.629,0.0,125.28,0.12528,31.629,21,4,0,4,94
2025-04-04 22:00:00,42.557,0.0,112.54,0.11254,42.557,22,4,0,4,94
2025-04-04 23:00:00,26.021,0.0,99.62,0.09962,26.021,23,4,0,4,94
2025-04-05 00:00:00,27.086,0.0,76.14,0.07614,27.086,0,5,1,4,95
2025-04-05 01:00:00,26.813,0.0,66.42,0.06642,26.813,1,5,1,4,95
2025-04-05 02:00:00,29.494,0.0,88.26,0.08826,29.494,2,5,1,4,95
2025-04-05 03:00:00,27.786,0.0,66.76,0.06676,27.786,3,5,1,4,95
2025-04-05 04:00:00,18.416,0.0,89.47,0.08947,18.416,4,5,1,4,95
2025-04-05 05:00:00,23.512,0.0,81.71,0.08171,23.512,5,5,1,4,95
2025-04-05 06:00:00,36.094,0.0,78.44,0.07844,36.094,6,5,1,4,95
2025-04-05 07:00:00,35.027,6.368,106.14,0.10614,28.659,7,5,1,4,95
2025-04-05 08:00:00,51.622,10.64,80.9,0.0809,40.982,8,5,1,4,95
2025-04-05 09:00:00,52.619,15.46,89.04,0.08904,37.159,9,5,1,4,95
2025-04-05 10:00:00,52.04,10.613,85.97,0.08597,41.427,10,5,1,4,95
2025-04-05 11:00:00,49.408,20.707,85.59,0.08559,28.701,11,5,1,4,95
2025-04-05 12:00:00,44.185,18.026,69.23,0.06923,26.159,12,5,1,4,95
2025-04-05 13:00:00,48.636,14.379,83.01,0.08301,34.257,13,5,1,4,95
2025-04-05 14:00:00,51.426,23.919,51.67,0.05167,27.507,14,5,1,4,95
2025-04-05 15:00:00,46.604,12.309,108.16,0.10816,34.295,15,5,1,4,95
2025-04-05 16:00:00,52.113,10.169,63.69,0.06369,41.944,16,5,1,4,95
2025-04-05 17:00:00,53.0,4.276,115.43,0.11543,48.724,17,5,1,4,95
2025-04-05 18:00:00,50.499,5.896,111.25,0.11125,44.603,18,5,1,4,95
2025-04-05 19:00:00,22.638,0.0,112.13,0.11213,22.638,19,5,1,4,95
2025-04-05 20:00:00,28.352,0.0,121.23,0.12123,28.352,20,5,1,4,95
2025-04-05 21:00:00,38.478,0.0,111.25,0.11125,38.478,21,5,1,4,95
2025-04-05 22:00:00,30.693,0.0,108.2,0.1082,30.693,22,5,1,4,95
2025-04-05 23:00:00,19.674,0.0,86.7,0.0867,19.674,23,5,1,4,95
2025-04-06 00:00:00,29.972,0.0,88.57,0.08857,29.972,0,6,1,4,96
2025-04-06 01:00:00,26.062,0.0,83.32,0.08332,26.062,1,6,1,4,96
2025-04-06 02:00:00,29.555,0.0,71.68,0.07168,29.555,2,6,1,4,96
2025-04-06 03:00:00,26.905,0.0,86.14,0.08614,26.905,3,6,1,4,96
2025-04-06 04:00:00,27.487,0.0,202.45,0.20245,27.487,4,6,1,4,96
2025-04-06 05:00:00,27.181,0.0,77.35,0.07735,27.181,5,6,1,4,96
2025-04-06 06:00:00,37.874,0.0,83.44,0.08344,37.874,6,6,1,4,96
2025-04-06 07:00:00,42.93,5.796,96.93,0.09693,37.134,7,6,1,4,96
2025-04-06 08:00:00,53.184,11.415,106.02,0.10602,41.769,8,6,1,4,96
2025-04-06 09:00:00,45.02,17.941,94.0,0.094,27.079,9,6,1,4,96
2025-04-06 10:00:00,51.506,19.572,100.72,0.10072,31.934,10,6,1,4,96
2025-04-06 11:00:00,53.73,19.253,95.49,0.09549,34.477,11,6,1,4,96
2025-04-06 12:00:00,53.925,18.17,88.12,0.08812,35.755,12,6,1,4,96
2025-04-06 13:00:00,48.712,21.181,72.29,0.07229,27.531,13,6,1,4,96
2025-04-06 14:00:00,53.805,23.254,56.09,0.05609,30.551,14,6,1,4,96
2025-04-06 15:00:00,53.046,17.617,75.94,0.07594,35.429,15,6,1,4,96
2025-04-06 16:00:00,58.309,13.322,72.09,0.07209,44.987,16,6,1,4,96
2025-04-06 17:00:00,47.677,12.551,90.66,0.09066,35.126,17,6,1,4,96
2025-04-06 18:00:00,48.453,4.605,93.75,0.09375,43.848,18,6,1,4,96
2025-04-06 19:00:00,31.455,0.0,106.95,0.10695,31.455,19,6,1,4,96
2025-04-06 20:00:00,30.866,0.0,111.67,0.11167,30.866,20,6,1,4,96
2025-04-06 21:00:00,29.586,0.0,101.51,0.10151,29.586,21,6,1,4,96
2025-04-06 22:00:00,23.594,0.0,98.59,0.09859,23.594,22,6,1,4,96
2025-04-06 23:00:00,24.628,0.0,83.47,0.08347,24.628,23,6,1,4,96
2025-04-07 00:00:00,30.969,0.0,93.87,0.09387,30.969,0,0,0,4,97
2025-04-07 01:00:00,28.209,0.0,77.58,0.07758,28.209,1,0,0,4,97
2025-04-07 02:00:00,35.98,0.0,81.61,0.08161,35.98,2,0,0,4,97
2025-04-07 03:00:00,29.83,0.0,88.62,0.08862,29.83,3,0,0,4,97
2025-04-07 04:00:00,33.918,0.0,107.53,0.10753,33.918,4,0,0,4,97
2025-04-07 05:00:00,30.623,0.0,84.33,0.08433,30.623,5,0,0,4,97
2025-04-07 06:00:00,46.576,0.0,80.63,0.08063,46.576,6,0,0,4,97
2025-04-07 07:00:00,44.825,6.582,85.41,0.08541,38.243,7,0,0,4,97
2025-04-07 08:00:00,69.527,12.781,93.24,0.09324,56.746,8,0,0,4,97
2025-04-07 09:00:00,65.326,17.72,95.58,0.09558,47.606,9,0,0,4,97
2025-04-07 10:00:00,66.735,17.798,121.19,0.12119,48.937,10,0,0,4,97
2025-04-07 11:00:00,66.32,21.586,100.22,0.10022,44.734,11,0,0,4,97
2025-04-07 12:00:00,64.225,26.79,78.66,0.07866,37.435,12,0,0,4,97
2025-04-07 13:00:00,66.443,22.18,93.38,0.09338,44.263,13,0,0,4,97
2025-04-07 14:00:00,72.297,21.13,65.71,0.06571,51.167,14,0,0,4,97
2025-04-07 15:00:00,64.282,14.241,69.65,0.06965,50.041,15,0,0,4,97
2025-04-07 16:00:00,66.49,12.478,76.02,0.07602,54.012,16,0,0,4,97
2025-04-07 17:00:00,69.172,9.746,102.59,0.10259,59.426,17,0,0,4,97
2025-04-07 18:00:00,68.796,5.695,106.07,0.10607,63.101,18,0,0,4,97
2025-04-07 19:00:00,39.254,0.0,134.76,0.13476,39.254,19,0,0,4,97
2025-04-07 20:00:00,31.589,0.0,129.75,0.12975,31.589,20,0,0,4,97
2025-04-07 21:00:00,40.87,0.0,130.57,0.13057,40.87,21,0,0,4,97
2025-04-07 22:00:00,32.114,0.0,93.02,0.09302,32.114,22,0,0,4,97
2025-04-07 23:00:00,34.491,0.0,83.53,0.08353,34.491,23,0,0,4,97
2025-04-08 00:00:00,30.323,0.0,71.28,0.07128,30.323,0,1,0,4,98
2025-04-08 01:00:00,32.98,0.0,83.68,0.08368,32.98,1,1,0,4,98
2025-04-08 02:00:00,26.894,0.0,72.65,0.07265,26.894,2,1,0,4,98
2025-04-08 03:00:00,24.813,0.0,100.73,0.10073,24.813,3,1,0,4,98
2025-04-08 04:00:00,30.615,0.0,87.15,0.08715,30.615,4,1,0,4,98
2025-04-08 05:00:00,29.673,0.0,97.14,0.09714,29.673,5,1,0,4,98
2025-04-08 06:00:00,42.345,0.0,89.26,0.08926,42.345,6,1,0,4,98
2025-04-08 07:00:00,44.188,6.097,106.52,0.10652,38.091,7,1,0,4,98
2025-04-08 08:00:00,73.979,10.114,81.93,0.08193,63.865,8,1,0,4,98
2025-04-08 09:00:00,67.793,18.535,101.4,0.1014,49.258,9,1,0,4,98
2025-04-08 10:00:00,68.481,17.8,102.89,0.10289,50.681,10,1,0,4,98
2025-04-08 11:00:00,67.823,15.381,96.13,0.09613,52.442,11,1,0,4,98
2025-04-08 12:00:00,69.857,14.904,78.37,0.07837,54.953,12,1,0,4,98
2025-04-08 13:00:00,64.515,26.762,57.47,0.05747,37.753,13,1,0,4,98
2025-04-08 14:00:00,58.548,22.947,81.68,0.08168,35.601,14,1,0,4,98
2025-04-08 15:00:00,64.519,11.808,69.57,0.06957,52.711,15,1,0,4,98
2025-04-08 16:00:00,67.72,17.197,77.41,0.07741,50.523,16,1,0,4,98
2025-04-08 17:00:00,62.019,10.998,114.25,0.11425,51.021,17,1,0,4,98
2025-04-08 18:00:00,64.558,5.697,107.47,0.10747,58.861,18,1,0,4,98
2025-04-08 19:00:00,36.992,0.0,114.23,0.11423,36.992,19,1,0,4,98
2025-04-08 20:00:00,44.012,0.0,119.36,0.11936,44.012,20,1,0,4,98
2025-04-08 21:00:00,41.604,0.0,127.67,0.12767,41.604,21,1,0,4,98
2025-04-08 22:00:00,41.29,0.0,102.71,0.10271,41.29,22,1,0,4,98
2025-04-08 23:00:00,31.77,0.0,251.32,0.25132,31.77,23,1,0,4,98
2025-04-09 00:00:00,29.655,0.0,98.7,0.0987,29.655,0,2,0,4,99
2025-04-09 01:00:00,30.407,0.0,86.82,0.08682,30.407,1,2,0,4,99
2025-04-09 02:00:00,25.982,0.0,97.66,0.09766,25.982,2,2,0,4,99
2025-04-09 03:00:00,22.778,0.0,87.38,0.08738,22.778,3,2,0,4,99
2025-04-09 04:00:00,30.255,0.0,82.01,0.08201,30.255,4,2,0,4,99
2025-04-09 05:00:00,30.811,0.0,74.08,0.07408,30.811,5,2,0,4,99
2025-04-09 06:00:00,47.774,0.0,96.68,0.09668,47.774,6,2,0,4,99
2025-04-09 07:00:00,48.932,5.721,100.97,0.10097,43.211,7,2,0,4,99
2025-04-09 08:00:00,70.122,11.037,111.13,0.11113,59.085,8,2,0,4,99
2025-04-09 09:00:00,61.905,16.032,110.47,0.11047,45.873,9,2,0,4,99
2025-04-09 10:00:00,63.971,23.19,118.29,0.11829,40.781,10,2,0,4,99
2025-04-09 11:00:00,66.635,9.983,84.21,0.08421,56.652,11,2,0,4,99
2025-04-09 12:00:00,73.2,12.795,84.85,0.08485,60.405,12,2,0,4,99
2025-04-09 13:00:00,69.835,21.73,67.45,0.06745,48.105,13,2,0,4,99
2025-04-09 14:00:00,68.68,17.703,80.61,0.08061,50.977,14,2,0,4,99
2025-04-09 15:00:00,63.857,19.359,63.96,0.06396,44.498,15,2,0,4,99
2025-04-09 16:00:00,62.272,17.119,89.34,0.08934,45.153,16,2,0,4,99
2025-04-09 17:00:00,67.623,12.539,84.43,0.08443,55.084,17,2,0,4,99
2025-04-09 18:00:00,61.576,6.796,113.91,0.11391,54.78,18,2,0,4,99
2025-04-09 19:00:00,38.431,0.0,131.22,0.13122,38.431,19,2,0,4,99
2025-04-09 20:00:00,38.827,0.0,109.35,0.10935,38.827,20,2,0,4,99
2025-04-09 21:00:00,44.292,0.0,107.49,0.10749,44.292,21,2,0,4,99
2025-04-09 22:00:00,38.059,0.0,113.01,0.11301,38.059,22,2,0,4,99
2025-04-09 23:00:00,21.969,0.0,101.29,0.10129,21.969,23,2,0,4,99
2025-04-10 00:00:00,31.383,0.0,84.51,0.08451,31.383,0,3,0,4,100
2025-04-10 01:00:00,27.532,0.0,82.69,0.08269,27.532,1,3,0,4,100
2025-04-10 02:00:00,29.905,0.0,78.98,0.07898,29.905,2,3,0,4,100
2025-04-10 03:00:00,29.491,0.0,91.13,0.09113,29.491,3,3,0,4,100
2025-04-10 04:00:00,28.893,0.0,78.99,0.07899,28.893,4,3,0,4,100
2025-04-10 05:00:00,32.298,0.0,94.14,0.09414,32.298,5,3,0,4,100
2025-04-10 06:00:00,38.985,0.0,87.93,0.08793,38.985,6,3,0,4,100
2025-04-10 07:00:00,42.236,6.904,93.53,0.09353,35.332,7,3,0,4,100
2025-04-10 08:00:00,67.263,11.772,113.22,0.11322,55.491,8,3,0,4,100
2025-04-10 09:00:00,63.109,16.397,110.92,0.11092,46.712,9,3,0,4,100
2025-04-10 10:00:00,59.926,23.742,87.4,0.0874,36.184,10,3,0,4,100
2025-04-10 11:00:00,67.213,26.216,81.04,0.08104,40.997,11,3,0,4,100
2025-04-10 12:00:00,68.668,21.544,88.81,0.08881,47.124,12,3,0,4,100
2025-04-10 13:00:00,64.93,16.749,59.73,0.05973,48.181,13,3,0,4,100
2025-04-10 14:00:00,58.799,25.771,85.6,0.0856,33.028,14,3,0,4,100
2025-04-10 15:00:00,67.333,11.394,74.33,0.07433,55.939,15,3,0,4,100
2025-04-10 16:00:00,59.762,19.13,74.17,0.07417,40.632,16,3,0,4,100
2025-04-10 17:00:00,66.062,11.079,91.65,0.09165,54.983,17,3,0,4,100
2025-04-10 18:00:00,62.234,6.904,119.6,0.1196,55.33,18,3,0,4,100
2025-04-10 19:00:00,35.472,0.0,97.6,0.0976,35.472,19,3,0,4,100
2025-04-10 20:00:00,37.769,0.0,134.9,0.1349,37.769,20,3,0,4,100
2025-04-10 21:00:00,38.597,0.0,132.65,0.13265,38.597,21,3,0,4,100
2025-04-10 22:00:00,37.122,0.0,107.2,0.1072,37.122,22,3,0,4,100
2025-04-10 23:00:00,31.652,0.0,99.03,0.09903,31.652,23,3,0,4,100
2025-04-11 00:00:00,28.335,0.0,88.55,0.08855,28.335,0,4,0,4,101
2025-04-11 01:00:00,32.899,0.0,94.54,0.09454,32.899,1,4,0,4,101
2025-04-11 02:00:00,30.662,0.0,79.98,0.07998,30.662,2,4,0,4,101
2025-04-11 03:00:00,27.53,0.0,87.42,0.08742,27.53,3,4,0,4,101
2025-04-11 04:00:00,26.991,0.0,87.39,0.08739,26.991,4,4,0,4,101
2025-04-11 05:00:00,24.49,0.0,97.02,0.09702,24.49,5,4,0,4,101
2025-04-11 06:00:00,44.807,0.0,120.18,0.12018,44.807,6,4,0,4,101
2025-04-11 07:00:00,42.742,4.734,90.17,0.09017,38.008,7,4,0,4,101
2025-04-11 08:00:00,57.458,9.155,101.61,0.10161,48.303,8,4,0,4,101
2025-04-11 09:00:00,63.335,13.581,93.52,0.09352,49.754,9,4,0,4,101
2025-04-11 10:00:00,62.166,12.737,92.23,0.09223,49.429,10,4,0,4,101
2025-04-11 11:00:00,70.091,15.964,78.77,0.07877,54.127,11,4,0,4,101
2025-04-11 12:00:00,59.6,23.477,65.48,0.06548,36.123,12,4,0,4,101
2025-04-11 13:00:00,60.437,24.282,85.65,0.08565,36.155,13,4,0,4,101
2025-04-11 14:00:00,68.601,25.604,74.37,0.07437,42.997,14,4,0,4,101
2025-04-11 15:00:00,69.391,22.72,73.66,0.07366,46.671,15,4,0,4,101
2025-04-11 16:00:00,62.665,15.607,70.97,0.07097,47.058,16,4,0,4,101
2025-04-11 17:00:00,63.027,9.058,90.55,0.09055,53.969,17,4,0,4,101
2025-04-11 18:00:00,67.021,7.012,94.18,0.09418,60.009,18,4,0,4,101
2025-04-11 19:00:00,31.725,0.0,118.39,0.11839,31.725,19,4,0,4,101
2025-04-11 20:00:00,33.216,0.0,127.73,0.12773,33.216,20,4,0,4,101
2025-04-11 21:00:00,38.274,0.0,115.03,0.11503,38.274,21,4,0,4,101
2025-04-11 22:00:00,44.132,0.0,102.59,0.10259,44.132,22,4,0,4,101
2025-04-11 23:00:00,28.368,0.0,94.58,0.09458,28.368,23,4,0,4,101
2025-04-12 00:00:00,26.317,0.0,88.09,0.08809,26.317,0,5,1,4,102
2025-04-12 01:00:00,29.622,0.0,81.98,0.08198,29.622,1,5,1,4,102
2025-04-12 02:00:00,32.736,0.0,63.97,0.06397,32.736,2,5,1,4,102
2025-04-12 03:00:00,24.148,0.0,87.56,0.08756,24.148,3,5,1,4,102
2025-04-12 04:00:00,25.94,0.0,86.58,0.08658,25.94,4,5,1,4,102
2025-04-12 05:00:00,31.825,0.0,84.86,0.08486,31.825,5,5,1,4,102
2025-04-12 06:00:00,30.716,0.0,102.64,0.10264,30.716,6,5,1,4,102
2025-04-12 07:00:00,38.875,6.575,90.51,0.09051,32.3,7,5,1,4,102
2025-04-12 08:00:00,46.718,13.825,97.89,0.09789,32.893,8,5,1,4,102
2025-04-12 09:00:00,50.305,6.463,98.58,0.09858,43.842,9,5,1,4,102
2025-04-12 10:00:00,49.2,15.484,98.66,0.09866,33.716,10,5,1,4,102
2025-04-12 11:00:00,46.911,27.224,80.06,0.08006,19.687,11,5,1,4,102
2025-04-12 12:00:00,46.831,25.752,67.1,0.0671,21.079,12,5,1,4,102
2025-04-12 13:00:00,50.861,21.336,76.32,0.07632,29.525,13,5,1,4,102
2025-04-12 14:00:00,53.162,27.566,72.79,0.07279,25.596,14,5,1,4,102
2025-04-12 15:00:00,49.562,20.839,78.24,0.07824,28.723,15,5,1,4,102
2025-04-12 16:00:00,50.201,14.416,76.62,0.07662,35.785,16,5,1,4,102
2025-04-12 17:00:00,51.804,13.825,67.57,0.06757,37.979,17,5,1,4,102
2025-04-12 18:00:00,46.868,5.577,100.15,0.10015,41.291,18,5,1,4,102
2025-04-12 19:00:00,34.757,0.0,111.76,0.11176,34.757,19,5,1,4,102
2025-04-12 20:00:00,35.011,0.0,129.44,0.12944,35.011,20,5,1,4,102
2025-04-12 21:00:00,40.721,0.0,123.8,0.1238,40.721,21,5,1,4,102
2025-04-12 22:00:00,31.186,0.0,109.05,0.10905,31.186,22,5,1,4,102
2025-04-12 23:00:00,24.528,0.0,71.53,0.07153,24.528,23,5,1,4,102
2025-04-13 00:00:00,28.451,0.0,71.46,0.07146,28.451,0,6,1,4,103
2025-04-13 01:00:00,28.611,0.0,76.09,0.07609,28.611,1,6,1,4,103
2025-04-13 02:00:00,24.278,0.0,76.4,0.0764,24.278,2,6,1,4,103
2025-04-13 03:00:00,24.7,0.0,81.76,0.08176,24.7,3,6,1,4,103
2025-04-13 04:00:00,27.722,0.0,95.72,0.09572,27.722,4,6,1,4,103
2025-04-13 05:00:00,23.342,0.0,90.55,0.09055,23.342,5,6,1,4,103
2025-04-13 06:00:00,34.264,0.0,76.76,0.07676,34.264,6,6,1,4,103
2025-04-13 07:00:00,35.865,3.102,81.75,0.08175,32.763,7,6,1,4,103
2025-04-13 08:00:00,53.147,9.453,84.16,0.08416,43.694,8,6,1,4,103
2025-04-13 09:00:00,48.025,13.29,92.49,0.09249,34.735,9,6,1,4,103
2025-04-13 10:00:00,44.064,22.945,97.71,0.09771,21.119,10,6,1,4,103
2025-04-13 11:00:00,43.827,27.79,91.69,0.09169,16.037,11,6,1,4,103
2025-04-13 12:00:00,45.93,29.977,69.55,0.06955,15.953,12,6,1,4,103
2025-04-13 13:00:00,45.758,26.062,66.05,0.06605,19.696,13,6,1,4,103
2025-04-13 14:00:00,49.465,17.618,80.08,0.08008,31.847,14,6,1,4,103
2025-04-13 15:00:00,46.156,15.204,50.41,0.05041,30.952,15,6,1,4,103
2025-04-13 16:00:00,47.711,16.432,78.61,0.07861,31.279,16,6,1,4,103
2025-04-13 17:00:00,47.483,11.56,89.13,0.08913,35.923,17,6,1,4,103
2025-04-13 18:00:00,48.55,7.227,95.31,0.09531,41.323,18,6,1,4,103
2025-04-13 19:00:00,36.614,0.0,111.0,0.111,36.614,19,6,1,4,103
2025-04-13 20:00:00,34.5,0.0,121.12,0.12112,34.5,20,6,1,4,103
2025-04-13 21:00:00,32.434,0.0,110.04,0.11004,32.434,21,6,1,4,103
2025-04-13 22:00:00,30.907,0.0,96.31,0.09631,30.907,22,6,1,4,103
2025-04-13 23:00:00,24.604,0.0,84.9,0.0849,24.604,23,6,1,4,103
2025-04-14 00:00:00,30.793,0.0,105.11,0.10511,30.793,0,0,0,4,104
2025-04-14 01:00:00,31.613,0.0,82.1,0.0821,31.613,1,0,0,4,104
2025-04-14 02:00:00,26.839,0.0,88.6,0.0886,26.839,2,0,0,4,104
2025-04-14 03:00:00,29.861,0.0,94.72,0.09472,29.861,3,0,0,4,104
2025-04-14 04:00:00,23.243,0.0,85.57,0.08557,23.243,4,0,0,4,104
2025-04-14 05:00:00,30.421,0.0,89.89,0.08989,30.421,5,0,0,4,104
2025-04-14 06:00:00,46.275,0.0,97.75,0.09775,46.275,6,0,0,4,104
2025-04-14 07:00:00,42.94,7.183,88.33,0.08833,35.757,7,0,0,4,104
2025-04-14 08:00:00,70.788,11.149,84.76,0.08476,59.639,8,0,0,4,104
2025-04-14 09:00:00,62.155,15.018,93.12,0.09312,47.137,9,0,0,4,104
2025-04-14 10:00:00,65.671,17.069,113.71,0.11371,48.602,10,0,0,4,104
2025-04-14 11:00:00,64.861,18.341,83.08,0.08308,46.52,11,0,0,4,104
2025-04-14 12:00:00,64.654,22.873,81.4,0.0814,41.781,12,0,0,4,104
2025-04-14 13:00:00,64.61,18.527,59.87,0.05987,46.083,13,0,0,4,104
2025-04-14 14:00:00,65.318,26.621,83.54,0.08354,38.697,14,0,0,4,104
2025-04-14 15:00:00,67.689,21.725,69.03,0.06903,45.964,15,0,0,4,104
2025-04-14 16:00:00,69.384,10.815,74.46,0.07446,58.569,16,0,0,4,104
2025-04-14 17:00:00,64.968,14.242,89.27,0.08927,50.726,17,0,0,4,104
2025-04-14 18:00:00,67.584,5.6,130.18,0.13018,61.984,18,0,0,4,104
2025-04-14 19:00:00,36.893,0.0,122.38,0.12238,36.893,19,0,0,4,104
2025-04-14 20:00:00,41.59,0.0,122.12,0.12212,41.59,20,0,0,4,104
2025-04-14 21:00:00,36.701,0.0,90.93,0.09093,36.701,21,0,0,4,104
2025-04-14 22:00:00,42.629,0.0,122.99,0.12299,42.629,22,0,0,4,104
2025-04-14 23:00:00,36.818,0.0,91.85,0.09185,36.818,23,0,0,4,104
2025-04-15 00:00:00,29.347,0.0,77.74,0.07774,29.347,0,1,0,4,105
2025-04-15 01:00:00,22.722,0.0,78.65,0.07865,22.722,1,1,0,4,105
2025-04-15 02:00:00,27.984,0.0,101.02,0.10102,27.984,2,1,0,4,105
2025-04-15 03:00:00,33.68,0.0,86.23,0.08623,33.68,3,1,0,4,105
2025-04-15 04:00:00,31.508,0.0,72.25,0.07225,31.508,4,1,0,4,105
2025-04-15 05:00:00,30.534,0.0,87.27,0.08727,30.534,5,1,0,4,105
2025-04-15 06:00:00,47.051,0.0,84.19,0.08419,47.051,6,1,0,4,105
2025-04-15 07:00:00,45.373,7.357,100.19,0.10019,38.016,7,1,0,4,105
2025-04-15 08:00:00,68.848,6.043,96.04,0.09604,62.805,8,1,0,4,105
2025-04-15 09:00:00,67.893,19.66,84.52,0.08452,48.233,9,1,0,4,105
2025-04-15 10:00:00,69.82,16.194,95.38,0.09538,53.626,10,1,0,4,105
2025-04-15 11:00:00,66.099,29.075,88.04,0.08804,37.024,11,1,0,4,105
2025-04-15 12:00:00,67.848,28.058,67.34,0.06734,39.79,12,1,0,4,105
2025-04-15 13:00:00,63.968,21.1,53.31,0.05331,42.868,13,1,0,4,105
2025-04-15 14:00:00,63.026,22.516,72.72,0.07272,40.51,14,1,0,4,105
2025-04-15 15:00:00,70.412,15.679,69.01,0.06901,54.733,15,1,0,4,105
2025-04-15 16:00:00,65.643,15.488,76.64,0.07664,50.155,16,1,0,4,105
2025-04-15 17:00:00,67.526,14.45,97.84,0.09784,53.076,17,1,0,4,105
2025-04-15 18:00:00,65.347,4.153,85.44,0.08544,61.194,18,1,0,4,105
2025-04-15 19:00:00,37.251,0.0,118.35,0.11835,37.251,19,1,0,4,105
2025-04-15 20:00:00,39.163,0.0,130.1,0.1301,39.163,20,1,0,4,105
2025-04-15 21:00:00,43.723,0.0,117.72,0.11772,43.723,21,1,0,4,105
2025-04-15 22:00:00,40.905,0.0,95.08,0.09508,40.905,22,1,0,4,105
2025-04-15 23:00:00,24.261,0.0,91.98,0.09198,24.261,23,1,0,4,105
2025-04-16 00:00:00,29.043,0.0,81.54,0.08154,29.043,0,2,0,4,106
2025-04-16 01:00:00,35.435,0.0,70.28,0.07028,35.435,1,2,0,4,106
2025-04-16 02:00:00,29.047,0.0,89.87,0.08987,29.047,2,2,0,4,106
2025-04-16 03:00:00,23.97,0.0,86.47,0.08647,23.97,3,2,0,4,106
2025-04-16 04:00:00,35.789,0.0,80.83,0.08083,35.789,4,2,0,4,106
2025-04-16 05:00:00,31.915,0.0,98.96,0.09896,31.915,5,2,0,4,106
2025-04-16 06:00:00,43.585,0.0,87.08,0.08708,43.585,6,2,0,4,106
2025-04-16 07:00:00,42.621,6.778,111.18,0.11118,35.843,7,2,0,4,106
2025-04-16 08:00:00,68.39,12.644,97.0,0.097,55.746,8,2,0,4,106
2025-04-16 09:00:00,63.192,20.918,90.45,0.09045,42.274,9,2,0,4,106
2025-04-16 10:00:00,68.601,17.822,86.75,0.08675,50.779,10,2,0,4,106
2025-04-16 11:00:00,66.661,17.248,89.31,0.08931,49.413,11,2,0,4,106
2025-04-16 12:00:00,65.709,24.881,68.95,0.06895,40.828,12,2,0,4,106
2025-04-16 13:00:00,65.392,24.203,74.14,0.07414,41.189,13,2,0,4,106
2025-04-16 14:00:00,64.366,24.258,65.68,0.06568,40.108,14,2,0,4,106
2025-04-16 15:00:00,68.272,19.745,67.37,0.06737,48.527,15,2,0,4,106
2025-04-16 16:00:00,62.157,11.49,78.16,0.07816,50.667,16,2,0,4,106
2025-04-16 17:00:00,59.736,14.659,100.22,0.10022,45.077,17,2,0,4,106
2025-04-16 18:00:00,66.892,6.834,99.19,0.09919,60.058,18,2,0,4,106
2025-04-16 19:00:00,41.137,0.0,119.37,0.11937,41.137,19,2,0,4,106
2025-04-16 20:00:00,40.654,0.0,127.7,0.1277,40.654,20,2,0,4,106
2025-04-16 21:00:00,40.422,0.0,107.23,0.10723,40.422,21,2,0,4,106
2025-04-16 22:00:00,38.091,0.0,114.26,0.11426,38.091,22,2,0,4,106
2025-04-16 23:00:00,32.252,0.0,106.53,0.10653,32.252,23,2,0,4,106
2025-04-17 00:00:00,29.58,0.0,95.51,0.09551,29.58,0,3,0,4,107
2025-04-17 01:00:00,28.167,0.0,74.78,0.07478,28.167,1,3,0,4,107
2025-04-17 02:00:00,28.727,0.0,75.56,0.07556,28.727,2,3,0,4,107
2025-04-17 03:00:00,36.191,0.0,85.69,0.08569,36.191,3,3,0,4,107
2025-04-17 04:00:00,24.174,0.0,85.94,0.08594,24.174,4,3,0,4,107
2025-04-17 05:00:00,31.325,0.0,89.09,0.08909,31.325,5,3,0,4,107
2025-04-17 06:00:00,38.423,0.0,88.53,0.08853,38.423,6,3,0,4,107
2025-04-17 07:00:00,43.45,7.103,98.03,0.09803,36.347,7,3,0,4,107
2025-04-17 08:00:00,63.514,9.329,73.95,0.07395,54.185,8,3,0,4,107
2025-04-17 09:00:00,58.23,18.934,106.37,0.10637,39.296,9,3,0,4,107
2025-04-17 10:00:00,66.147,23.075,110.51,0.11051,43.072,10,3,0,4,107
2025-04-17 11:00:00,63.686,27.131,82.66,0.08266,36.555,11,3,0,4,107
2025-04-17 12:00:00,58.184,30.78,81.48,0.08148,27.404,12,3,0,4,107
2025-04-17 13:00:00,67.588,23.588,89.3,0.0893,44.0,13,3,0,4,107
2025-04-17 14:00:00,69.494,20.487,69.81,0.06981,49.007,14,3,0,4,107
2025-04-17 15:00:00,69.67,22.52,74.46,0.07446,47.15,15,3,0,4,107
2025-04-17 16:00:00,66.05,16.492,96.79,0.09679,49.558,16,3,0,4,107
2025-04-17 17:00:00,65.049,6.794,110.33,0.11033,58.255,17,3,0,4,107
2025-04-17 18:00:00,69.152,2.634,93.8,0.0938,66.518,18,3,0,4,107
2025-04-17 19:00:00,44.489,0.0,113.21,0.11321,44.489,19,3,0,4,107
2025-04-17 20:00:00,42.733,0.0,131.99,0.13199,42.733,20,3,0,4,107
2025-04-17 21:00:00,36.093,0.0,124.1,0.1241,36.093,21,3,0,4,107
2025-04-17 22:00:00,39.75,0.0,115.89,0.11589,39.75,22,3,0,4,107
2025-04-17 23:00:00,31.132,0.0,71.95,0.07195,31.132,23,3,0,4,107
2025-04-18 00:00:00,23.929,0.0,66.11,0.06611,23.929,0,4,0,4,108
2025-04-18 01:00:00,31.221,0.0,103.51,0.10351,31.221,1,4,0,4,108
2025-04-18 02:00:00,36.993,0.0,93.49,0.09349,36.993,2,4,0,4,108
2025-04-18 03:00:00,31.767,0.0,89.57,0.08957,31.767,3,4,0,4,108
2025-04-18 04:00:00,34.434,0.0,74.43,0.07443,34.434,4,4,0,4,108
2025-04-18 05:00:00,30.305,0.0,84.55,0.08455,30.305,5,4,0,4,108
2025-04-18 06:00:00,43.548,0.0,97.59,0.09759,43.548,6,4,0,4,108
2025-04-18 07:00:00,45.003,4.863,82.15,0.08215,40.14,7,4,0,4,108
2025-04-18 08:00:00,62.267,13.986,92.24,0.09224,48.281,8,4,0,4,108
2025-04-18 09:00:00,61.793,14.004,103.35,0.10335,47.789,9,4,0,4,108
2025-04-18 10:00:00,68.929,26.696,101.49,0.10149,42.233,10,4,0,4,108
2025-04-18 11:00:00,69.269,28.914,82.76,0.08276,40.355,11,4,0,4,108
2025-04-18 12:00:00,61.706,30.833,89.08,0.08908,30.873,12,4,0,4,108
2025-04-18 13:00:00,67.975,26.357,81.79,0.08179,41.618,13,4,0,4,108
2025-04-18 14:00:00,64.599,26.076,51.35,0.05135,38.523,14,4,0,4,108
2025-04-18 15:00:00,65.965,25.311,87.58,0.08758,40.654,15,4,0,4,108
2025-04-18 16:00:00,66.35,21.51,89.84,0.08984,44.84,16,4,0,4,108
2025-04-18 17:00:00,68.059,14.192,91.83,0.09183,53.867,17,4,0,4,108
2025-04-18 18:00:00,65.142,6.755,102.84,0.10284,58.387,18,4,0,4,108
2025-04-18 19:00:00,43.607,0.0,125.02,0.12502,43.607,19,4,0,4,108
2025-04-18 20:00:00,40.085,0.0,128.2,0.1282,40.085,20,4,0,4,108
2025-04-18 21:00:00,41.092,0.0,116.21,0.11621,41.092,21,4,0,4,108
2025-04-18 22:00:00,36.428,0.0,124.69,0.12469,36.428,22,4,0,4,108
2025-04-18 23:00:00,36.627,0.0,76.92,0.07692,36.627,23,4,0,4,108
2025-04-19 00:00:00,27.468,0.0,71.81,0.07181,27.468,0,5,1,4,109
2025-04-19 01:00:00,28.247,0.0,82.96,0.08296,28.247,1,5,1,4,109
2025-04-19 02:00:00,20.819,0.0,78.04,0.07804,20.819,2,5,1,4,109
2025-04-19 03:00:00,23.332,0.0,85.84,0.08584,23.332,3,5,1,4,109
2025-04-19 04:00:00,29.926,0.0,65.72,0.06572,29.926,4,5,1,4,109
2025-04-19 05:00:00,26.883,0.0,78.96,0.07896,26.883,5,5,1,4,109
2025-04-19 06:00:00,29.399,0.0,96.21,0.09621,29.399,6,5,1,4,109
2025-04-19 07:00:00,38.845,5.828,73.85,0.07385,33.017,7,5,1,4,109
2025-04-19 08:00:00,48.12,8.806,89.69,0.08969,39.314,8,5,1,4,109
2025-04-19 09:00:00,54.376,15.333,87.1,0.0871,39.043,9,5,1,4,109
2025-04-19 10:00:00,49.579,27.062,92.03,0.09203,22.517,10,5,1,4,109
2025-04-19 11:00:00,50.515,27.342,84.73,0.08473,23.173,11,5,1,4,109
2025-04-19 12:00:00,53.633,28.267,73.04,0.07304,25.366,12,5,1,4,109
2025-04-19 13:00:00,46.988,30.836,62.2,0.0622,16.152,13,5,1,4,109
2025-04-19 14:00:00,46.683,30.036,62.72,0.06272,16.647,14,5,1,4,109
2025-04-19 15:00:00,49.231,17.224,62.37,0.06237,32.007,15,5,1,4,109
2025-04-19 16:00:00,52.507,21.592,70.66,0.07066,30.915,16,5,1,4,109
2025-04-19 17:00:00,45.601,12.763,222.06,0.22206,32.838,17,5,1,4,109
2025-04-19 18:00:00,44.522,7.869,85.0,0.085,36.653,18,5,1,4,109
2025-04-19 19:00:00,34.973,0.0,113.36,0.11336,34.973,19,5,1,4,109
2025-04-19 20:00:00,30.407,0.0,106.25,0.10625,30.407,20,5,1,4,109
2025-04-19 21:00:00,31.082,0.0,131.29,0.13129,31.082,21,5,1,4,109
2025-04-19 22:00:00,26.395,0.0,102.33,0.10233,26.395,22,5,1,4,109
2025-04-19 23:00:00,23.792,0.0,78.1,0.0781,23.792,23,5,1,4,109
2025-04-20 00:00:00,25.937,0.0,75.96,0.07596,25.937,0,6,1,4,110
2025-04-20 01:00:00,28.938,0.0,63.71,0.06371,28.938,1,6,1,4,110
2025-04-20 02:00:00,23.493,0.0,72.04,0.07204,23.493,2,6,1,4,110
2025-04-20 03:00:00,31.264,0.0,84.82,0.08482,31.264,3,6,1,4,110
2025-04-20 04:00:00,23.77,0.0,93.09,0.09309,23.77,4,6,1,4,110
2025-04-20 05:00:00,23.775,0.0,92.13,0.09213,23.775,5,6,1,4,110
2025-04-20 06:00:00,40.433,0.0,83.47,0.08347,40.433,6,6,1,4,110
2025-04-20 07:00:00,36.19,7.976,94.3,0.0943,28.214,7,6,1,4,110
2025-04-20 08:00:00,48.077,12.631,100.0,0.1,35.446,8,6,1,4,110
2025-04-20 09:00:00,49.347,22.1,114.72,0.11472,27.247,9,6,1,4,110
2025-04-20 10:00:00,54.173,24.996,82.18,0.08218,29.177,10,6,1,4,110
2025-04-20 11:00:00,54.535,27.814,95.71,0.09571,26.721,11,6,1,4,110
2025-04-20 12:00:00,47.229,28.357,60.96,0.06096,18.872,12,6,1,4,110
2025-04-20 13:00:00,49.707,29.719,76.72,0.07672,19.988,13,6,1,4,110
2025-04-20 14:00:00,50.132,31.161,55.7,0.0557,18.971,14,6,1,4,110
2025-04-20 15:00:00,46.687,18.72,56.99,0.05699,27.967,15,6,1,4,110
2025-04-20 16:00:00,49.665,12.074,67.95,0.06795,37.591,16,6,1,4,110
2025-04-20 17:00:00,49.86,15.488,225.21,0.22521,34.372,17,6,1,4,110
2025-04-20 18:00:00,53.492,6.981,101.1,0.1011,46.511,18,6,1,4,110
2025-04-20 19:00:00,36.193,0.0,122.02,0.12202,36.193,19,6,1,4,110
2025-04-20 20:00:00,31.276,0.0,94.37,0.09437,31.276,20,6,1,4,110
2025-04-20 21:00:00,31.645,0.0,109.81,0.10981,31.645,21,6,1,4,110
2025-04-20 22:00:00,34.455,0.0,90.39,0.09039,34.455,22,6,1,4,110
2025-04-20 23:00:00,24.088,0.0,99.65,0.09965,24.088,23,6,1,4,110
2025-04-21 00:00:00,31.585,0.0,99.31,0.09931,31.585,0,0,0,4,111
2025-04-21 01:00:00,29.42,0.0,83.38,0.08338,29.42,1,0,0,4,111
2025-04-21 02:00:00,26.599,0.0,78.17,0.07817,26.599,2,0,0,4,111
2025-04-21 03:00:00,26.639,0.0,69.34,0.06934,26.639,3,0,0,4,111
2025-04-21 04:00:00,34.332,0.0,105.79,0.10579,34.332,4,0,0,4,111
2025-04-21 05:00:00,29.2,0.0,101.34,0.10134,29.2,5,0,0,4,111
2025-04-21 06:00:00,48.991,0.0,71.56,0.07156,48.991,6,0,0,4,111
2025-04-21 07:00:00,42.099,6.702,101.98,0.10198,35.397,7,0,0,4,111
2025-04-21 08:00:00,65.736,12.102,87.62,0.08762,53.634,8,0,0,4,111
2025-04-21 09:00:00,72.46,16.79,93.96,0.09396,55.67,9,0,0,4,111
2025-04-21 10:00:00,61.42,25.993,82.56,0.08256,35.427,10,0,0,4,111
2025-04-21 11:00:00,58.731,29.198,67.44,0.06744,29.533,11,0,0,4,111
2025-04-21 12:00:00,68.921,32.933,78.25,0.07825,35.988,12,0,0,4,111
2025-04-21 13:00:00,62.158,29.809,90.7,0.0907,32.349,13,0,0,4,111
2025-04-21 14:00:00,64.738,31.574,59.47,0.05947,33.164,14,0,0,4,111
2025-04-21 15:00:00,62.929,15.981,79.57,0.07957,46.948,15,0,0,4,111
2025-04-21 16:00:00,65.662,21.656,88.11,0.08811,44.006,16,0,0,4,111
2025-04-21 17:00:00,61.762,10.557,96.43,0.09643,51.205,17,0,0,4,111
2025-04-21 18:00:00,64.228,7.968,123.63,0.12363,56.26,18,0,0,4,111
2025-04-21 19:00:00,40.501,0.0,126.13,0.12613,40.501,19,0,0,4,111
2025-04-21 20:00:00,35.835,0.0,140.36,0.14036,35.835,20,0,0,4,111
2025-04-21 21:00:00,36.821,0.0,106.91,0.10691,36.821,21,0,0,4,111
2025-04-21 22:00:00,37.95,0.0,115.53,0.11553,37.95,22,0,0,4,111
2025-04-21 23:00:00,25.129,0.0,112.53,0.11253,25.129,23,0,0,4,111
2025-04-22 00:00:00,28.343,0.0,77.22,0.07722,28.343,0,1,0,4,112
2025-04-22 01:00:00,30.075,0.0,50.09,0.05009,30.075,1,1,0,4,112
2025-04-22 02:00:00,28.416,0.0,72.36,0.07236,28.416,2,1,0,4,112
2025-04-22 03:00:00,28.826,0.0,78.07,0.07807,28.826,3,1,0,4,112
2025-04-22 04:00:00,29.631,0.0,91.75,0.09175,29.631,4,1,0,4,112
2025-04-22 05:00:00,27.597,0.0,82.32,0.08232,27.597,5,1,0,4,112
2025-04-22 06:00:00,45.94,0.0,91.21,0.09121,45.94,6,1,0,4,112
2025-04-22 07:00:00,48.324,8.133,89.22,0.08922,40.191,7,1,0,4,112
2025-04-22 08:00:00,63.294,3.18,97.28,0.09728,60.114,8,1,0,4,112
2025-04-22 09:00:00,66.332,16.713,98.21,0.09821,49.619,9,1,0,4,112
2025-04-22 10:00:00,64.013,10.058,88.55,0.08855,53.955,10,1,0,4,112
2025-04-22 11:00:00,65.949,31.986,95.49,0.09549,33.963,11,1,0,4,112
2025-04-22 12:00:00,69.79,33.959,92.34,0.09234,35.831,12,1,0,4,112
2025-04-22 13:00:00,66.407,23.768,60.09,0.06009,42.639,13,1,0,4,112
2025-04-22 14:00:00,59.105,28.95,70.74,0.07074,30.155,14,1,0,4,112
2025-04-22 15:00:00,66.232,21.512,56.19,0.05619,44.72,15,1,0,4,112
2025-04-22 16:00:00,68.725,20.686,-8.03,-0.00803,48.039,16,1,0,4,112
2025-04-22 17:00:00,64.07,15.898,99.41,0.09941,48.172,17,1,0,4,112
2025-04-22 18:00:00,67.966,7.614,123.57,0.12357,60.352,18,1,0,4,112
2025-04-22 19:00:00,36.842,0.0,113.13,0.11313,36.842,19,1,0,4,112
2025-04-22 20:00:00,34.297,0.0,140.47,0.14047,34.297,20,1,0,4,112
2025-04-22 21:00:00,39.503,0.0,111.73,0.11173,39.503,21,1,0,4,112
2025-04-22 22:00:00,33.43,0.0,105.57,0.10557,33.43,22,1,0,4,112
2025-04-22 23:00:00,28.928,0.0,113.93,0.11393,28.928,23,1,0,4,112
2025-04-23 00:00:00,33.807,0.0,75.65,0.07565,33.807,0,2,0,4,113
2025-04-23 01:00:00,23.578,0.0,93.96,0.09396,23.578,1,2,0,4,113
2025-04-23 02:00:00,25.594,0.0,81.39,0.08139,25.594,2,2,0,4,113
2025-04-23 03:00:00,26.386,0.0,77.95,0.07795,26.386,3,2,0,4,113
2025-04-23 04:00:00,29.486,0.0,80.89,0.08089,29.486,4,2,0,4,113
2025-04-23 05:00:00,28.519,0.0,66.14,0.06614,28.519,5,2,0,4,113
2025-04-23 06:00:00,48.193,0.0,103.63,0.10363,48.193,6,2,0,4,113
2025-04-23 07:00:00,46.769,8.291,97.36,0.09736,38.478,7,2,0,4,113
2025-04-23 08:00:00,66.34,15.129,96.93,0.09693,51.211,8,2,0,4,113
2025-04-23 09:00:00,65.221,10.204,91.79,0.09179,55.017,9,2,0,4,113
2025-04-23 10:00:00,66.014,18.362,97.83,0.09783,47.652,10,2,0,4,113
2025-04-23 11:00:00,61.997,32.395,95.95,0.09595,29.602,11,2,0,4,113
2025-04-23 12:00:00,67.498,20.166,75.63,0.07563,47.332,12,2,0,4,113
2025-04-23 13:00:00,61.197,34.394,81.05,0.08105,26.803,13,2,0,4,113
2025-04-23 14:00:00,67.428,26.743,71.15,0.07115,40.685,14,2,0,4,113
2025-04-23 15:00:00,68.551,26.928,69.39,0.06939,41.623,15,2,0,4,113
2025-04-23 16:00:00,65.43,22.975,86.42,0.08642,42.455,16,2,0,4,113
2025-04-23 17:00:00,64.191,15.2,83.81,0.08381,48.991,17,2,0,4,113
2025-04-23 18:00:00,66.036,4.207,90.82,0.09082,61.829,18,2,0,4,113
2025-04-23 19:00:00,29.883,0.0,115.72,0.11572,29.883,19,2,0,4,113
2025-04-23 20:00:00,40.007,0.0,122.33,0.12233,40.007,20,2,0,4,113
2025-04-23 21:00:00,38.677,0.0,115.83,0.11583,38.677,21,2,0,4,113
2025-04-23 22:00:00,38.878,0.0,119.65,0.11965,38.878,22,2,0,4,113
2025-04-23 23:00:00,31.95,0.0,102.1,0.1021,31.95,23,2,0,4,113
2025-04-24 00:00:00,29.444,0.0,207.36,0.20736,29.444,0,3,0,4,114
2025-04-24 01:00:00,26.034,0.0,84.58,0.08458,26.034,1,3,0,4,114
2025-04-24 02:00:00,29.23,0.0,85.52,0.08552,29.23,2,3,0,4,114
2025-04-24 03:00:00,29.899,0.0,90.26,0.09026,29.899,3,3,0,4,114
2025-04-24 04:00:00,30.051,0.0,86.35,0.08635,30.051,4,3,0,4,114
2025-04-24 05:00:00,30.201,0.0,86.12,0.08612,30.201,5,3,0,4,114
2025-04-24 06:00:00,47.028,0.0,77.52,0.07752,47.028,6,3,0,4,114
2025-04-24 07:00:00,40.227,7.671,87.85,0.08785,32.556,7,3,0,4,114
2025-04-24 08:00:00,65.293,16.125,101.02,0.10102,49.168,8,3,0,4,114
2025-04-24 09:00:00,68.859,11.767,100.44,0.10044,57.092,9,3,0,4,114
2025-04-24 10:00:00,59.18,20.125,79.7,0.0797,39.055,10,3,0,4,114
2025-04-24 11:00:00,65.306,22.14,81.34,0.08134,43.166,11,3,0,4,114
2025-04-24 12:00:00,62.858,34.827,68.93,0.06893,28.031,12,3,0,4,114
2025-04-24 13:00:00,63.545,30.098,84.91,0.08491,33.447,13,3,0,4,114
2025-04-24 14:00:00,61.836,32.803,70.76,0.07076,29.033,14,3,0,4,114
2025-04-24 15:00:00,64.189,28.228,74.47,0.07447,35.961,15,3,0,4,114
2025-04-24 16:00:00,70.623,8.82,76.47,0.07647,61.803,16,3,0,4,114
2025-04-24 17:00:00,60.685,8.587,82.47,0.08247,52.098,17,3,0,4,114
2025-04-24 18:00:00,60.988,4.421,98.73,0.09873,56.567,18,3,0,4,114
2025-04-24 19:00:00,34.863,0.0,121.02,0.12102,34.863,19,3,0,4,114
2025-04-24 20:00:00,44.557,0.0,119.22,0.11922,44.557,20,3,0,4,114
2025-04-24 21:00:00,37.55,0.0,122.93,0.12293,37.55,21,3,0,4,114
2025-04-24 22:00:00,38.947,0.0,109.02,0.10902,38.947,22,3,0,4,114
2025-04-24 23:00:00,28.394,0.0,99.89,0.09989,28.394,23,3,0,4,114
2025-04-25 00:00:00,26.655,0.0,87.94,0.08794,26.655,0,4,0,4,115
2025-04-25 01:00:00,28.924,0.0,186.8,0.1868,28.924,1,4,0,4,115
2025-04-25 02:00:00,37.543,0.0,81.46,0.08146,37.543,2,4,0,4,115
2025-04-25 03:00:00,34.131,0.0,93.95,0.09395,34.131,3,4,0,4,115
2025-04-25 04:00:00,26.947,0.0,103.94,0.10394,26.947,4,4,0,4,115
2025-04-25 05:00:00,31.749,0.0,96.7,0.0967,31.749,5,4,0,4,115
2025-04-25 06:00:00,41.028,0.0,62.83,0.06283,41.028,6,4,0,4,115
2025-04-25 07:00:00,38.004,8.341,87.22,0.08722,29.663,7,4,0,4,115
2025-04-25 08:00:00,67.969,10.7,99.26,0.09926,57.269,8,4,0,4,115
2025-04-25 09:00:00,68.419,15.104,87.43,0.08743,53.315,9,4,0,4,115
2025-04-25 10:00:00,68.054,24.216,82.96,0.08296,43.838,10,4,0,4,115
2025-04-25 11:00:00,63.203,18.518,82.63,0.08263,44.685,11,4,0,4,115
2025-04-25 12:00:00,64.173,30.88,81.53,0.08153,33.293,12,4,0,4,115
2025-04-25 13:00:00,67.106,22.52,77.29,0.07729,44.586,13,4,0,4,115
2025-04-25 14:00:00,65.96,23.506,64.43,0.06443,42.454,14,4,0,4,115
2025-04-25 15:00:00,63.447,27.228,65.58,0.06558,36.219,15,4,0,4,115
2025-04-25 16:00:00,59.526,18.059,68.56,0.06856,41.467,16,4,0,4,115
2025-04-25 17:00:00,65.071,11.186,93.66,0.09366,53.885,17,4,0,4,115
2025-04-25 18:00:00,68.16,4.232,107.43,0.10743,63.928,18,4,0,4,115
2025-04-25 19:00:00,35.186,0.0,125.02,0.12502,35.186,19,4,0,4,115
2025-04-25 20:00:00,41.062,0.0,122.98,0.12298,41.062,20,4,0,4,115
2025-04-25 21:00:00,40.079,0.0,104.64,0.10464,40.079,21,4,0,4,115
2025-04-25 22:00:00,41.419,0.0,103.96,0.10396,41.419,22,4,0,4,115
2025-04-25 23:00:00,32.467,0.0,105.36,0.10536,32.467,23,4,0,4,115
2025-04-26 00:00:00,23.714,0.0,59.98,0.05998,23.714,0,5,1,4,116
2025-04-26 01:00:00,20.762,0.0,76.5,0.0765,20.762,1,5,1,4,116
2025-04-26 02:00:00,24.229,0.0,80.28,0.08028,24.229,2,5,1,4,116
2025-04-26 03:00:00,28.781,0.0,97.75,0.09775,28.781,3,5,1,4,116
2025-04-26 04:00:00,24.202,0.0,72.53,0.07253,24.202,4,5,1,4,116
2025-04-26 05:00:00,23.715,0.0,79.16,0.07916,23.715,5,5,1,4,116
2025-04-26 06:00:00,29.631,0.0,100.45,0.10045,29.631,6,5,1,4,116
2025-04-26 07:00:00,41.068,7.805,81.78,0.08178,33.263,7,5,1,4,116
2025-04-26 08:00:00,52.387,16.705,101.72,0.10172,35.682,8,5,1,4,116
2025-04-26 09:00:00,52.208,18.933,95.2,0.0952,33.275,9,5,1,4,116
2025-04-26 10:00:00,52.841,17.286,85.06,0.08506,35.555,10,5,1,4,116
2025-04-26 11:00:00,51.59,33.61,84.19,0.08419,17.98,11,5,1,4,116
2025-04-26 12:00:00,48.963,33.229,69.46,0.06946,15.734,12,5,1,4,116
2025-04-26 13:00:00,49.22,26.907,86.55,0.08655,22.313,13,5,1,4,116
2025-04-26 14:00:00,48.376,20.079,40.31,0.04031,28.297,14,5,1,4,116
2025-04-26 15:00:00,58.176,22.401,60.06,0.06006,35.775,15,5,1,4,116
2025-04-26 16:00:00,51.523,21.942,67.32,0.06732,29.581,16,5,1,4,116
2025-04-26 17:00:00,48.26,15.528,80.11,0.08011,32.732,17,5,1,4,116
2025-04-26 18:00:00,51.234,7.045,106.7,0.1067,44.189,18,5,1,4,116
2025-04-26 19:00:00,29.05,0.0,104.34,0.10434,29.05,19,5,1,4,116
2025-04-26 20:00:00,37.099,0.0,245.21,0.24521,37.099,20,5,1,4,116
2025-04-26 21:00:00,30.17,0.0,112.92,0.11292,30.17,21,5,1,4,116
2025-04-26 22:00:00,33.888,0.0,108.69,0.10869,33.888,22,5,1,4,116
2025-04-26 23:00:00,29.347,0.0,88.28,0.08828,29.347,23,5,1,4,116
2025-04-27 00:00:00,27.163,0.0,80.42,0.08042,27.163,0,6,1,4,117
2025-04-27 01:00:00,26.234,0.0,75.99,0.07599,26.234,1,6,1,4,117
2025-04-27 02:00:00,25.967,0.0,67.44,0.06744,25.967,2,6,1,4,117
2025-04-27 03:00:00,25.751,0.0,93.58,0.09358,25.751,3,6,1,4,117
2025-04-27 04:00:00,24.087,0.0,70.78,0.07078,24.087,4,6,1,4,117
2025-04-27 05:00:00,24.494,0.0,75.46,0.07546,24.494,5,6,1,4,117
2025-04-27 06:00:00,40.185,0.0,74.87,0.07487,40.185,6,6,1,4,117
2025-04-27 07:00:00,35.103,8.705,91.55,0.09155,26.398,7,6,1,4,117
2025-04-27 08:00:00,47.214,12.161,86.06,0.08606,35.053,8,6,1,4,117
2025-04-27 09:00:00,48.076,13.888,106.3,0.1063,34.188,9,6,1,4,117
2025-04-27 10:00:00,53.249,28.611,92.48,0.09248,24.638,10,6,1,4,117
2025-04-27 11:00:00,51.89,19.825,76.77,0.07677,32.065,11,6,1,4,117
2025-04-27 12:00:00,51.521,16.926,61.71,0.06171,34.595,12,6,1,4,117
2025-04-27 13:00:00,48.904,29.358,62.73,0.06273,19.546,13,6,1,4,117
2025-04-27 14:00:00,51.563,34.01,66.03,0.06603,17.553,14,6,1,4,117
2025-04-27 15:00:00,47.669,24.968,62.29,0.06229,22.701,15,6,1,4,117
2025-04-27 16:00:00,48.897,16.727,68.32,0.06832,32.17,16,6,1,4,117
2025-04-27 17:00:00,52.832,16.904,71.11,0.07111,35.928,17,6,1,4,117
2025-04-27 18:00:00,52.526,8.499,118.19,0.11819,44.027,18,6,1,4,117
2025-04-27 19:00:00,29.136,0.0,106.67,0.10667,29.136,19,6,1,4,117
2025-04-27 20:00:00,29.54,0.0,100.66,0.10066,29.54,20,6,1,4,117
2025-04-27 21:00:00,32.626,0.0,99.73,0.09973,32.626,21,6,1,4,117
2025-04-27 22:00:00,37.801,0.0,96.74,0.09674,37.801,22,6,1,4,117
2025-04-27 23:00:00,19.802,0.0,108.97,0.10897,19.802,23,6,1,4,117
2025-04-28 00:00:00,30.549,0.0,82.37,0.08237,30.549,0,0,0,4,118
2025-04-28 01:00:00,25.255,0.0,80.35,0.08035,25.255,1,0,0,4,118
2025-04-28 02:00:00,27.629,0.0,92.62,0.09262,27.629,2,0,0,4,118
2025-04-28 03:00:00,28.493,0.0,93.64,0.09364,28.493,3,0,0,4,118
2025-04-28 04:00:00,28.313,0.0,91.87,0.09187,28.313,4,0,0,4,118
2025-04-28 05:00:00,27.951,0.0,89.12,0.08912,27.951,5,0,0,4,118
2025-04-28 06:00:00,43.672,0.0,79.28,0.07928,43.672,6,0,0,4,118
2025-04-28 07:00:00,41.937,4.765,86.89,0.08689,37.172,7,0,0,4,118
2025-04-28 08:00:00,59.955,7.57,81.8,0.0818,52.385,8,0,0,4,118
2025-04-28 09:00:00,67.131,16.593,95.78,0.09578,50.538,9,0,0,4,118
2025-04-28 10:00:00,67.044,13.903,89.77,0.08977,53.141,10,0,0,4,118
2025-04-28 11:00:00,67.333,11.466,81.13,0.08113,55.867,11,0,0,4,118
2025-04-28 12:00:00,59.705,36.529,80.47,0.08047,23.176,12,0,0,4,118
2025-04-28 13:00:00,65.592,22.113,64.15,0.06415,43.479,13,0,0,4,118
2025-04-28 14:00:00,66.798,28.564,64.3,0.0643,38.234,14,0,0,4,118
2025-04-28 15:00:00,61.335,27.375,64.76,0.06476,33.96,15,0,0,4,118
2025-04-28 16:00:00,64.665,24.012,76.28,0.07628,40.653,16,0,0,4,118
2025-04-28 17:00:00,64.263,10.079,91.84,0.09184,54.184,17,0,0,4,118
2025-04-28 18:00:00,70.53,8.104,89.19,0.08919,62.426,18,0,0,4,118
2025-04-28 19:00:00,45.144,0.0,120.09,0.12009,45.144,19,0,0,4,118
2025-04-28 20:00:00,33.66,0.0,123.93,0.12393,33.66,20,0,0,4,118
2025-04-28 21:00:00,46.966,0.0,121.54,0.12154,46.966,21,0,0,4,118
2025-04-28 22:00:00,36.057,0.0,108.38,0.10838,36.057,22,0,0,4,118
2025-04-28 23:00:00,32.797,0.0,100.01,0.10001,32.797,23,0,0,4,118
2025-04-29 00:00:00,32.758,0.0,79.8,0.0798,32.758,0,1,0,4,119
2025-04-29 01:00:00,26.467,0.0,88.41,0.08841,26.467,1,1,0,4,119
2025-04-29 02:00:00,31.231,0.0,95.5,0.0955,31.231,2,1,0,4,119
2025-04-29 03:00:00,29.309,0.0,79.39,0.07939,29.309,3,1,0,4,119
2025-04-29 04:00:00,31.427,0.0,80.57,0.08057,31.427,4,1,0,4,119
2025-04-29 05:00:00,30.391,0.0,93.31,0.09331,30.391,5,1,0,4,119
2025-04-29 06:00:00,47.465,0.0,84.66,0.08466,47.465,6,1,0,4,119
2025-04-29 07:00:00,43.878,8.471,87.09,0.08709,35.407,7,1,0,4,119
2025-04-29 08:00:00,64.074,10.141,101.82,0.10182,53.933,8,1,0,4,119
2025-04-29 09:00:00,68.119,8.069,93.6,0.0936,60.05,9,1,0,4,119
2025-04-29 10:00:00,66.469,20.009,106.12,0.10612,46.46,10,1,0,4,119
2025-04-29 11:00:00,66.953,19.324,81.64,0.08164,47.629,11,1,0,4,119
2025-04-29 12:00:00,62.485,30.716,69.37,0.06937,31.769,12,1,0,4,119
2025-04-29 13:00:00,61.267,30.713,70.55,0.07055,30.554,13,1,0,4,119
2025-04-29 14:00:00,62.795,32.123,71.94,0.07194,30.672,14,1,0,4,119
2025-04-29 15:00:00,62.625,12.961,72.71,0.07271,49.664,15,1,0,4,119
2025-04-29 16:00:00,67.127,15.724,81.87,0.08187,51.403,16,1,0,4,119
2025-04-29 17:00:00,67.735,10.696,82.54,0.08254,57.039,17,1,0,4,119
2025-04-29 18:00:00,64.115,6.72,113.87,0.11387,57.395,18,1,0,4,119
2025-04-29 19:00:00,43.554,0.0,98.88,0.09888,43.554,19,1,0,4,119
2025-04-29 20:00:00,43.354,0.0,113.36,0.11336,43.354,20,1,0,4,119
2025-04-29 21:00:00,39.754,0.0,117.62,0.11762,39.754,21,1,0,4,119
2025-04-29 22:00:00,36.345,0.0,99.96,0.09996,36.345,22,1,0,4,119
2025-04-29 23:00:00,34.694,0.0,93.18,0.09318,34.694,23,1,0,4,119
2025-04-30 00:00:00,29.452,0.0,74.03,0.07403,29.452,0,2,0,4,120
2025-04-30 01:00:00,30.051,0.0,81.79,0.08179,30.051,1,2,0,4,120
2025-04-30 02:00:00,28.56,0.0,88.58,0.08858,28.56,2,2,0,4,120
2025-04-30 03:00:00,26.8,0.0,78.88,0.07888,26.8,3,2,0,4,120
2025-04-30 04:00:00,24.947,0.0,76.26,0.07626,24.947,4,2,0,4,120
2025-04-30 05:00:00,31.672,0.0,82.28,0.08228,31.672,5,2,0,4,120
2025-04-30 06:00:00,41.116,0.0,101.13,0.10113,41.116,6,2,0,4,120
2025-04-30 07:00:00,53.414,8.65,105.13,0.10513,44.764,7,2,0,4,120
2025-04-30 08:00:00,61.112,17.49,92.7,0.0927,43.622,8,2,0,4,120
2025-04-30 09:00:00,60.564,24.108,102.87,0.10287,36.456,9,2,0,4,120
2025-04-30 10:00:00,66.22,30.005,93.6,0.0936,36.215,10,2,0,4,120
2025-04-30 11:00:00,69.482,27.804,99.03,0.09903,41.678,11,2,0,4,120
2025-04-30 12:00:00,64.795,26.26,79.37,0.07937,38.535,12,2,0,4,120
2025-04-30 13:00:00,66.419,17.131,68.47,0.06847,49.288,13,2,0,4,120
2025-04-30 14:00:00,58.689,25.689,83.48,0.08348,33.0,14,2,0,4,120
2025-04-30 15:00:00,62.42,21.356,60.16,0.06016,41.064,15,2,0,4,120
2025-04-30 16:00:00,61.152,20.571,79.56,0.07956,40.581,16,2,0,4,120
2025-04-30 17:00:00,58.524,14.521,101.62,0.10162,44.003,17,2,0,4,120
2025-04-30 18:00:00,64.962,5.691,109.07,0.10907,59.271,18,2,0,4,120
2025-04-30 19:00:00,31.787,0.0,107.7,0.1077,31.787,19,2,0,4,120
2025-04-30 20:00:00,34.734,0.0,112.89,0.11289,34.734,20,2,0,4,120
2025-04-30 21:00:00,37.246,0.0,103.04,0.10304,37.246,21,2,0,4,120
2025-04-30 22:00:00,36.304,0.0,121.65,0.12165,36.304,22,2,0,4,120
2025-04-30 23:00:00,30.915,0.0,84.84,0.08484,30.915,23,2,0,4,120
2025-05-01 00:00:00,30.619,0.0,90.88,0.09088,30.619,0,3,0,5,121
2025-05-01 01:00:00,32.501,0.0,69.5,0.0695,32.501,1,3,0,5,121
2025-05-01 02:00:00,32.049,0.0,109.42,0.10942,32.049,2,3,0,5,121
2025-05-01 03:00:00,33.292,0.0,70.6,0.0706,33.292,3,3,0,5,121
2025-05-01 04:00:00,29.635,0.0,85.37,0.08537,29.635,4,3,0,5,121
2025-05-01 05:00:00,30.612,0.0,98.91,0.09891,30.612,5,3,0,5,121
2025-05-01 06:00:00,45.247,0.0,82.96,0.08296,45.247,6,3,0,5,121
2025-05-01 07:00:00,44.064,8.767,99.71,0.09971,35.297,7,3,0,5,121
2025-05-01 08:00:00,63.293,17.065,94.56,0.09456,46.228,8,3,0,5,121
2025-05-01 09:00:00,63.501,22.545,101.57,0.10157,40.956,9,3,0,5,121
2025-05-01 10:00:00,61.948,23.237,104.49,0.10449,38.711,10,3,0,5,121
2025-05-01 11:00:00,65.914,21.453,81.8,0.0818,44.461,11,3,0,5,121
2025-05-01 12:00:00,64.264,34.758,92.32,0.09232,29.506,12,3,0,5,121
2025-05-01 13:00:00,62.442,27.781,73.91,0.07391,34.661,13,3,0,5,121
2025-05-01 14:00:00,62.445,35.577,86.86,0.08686,26.868,14,3,0,5,121
2025-05-01 15:00:00,60.691,23.061,60.98,0.06098,37.63,15,3,0,5,121
2025-05-01 16:00:00,67.697,22.239,69.85,0.06985,45.458,16,3,0,5,121
2025-05-01 17:00:00,64.816,16.943,85.54,0.08554,47.873,17,3,0,5,121
2025-05-01 18:00:00,61.803,7.455,90.18,0.09018,54.348,18,3,0,5,121
2025-05-01 19:00:00,41.541,0.0,124.48,0.12448,41.541,19,3,0,5,121
2025-05-01 20:00:00,37.161,0.0,120.19,0.12019,37.161,20,3,0,5,121
2025-05-01 21:00:00,34.453,0.0,105.56,0.10556,34.453,21,3,0,5,121
2025-05-01 22:00:00,42.222,0.0,98.49,0.09849,42.222,22,3,0,5,121
2025-05-01 23:00:00,27.922,0.0,87.36,0.08736,27.922,23,3,0,5,121
2025-05-02 00:00:00,28.327,0.0,92.89,0.09289,28.327,0,4,0,5,122
2025-05-02 01:00:00,29.767,0.0,88.24,0.08824,29.767,1,4,0,5,122
2025-05-02 02:00:00,33.292,0.0,82.42,0.08242,33.292,2,4,0,5,122
2025-05-02 03:00:00,29.699,0.0,80.38,0.08038,29.699,3,4,0,5,122
2025-05-02 04:00:00,25.798,0.0,82.47,0.08247,25.798,4,4,0,5,122
2025-05-02 05:00:00,31.376,0.0,104.51,0.10451,31.376,5,4,0,5,122
2025-05-02 06:00:00,42.046,0.0,87.55,0.08755,42.046,6,4,0,5,122
2025-05-02 07:00:00,49.639,5.929,102.55,0.10255,43.71,7,4,0,5,122
2025-05-02 08:00:00,64.537,14.109,93.99,0.09399,50.428,8,4,0,5,122
2025-05-02 09:00:00,57.389,20.414,114.42,0.11442,36.975,9,4,0,5,122
2025-05-02 10:00:00,65.685,27.927,81.4,0.0814,37.758,10,4,0,5,122
2025-05-02 11:00:00,70.764,17.834,94.06,0.09406,52.93,11,4,0,5,122
2025-05-02 12:00:00,69.584,29.645,69.66,0.06966,39.939,12,4,0,5,122
2025-05-02 13:00:00,70.4,14.914,92.42,0.09242,55.486,13,4,0,5,122
2025-05-02 14:00:00,61.278,22.872,74.25,0.07425,38.406,14,4,0,5,122
2025-05-02 15:00:00,67.46,21.939,52.16,0.05216,45.521,15,4,0,5,122
2025-05-02 16:00:00,62.231,16.161,66.86,0.06686,46.07,16,4,0,5,122
2025-05-02 17:00:00,65.259,17.059,94.62,0.09462,48.2,17,4,0,5,122
2025-05-02 18:00:00,60.468,6.213,108.79,0.10879,54.255,18,4,0,5,122
2025-05-02 19:00:00,36.881,0.0,120.96,0.12096,36.881,19,4,0,5,122
2025-05-02 20:00:00,36.779,0.0,122.42,0.12242,36.779,20,4,0,5,122
2025-05-02 21:00:00,41.819,0.0,113.74,0.11374,41.819,21,4,0,5,122
2025-05-02 22:00:00,41.506,0.0,117.49,0.11749,41.506,22,4,0,5,122
2025-05-02 23:00:00,30.521,0.0,87.33,0.08733,30.521,23,4,0,5,122
2025-05-03 00:00:00,21.587,0.0,77.1,0.0771,21.587,0,5,1,5,123
2025-05-03 01:00:00,24.911,0.0,70.38,0.07038,24.911,1,5,1,5,123
2025-05-03 02:00:00,23.52,0.0,69.66,0.06966,23.52,2,5,1,5,123
2025-05-03 03:00:00,28.691,0.0,72.36,0.07236,28.691,3,5,1,5,123
2025-05-03 04:00:00,29.678,0.0,70.41,0.07041,29.678,4,5,1,5,123
2025-05-03 05:00:00,29.288,0.0,85.1,0.0851,29.288,5,5,1,5,123
2025-05-03 06:00:00,32.981,0.0,68.04,0.06804,32.981,6,5,1,5,123
2025-05-03 07:00:00,26.631,8.405,91.2,0.0912,18.226,7,5,1,5,123
2025-05-03 08:00:00,43.978,13.237,83.85,0.08385,30.741,8,5,1,5,123
2025-05-03 09:00:00,54.181,25.772,90.81,0.09081,28.409,9,5,1,5,123
2025-05-03 10:00:00,48.348,31.985,84.83,0.08483,16.363,10,5,1,5,123
2025-05-03 11:00:00,47.23,29.441,73.91,0.07391,17.789,11,5,1,5,123
2025-05-03 12:00:00,54.889,33.05,82.3,0.0823,21.839,12,5,1,5,123
2025-05-03 13:00:00,53.681,38.581,59.49,0.05949,15.1,13,5,1,5,123
2025-05-03 14:00:00,49.71,33.247,67.22,0.06722,16.463,14,5,1,5,123
2025-05-03 15:00:00,48.693,25.921,69.28,0.06928,22.772,15,5,1,5,123
2025-05-03 16:00:00,49.209,16.963,66.36,0.06636,32.246,16,5,1,5,123
2025-05-03 17:00:00,50.359,17.476,68.1,0.0681,32.883,17,5,1,5,123
2025-05-03 18:00:00,54.752,3.696,86.3,0.0863,51.056,18,5,1,5,123
2025-05-03 19:00:00,33.586,0.0,120.83,0.12083,33.586,19,5,1,5,123
2025-05-03 20:00:00,34.558,0.0,118.69,0.11869,34.558,20,5,1,5,123
2025-05-03 21:00:00,35.976,0.0,111.23,0.11123,35.976,21,5,1,5,123
2025-05-03 22:00:00,28.491,0.0,93.87,0.09387,28.491,22,5,1,5,123
2025-05-03 23:00:00,28.324,0.0,106.2,0.1062,28.324,23,5,1,5,123
2025-05-04 00:00:00,24.961,0.0,67.8,0.0678,24.961,0,6,1,5,124
2025-05-04 01:00:00,17.853,0.0,77.89,0.07789,17.853,1,6,1,5,124
2025-05-04 02:00:00,19.094,0.0,81.6,0.0816,19.094,2,6,1,5,124
2025-05-04 03:00:00,22.646,0.0,63.81,0.06381,22.646,3,6,1,5,124
2025-05-04 04:00:00,27.604,0.0,70.1,0.0701,27.604,4,6,1,5,124
2025-05-04 05:00:00,26.268,0.0,74.95,0.07495,26.268,5,6,1,5,124
2025-05-04 06:00:00,35.979,0.0,91.34,0.09134,35.979,6,6,1,5,124
2025-05-04 07:00:00,41.632,7.672,82.43,0.08243,33.96,7,6,1,5,124
2025-05-04 08:00:00,45.555,10.029,75.75,0.07575,35.526,8,6,1,5,124
2025-05-04 09:00:00,49.529,23.733,75.1,0.0751,25.796,9,6,1,5,124
2025-05-04 10:00:00,50.591,28.388,78.75,0.07875,22.203,10,6,1,5,124
2025-05-04 11:00:00,47.26,34.686,63.92,0.06392,12.574,11,6,1,5,124
2025-05-04 12:00:00,49.707,25.01,77.77,0.07777,24.697,12,6,1,5,124
2025-05-04 13:00:00,44.497,21.583,71.2,0.0712,22.914,13,6,1,5,124
2025-05-04 14:00:00,54.128,24.619,60.18,0.06018,29.509,14,6,1,5,124
2025-05-04 15:00:00,47.435,21.289,59.4,0.0594,26.146,15,6,1,5,124
2025-05-04 16:00:00,56.117,10.429,76.42,0.07642,45.688,16,6,1,5,124
2025-05-04 17:00:00,49.512,13.451,87.6,0.0876,36.061,17,6,1,5,124
2025-05-04 18:00:00,52.906,5.888,85.17,0.08517,47.018,18,6,1,5,124
2025-05-04 19:00:00,32.057,0.0,99.47,0.09947,32.057,19,6,1,5,124
2025-05-04 20:00:00,32.129,0.0,120.75,0.12075,32.129,20,6,1,5,124
2025-05-04 21:00:00,30.358,0.0,112.46,0.11246,30.358,21,6,1,5,124
2025-05-04 22:00:00,32.609,0.0,105.54,0.10554,32.609,22,6,1,5,124
2025-05-04 23:00:00,26.922,0.0,79.86,0.07986,26.922,23,6,1,5,124
2025-05-05 00:00:00,27.108,0.0,75.89,0.07589,27.108,0,0,0,5,125
2025-05-05 01:00:00,29.218,0.0,88.06,0.08806,29.218,1,0,0,5,125
2025-05-05 02:00:00,27.666,0.0,76.68,0.07668,27.666,2,0,0,5,125
2025-05-05 03:00:00,36.977,0.0,68.59,0.06859,36.977,3,0,0,5,125
2025-05-05 04:00:00,29.331,0.0,77.94,0.07794,29.331,4,0,0,5,125
2025-05-05 05:00:00,34.563,0.0,84.4,0.0844,34.563,5,0,0,5,125
2025-05-05 06:00:00,42.933,0.0,106.66,0.10666,42.933,6,0,0,5,125
2025-05-05 07:00:00,44.389,8.619,85.34,0.08534,35.77,7,0,0,5,125
2025-05-05 08:00:00,60.243,11.259,96.42,0.09642,48.984,8,0,0,5,125
2025-05-05 09:00:00,63.041,26.301,117.78,0.11778,36.74,9,0,0,5,125
2025-05-05 10:00:00,65.145,27.193,82.41,0.08241,37.952,10,0,0,5,125
2025-05-05 11:00:00,69.547,24.53,92.35,0.09235,45.017,11,0,0,5,125
2025-05-05 12:00:00,65.182,28.017,69.9,0.0699,37.165,12,0,0,5,125
2025-05-05 13:00:00,68.9,31.53,74.06,0.07406,37.37,13,0,0,5,125
2025-05-05 14:00:00,66.522,26.854,90.38,0.09038,39.668,14,0,0,5,125
2025-05-05 15:00:00,69.679,10.496,76.87,0.07687,59.183,15,0,0,5,125
2025-05-05 16:00:00,64.283,17.709,77.44,0.07744,46.574,16,0,0,5,125
2025-05-05 17:00:00,72.12,11.428,78.01,0.07801,60.692,17,0,0,5,125
2025-05-05 18:00:00,62.919,8.288,100.21,0.10021,54.631,18,0,0,5,125
2025-05-05 19:00:00,36.46,0.0,109.23,0.10923,36.46,19,0,0,5,125
2025-05-05 20:00:00,35.04,0.0,106.1,0.1061,35.04,20,0,0,5,125
2025-05-05 21:00:00,46.372,0.0,95.39,0.09539,46.372,21,0,0,5,125
2025-05-05 22:00:00,41.535,0.0,98.07,0.09807,41.535,22,0,0,5,125
2025-05-05 23:00:00,28.549,0.0,95.41,0.09541,28.549,23,0,0,5,125
2025-05-06 00:00:00,33.609,0.0,94.53,0.09453,33.609,0,1,0,5,126
2025-05-06 01:00:00,31.813,0.0,75.97,0.07597,31.813,1,1,0,5,126
2025-05-06 02:00:00,35.904,0.0,85.35,0.08535,35.904,2,1,0,5,126
2025-05-06 03:00:00,24.659,0.0,66.71,0.06671,24.659,3,1,0,5,126
2025-05-06 04:00:00,28.763,0.0,76.53,0.07653,28.763,4,1,0,5,126
2025-05-06 05:00:00,28.132,0.0,61.91,0.06191,28.132,5,1,0,5,126
2025-05-06 06:00:00,37.231,0.0,111.92,0.11192,37.231,6,1,0,5,126
2025-05-06 07:00:00,46.94,9.585,95.64,0.09564,37.355,7,1,0,5,126
2025-05-06 08:00:00,63.584,18.614,98.64,0.09864,44.97,8,1,0,5,126
2025-05-06 09:00:00,66.816,25.692,102.63,0.10263,41.124,9,1,0,5,126
2025-05-06 10:00:00,72.0,26.578,118.6,0.1186,45.422,10,1,0,5,126
2025-05-06 11:00:00,63.319,26.741,81.32,0.08132,36.578,11,1,0,5,126
2025-05-06 12:00:00,63.101,37.875,67.13,0.06713,25.226,12,1,0,5,126
2025-05-06 13:00:00,64.829,34.591,89.98,0.08998,30.238,13,1,0,5,126
2025-05-06 14:00:00,67.608,28.021,54.66,0.05466,39.587,14,1,0,5,126
2025-05-06 15:00:00,62.636,31.128,81.87,0.08187,31.508,15,1,0,5,126
2025-05-06 16:00:00,62.43,19.871,75.12,0.07512,42.559,16,1,0,5,126
2025-05-06 17:00:00,67.832,14.367,91.78,0.09178,53.465,17,1,0,5,126
2025-05-06 18:00:00,65.661,9.585,87.53,0.08753,56.076,18,1,0,5,126
2025-05-06 19:00:00,32.359,0.0,140.75,0.14075,32.359,19,1,0,5,126
2025-05-06 20:00:00,34.981,0.0,116.72,0.11672,34.981,20,1,0,5,126
2025-05-06 21:00:00,43.706,0.0,109.6,0.1096,43.706,21,1,0,5,126
2025-05-06 22:00:00,40.188,0.0,111.8,0.1118,40.188,22,1,0,5,126
2025-05-06 23:00:00,27.173,0.0,89.2,0.0892,27.173,23,1,0,5,126
2025-05-07 00:00:00,29.061,0.0,87.52,0.08752,29.061,0,2,0,5,127
2025-05-07 01:00:00,29.649,0.0,70.68,0.07068,29.649,1,2,0,5,127
2025-05-07 02:00:00,31.961,0.0,84.83,0.08483,31.961,2,2,0,5,127
2025-05-07 03:00:00,25.26,0.0,77.63,0.07763,25.26,3,2,0,5,127
2025-05-07 04:00:00,26.916,0.0,76.64,0.07664,26.916,4,2,0,5,127
2025-05-07 05:00:00,30.48,0.0,76.91,0.07691,30.48,5,2,0,5,127
2025-05-07 06:00:00,43.215,0.0,98.37,0.09837,43.215,6,2,0,5,127
2025-05-07 07:00:00,45.364,3.478,90.1,0.0901,41.886,7,2,0,5,127
2025-05-07 08:00:00,60.492,16.898,95.07,0.09507,43.594,8,2,0,5,127
2025-05-07 09:00:00,65.569,24.285,101.49,0.10149,41.284,9,2,0,5,127
2025-05-07 10:00:00,67.919,28.034,104.61,0.10461,39.885,10,2,0,5,127
2025-05-07 11:00:00,65.984,31.467,76.38,0.07638,34.517,11,2,0,5,127
2025-05-07 12:00:00,64.872,29.48,79.09,0.07909,35.392,12,2,0,5,127
2025-05-07 13:00:00,64.12,23.732,60.82,0.06082,40.388,13,2,0,5,127
2025-05-07 14:00:00,61.755,21.281,64.82,0.06482,40.474,14,2,0,5,127
2025-05-07 15:00:00,64.196,32.226,79.48,0.07948,31.97,15,2,0,5,127
2025-05-07 16:00:00,68.457,18.786,52.34,0.05234,49.671,16,2,0,5,127
2025-05-07 17:00:00,64.046,10.876,78.16,0.07816,53.17,17,2,0,5,127
2025-05-07 18:00:00,61.579,4.221,99.52,0.09952,57.358,18,2,0,5,127
2025-05-07 19:00:00,37.317,0.0,118.56,0.11856,37.317,19,2,0,5,127
2025-05-07 20:00:00,39.535,0.0,132.68,0.13268,39.535,20,2,0,5,127
2025-05-07 21:00:00,37.697,0.0,99.58,0.09958,37.697,21,2,0,5,127
2025-05-07 22:00:00,40.445,0.0,120.4,0.1204,40.445,22,2,0,5,127
2025-05-07 23:00:00,31.28,0.0,100.8,0.1008,31.28,23,2,0,5,127
2025-05-08 00:00:00,32.446,0.0,80.81,0.08081,32.446,0,3,0,5,128
2025-05-08 01:00:00,34.156,0.0,68.55,0.06855,34.156,1,3,0,5,128
2025-05-08 02:00:00,32.788,0.0,77.59,0.07759,32.788,2,3,0,5,128
2025-05-08 03:00:00,26.611,0.0,93.86,0.09386,26.611,3,3,0,5,128
2025-05-08 04:00:00,26.71,0.0,84.69,0.08469,26.71,4,3,0,5,128
2025-05-08 05:00:00,29.359,0.0,84.46,0.08446,29.359,5,3,0,5,128
2025-05-08 06:00:00,42.078,0.0,79.75,0.07975,42.078,6,3,0,5,128
2025-05-08 07:00:00,39.88,7.624,100.89,0.10089,32.256,7,3,0,5,128
2025-05-08 08:00:00,62.991,18.97,95.36,0.09536,44.021,8,3,0,5,128
2025-05-08 09:00:00,62.886,22.647,94.8,0.0948,40.239,9,3,0,5,128
2025-05-08 10:00:00,62.254,27.803,92.21,0.09221,34.451,10,3,0,5,128
2025-05-08 11:00:00,63.393,30.86,79.11,0.07911,32.533,11,3,0,5,128
2025-05-08 12:00:00,68.175,22.436,68.67,0.06867,45.739,12,3,0,5,128
2025-05-08 13:00:00,65.042,28.653,54.66,0.05466,36.389,13,3,0,5,128
2025-05-08 14:00:00,72.314,38.168,60.65,0.06065,34.146,14,3,0,5,128
2025-05-08 15:00:00,64.95,23.761,50.77,0.05077,41.189,15,3,0,5,128
2025-05-08 16:00:00,63.476,24.196,80.6,0.0806,39.28,16,3,0,5,128
2025-05-08 17:00:00,64.417,18.97,80.66,0.08066,45.447,17,3,0,5,128
2025-05-08 18:00:00,65.225,5.918,97.86,0.09786,59.307,18,3,0,5,128
2025-05-08 19:00:00,40.275,0.0,114.33,0.11433,40.275,19,3,0,5,128
2025-05-08 20:00:00,45.527,0.0,112.4,0.1124,45.527,20,3,0,5,128
2025-05-08 21:00:00,36.177,0.0,104.75,0.10475,36.177,21,3,0,5,128
2025-05-08 22:00:00,41.631,0.0,108.41,0.10841,41.631,22,3,0,5,128
2025-05-08 23:00:00,30.266,0.0,114.43,0.11443,30.266,23,3,0,5,128
2025-05-09 00:00:00,24.568,0.0,92.27,0.09227,24.568,0,4,0,5,129
2025-05-09 01:00:00,32.062,0.0,95.99,0.09599,32.062,1,4,0,5,129
2025-05-09 02:00:00,33.652,0.0,70.28,0.07028,33.652,2,4,0,5,129
2025-05-09 03:00:00,26.852,0.0,188.4,0.1884,26.852,3,4,0,5,129
2025-05-09 04:00:00,29.567,0.0,82.39,0.08239,29.567,4,4,0,5,129
2025-05-09 05:00:00,24.074,0.0,100.5,0.1005,24.074,5,4,0,5,129
2025-05-09 06:00:00,39.482,0.0,98.58,0.09858,39.482,6,4,0,5,129
2025-05-09 07:00:00,46.864,7.981,91.85,0.09185,38.883,7,4,0,5,129
2025-05-09 08:00:00,62.889,12.48,73.92,0.07392,50.409,8,4,0,5,129
2025-05-09 09:00:00,60.834,27.318,85.52,0.08552,33.516,9,4,0,5,129
2025-05-09 10:00:00,65.116,33.532,99.44,0.09944,31.584,10,4,0,5,129
2025-05-09 11:00:00,62.71,24.864,82.31,0.08231,37.846,11,4,0,5,129
2025-05-09 12:00:00,62.875,30.579,75.67,0.07567,32.296,12,4,0,5,129
2025-05-09 13:00:00,66.748,21.281,75.95,0.07595,45.467,13,4,0,5,129
2025-05-09 14:00:00,60.664,37.945,78.12,0.07812,22.719,14,4,0,5,129
2025-05-09 15:00:00,61.485,33.904,60.93,0.06093,27.581,15,4,0,5,129
2025-05-09 16:00:00,64.875,25.294,81.61,0.08161,39.581,16,4,0,5,129
2025-05-09 17:00:00,67.484,15.421,103.4,0.1034,52.063,17,4,0,5,129
2025-05-09 18:00:00,68.344,4.766,116.01,0.11601,63.578,18,4,0,5,129
2025-05-09 19:00:00,36.744,0.0,109.34,0.10934,36.744,19,4,0,5,129
2025-05-09 20:00:00,41.871,0.0,123.33,0.12333,41.871,20,4,0,5,129
2025-05-09 21:00:00,36.363,0.0,123.95,0.12395,36.363,21,4,0,5,129
2025-05-09 22:00:00,44.716,0.0,106.35,0.10635,44.716,22,4,0,5,129
2025-05-09 23:00:00,25.967,0.0,93.0,0.093,25.967,23,4,0,5,129
2025-05-10 00:00:00,30.132,0.0,58.83,0.05883,30.132,0,5,1,5,130
2025-05-10 01:00:00,23.78,0.0,67.5,0.0675,23.78,1,5,1,5,130
2025-05-10 02:00:00,32.324,0.0,152.33,0.15233,32.324,2,5,1,5,130
2025-05-10 03:00:00,27.773,0.0,63.9,0.0639,27.773,3,5,1,5,130
2025-05-10 04:00:00,22.63,0.0,78.43,0.07843,22.63,4,5,1,5,130
2025-05-10 05:00:00,24.21,0.0,87.84,0.08784,24.21,5,5,1,5,130
2025-05-10 06:00:00,37.838,0.0,78.18,0.07818,37.838,6,5,1,5,130
2025-05-10 07:00:00,38.707,7.951,64.42,0.06442,30.756,7,5,1,5,130
2025-05-10 08:00:00,49.298,17.246,88.58,0.08858,32.052,8,5,1,5,130
2025-05-10 09:00:00,49.667,12.74,92.81,0.09281,36.927,9,5,1,5,130
2025-05-10 10:00:00,51.951,13.564,88.13,0.08813,38.387,10,5,1,5,130
2025-05-10 11:00:00,49.946,37.817,71.26,0.07126,12.129,11,5,1,5,130
2025-05-10 12:00:00,45.385,33.383,57.68,0.05768,12.002,12,5,1,5,130
2025-05-10 13:00:00,46.923,30.875,71.63,0.07163,16.048,13,5,1,5,130
2025-05-10 14:00:00,50.277,35.978,63.27,0.06327,14.299,14,5,1,5,130
2025-05-10 15:00:00,53.414,31.319,54.87,0.05487,22.095,15,5,1,5,130
2025-05-10 16:00:00,54.696,18.134,53.64,0.05364,36.562,16,5,1,5,130
2025-05-10 17:00:00,52.019,12.438,82.47,0.08247,39.581,17,5,1,5,130
2025-05-10 18:00:00,50.444,8.938,85.71,0.08571,41.506,18,5,1,5,130
2025-05-10 19:00:00,34.582,0.0,111.43,0.11143,34.582,19,5,1,5,130
2025-05-10 20:00:00,30.052,0.0,114.91,0.11491,30.052,20,5,1,5,130
2025-05-10 21:00:00,31.696,0.0,130.17,0.13017,31.696,21,5,1,5,130
2025-05-10 22:00:00,29.549,0.0,98.33,0.09833,29.549,22,5,1,5,130
2025-05-10 23:00:00,21.885,0.0,108.45,0.10845,21.885,23,5,1,5,130
2025-05-11 00:00:00,26.945,0.0,76.91,0.07691,26.945,0,6,1,5,131
2025-05-11 01:00:00,26.471,0.0,69.44,0.06944,26.471,1,6,1,5,131
2025-05-11 02:00:00,28.078,0.0,65.64,0.06564,28.078,2,6,1,5,131
2025-05-11 03:00:00,27.625,0.0,67.71,0.06771,27.625,3,6,1,5,131
2025-05-11 04:00:00,26.654,0.0,81.59,0.08159,26.654,4,6,1,5,131
2025-05-11 05:00:00,27.659,0.0,80.43,0.08043,27.659,5,6,1,5,131
2025-05-11 06:00:00,35.194,0.0,63.95,0.06395,35.194,6,6,1,5,131
2025-05-11 07:00:00,36.652,7.951,96.62,0.09662,28.701,7,6,1,5,131
2025-05-11 08:00:00,47.186,19.336,104.5,0.1045,27.85,8,6,1,5,131
2025-05-11 09:00:00,50.693,12.311,71.55,0.07155,38.382,9,6,1,5,131
2025-05-11 10:00:00,51.649,20.057,96.15,0.09615,31.592,10,6,1,5,131
2025-05-11 11:00:00,47.367,39.206,95.27,0.09527,8.161,11,6,1,5,131
2025-05-11 12:00:00,49.676,31.608,51.74,0.05174,18.068,12,6,1,5,131
2025-05-11 13:00:00,47.514,40.588,58.06,0.05806,6.926,13,6,1,5,131
2025-05-11 14:00:00,47.825,27.98,51.23,0.05123,19.845,14,6,1,5,131
2025-05-11 15:00:00,45.91,22.192,71.38,0.07138,23.718,15,6,1,5,131
2025-05-11 16:00:00,53.56,19.03,64.47,0.06447,34.53,16,6,1,5,131
2025-05-11 17:00:00,52.92,14.58,75.66,0.07566,38.34,17,6,1,5,131
2025-05-11 18:00:00,51.229,7.305,98.87,0.09887,43.924,18,6,1,5,131
2025-05-11 19:00:00,38.49,0.0,123.17,0.12317,38.49,19,6,1,5,131
2025-05-11 20:00:00,31.574,0.0,112.68,0.11268,31.574,20,6,1,5,131
2025-05-11 21:00:00,41.881,0.0,104.66,0.10466,41.881,21,6,1,5,131
2025-05-11 22:00:00,31.451,0.0,96.23,0.09623,31.451,22,6,1,5,131
2025-05-11 23:00:00,26.694,0.0,94.99,0.09499,26.694,23,6,1,5,131
2025-05-12 00:00:00,28.306,0.0,69.75,0.06975,28.306,0,0,0,5,132
2025-05-12 01:00:00,30.77,0.0,82.92,0.08292,30.77,1,0,0,5,132
2025-05-12 02:00:00,32.253,0.0,73.78,0.07378,32.253,2,0,0,5,132
2025-05-12 03:00:00,29.214,0.0,71.42,0.07142,29.214,3,0,0,5,132
2025-05-12 04:00:00,35.265,0.0,64.82,0.06482,35.265,4,0,0,5,132
2025-05-12 05:00:00,30.344,0.0,80.96,0.08096,30.344,5,0,0,5,132
2025-05-12 06:00:00,44.339,0.0,100.09,0.10009,44.339,6,0,0,5,132
2025-05-12 07:00:00,40.565,5.17,73.56,0.07356,35.395,7,0,0,5,132
2025-05-12 08:00:00,65.655,7.799,102.13,0.10213,57.856,8,0,0,5,132
2025-05-12 09:00:00,63.887,25.11,90.52,0.09052,38.777,9,0,0,5,132
2025-05-12 10:00:00,62.37,25.141,82.37,0.08237,37.229,10,0,0,5,132
2025-05-12 11:00:00,61.831,32.417,88.84,0.08884,29.414,11,0,0,5,132
2025-05-12 12:00:00,72.866,25.228,89.77,0.08977,47.638,12,0,0,5,132
2025-05-12 13:00:00,63.473,41.981,84.68,0.08468,21.492,13,0,0,5,132
2025-05-12 14:00:00,59.654,33.842,69.53,0.06953,25.812,14,0,0,5,132
2025-05-12 15:00:00,62.082,23.591,67.91,0.06791,38.491,15,0,0,5,132
2025-05-12 16:00:00,64.151,21.972,79.5,0.0795,42.179,16,0,0,5,132
2025-05-12 17:00:00,66.065,15.621,111.95,0.11195,50.444,17,0,0,5,132
2025-05-12 18:00:00,66.091,7.798,98.7,0.0987,58.293,18,0,0,5,132
2025-05-12 19:00:00,41.007,0.0,125.89,0.12589,41.007,19,0,0,5,132
2025-05-12 20:00:00,36.779,0.0,114.35,0.11435,36.779,20,0,0,5,132
2025-05-12 21:00:00,39.932,0.0,108.03,0.10803,39.932,21,0,0,5,132
2025-05-12 22:00:00,36.039,0.0,123.73,0.12373,36.039,22,0,0,5,132
2025-05-12 23:00:00,27.596,0.0,95.41,0.09541,27.596,23,0,0,5,132
2025-05-13 00:00:00,26.637,0.0,85.29,0.08529,26.637,0,1,0,5,133
2025-05-13 01:00:00,25.771,0.0,88.53,0.08853,25.771,1,1,0,5,133
2025-05-13 02:00:00,32.979,0.0,74.21,0.07421,32.979,2,1,0,5,133
2025-05-13 03:00:00,31.777,0.0,79.04,0.07904,31.777,3,1,0,5,133
2025-05-13 04:00:00,32.699,0.0,77.82,0.07782,32.699,4,1,0,5,133
2025-05-13 05:00:00,29.699,0.0,89.41,0.08941,29.699,5,1,0,5,133
2025-05-13 06:00:00,45.948,0.0,92.95,0.09295,45.948,6,1,0,5,133
2025-05-13 07:00:00,37.826,8.361,87.36,0.08736,29.465,7,1,0,5,133
2025-05-13 08:00:00,67.056,19.816,116.95,0.11695,47.24,8,1,0,5,133
2025-05-13 09:00:00,64.861,19.234,96.71,0.09671,45.627,9,1,0,5,133
2025-05-13 10:00:00,66.301,33.99,94.01,0.09401,32.311,10,1,0,5,133
2025-05-13 11:00:00,65.511,32.171,98.82,0.09882,33.34,11,1,0,5,133
2025-05-13 12:00:00,61.136,16.438,67.9,0.0679,44.698,12,1,0,5,133
2025-05-13 13:00:00,59.501,32.902,64.47,0.06447,26.599,13,1,0,5,133
2025-05-13 14:00:00,62.016,25.653,69.52,0.06952,36.363,14,1,0,5,133
2025-05-13 15:00:00,66.102,31.394,53.83,0.05383,34.708,15,1,0,5,133
2025-05-13 16:00:00,66.503,23.404,73.19,0.07319,43.099,16,1,0,5,133
2025-05-13 17:00:00,59.917,18.537,107.66,0.10766,41.38,17,1,0,5,133
2025-05-13 18:00:00,61.155,7.106,119.89,0.11989,54.049,18,1,0,5,133
2025-05-13 19:00:00,36.518,0.0,123.49,0.12349,36.518,19,1,0,5,133
2025-05-13 20:00:00,37.689,0.0,132.07,0.13207,37.689,20,1,0,5,133
2025-05-13 21:00:00,34.474,0.0,121.25,0.12125,34.474,21,1,0,5,133
2025-05-13 22:00:00,34.282,0.0,101.7,0.1017,34.282,22,1,0,5,133
2025-05-13 23:00:00,26.944,0.0,111.79,0.11179,26.944,23,1,0,5,133
2025-05-14 00:00:00,29.844,0.0,73.53,0.07353,29.844,0,2,0,5,134
2025-05-14 01:00:00,25.79,0.0,92.73,0.09273,25.79,1,2,0,5,134
2025-05-14 02:00:00,29.198,0.0,78.03,0.07803,29.198,2,2,0,5,134
2025-05-14 03:00:00,32.956,0.0,78.92,0.07892,32.956,3,2,0,5,134
2025-05-14 04:00:00,25.403,0.0,89.61,0.08961,25.403,4,2,0,5,134
2025-05-14 05:00:00,28.908,0.0,106.41,0.10641,28.908,5,2,0,5,134
2025-05-14 06:00:00,46.73,0.0,103.55,0.10355,46.73,6,2,0,5,134
2025-05-14 07:00:00,42.112,10.287,96.74,0.09674,31.825,7,2,0,5,134
2025-05-14 08:00:00,62.438,17.796,97.29,0.09729,44.642,8,2,0,5,134
2025-05-14 09:00:00,67.996,20.366,104.78,0.10478,47.63,9,2,0,5,134
2025-05-14 10:00:00,63.293,31.488,106.61,0.10661,31.805,10,2,0,5,134
2025-05-14 11:00:00,67.808,34.271,67.76,0.06776,33.537,11,2,0,5,134
2025-05-14 12:00:00,65.646,38.683,75.36,0.07536,26.963,12,2,0,5,134
2025-05-14 13:00:00,63.176,42.673,59.14,0.05914,20.503,13,2,0,5,134
2025-05-14 14:00:00,65.808,33.355,64.46,0.06446,32.453,14,2,0,5,134
2025-05-14 15:00:00,65.299,30.648,55.99,0.05599,34.651,15,2,0,5,134
2025-05-14 16:00:00,67.54,24.888,57.48,0.05748,42.652,16,2,0,5,134
2025-05-14 17:00:00,62.519,16.074,73.94,0.07394,46.445,17,2,0,5,134
2025-05-14 18:00:00,64.405,8.89,96.05,0.09605,55.515,18,2,0,5,134
2025-05-14 19:00:00,38.626,0.0,120.37,0.12037,38.626,19,2,0,5,134
2025-05-14 20:00:00,41.076,0.0,112.09,0.11209,41.076,20,2,0,5,134
2025-05-14 21:00:00,35.542,0.0,107.64,0.10764,35.542,21,2,0,5,134
2025-05-14 22:00:00,42.077,0.0,109.96,0.10996,42.077,22,2,0,5,134
2025-05-14 23:00:00,31.061,0.0,98.21,0.09821,31.061,23,2,0,5,134
2025-05-15 00:00:00,25.349,0.0,100.03,0.10003,25.349,0,3,0,5,135
2025-05-15 01:00:00,33.429,0.0,92.38,0.09238,33.429,1,3,0,5,135
2025-05-15 02:00:00,36.712,0.0,72.85,0.07285,36.712,2,3,0,5,135
2025-05-15 03:00:00,32.769,0.0,76.69,0.07669,32.769,3,3,0,5,135
2025-05-15 04:00:00,34.129,0.0,91.68,0.09168,34.129,4,3,0,5,135
2025-05-15 05:00:00,29.836,0.0,77.19,0.07719,29.836,5,3,0,5,135
2025-05-15 06:00:00,38.122,0.0,86.01,0.08601,38.122,6,3,0,5,135
2025-05-15 07:00:00,37.538,10.368,76.23,0.07623,27.17,7,3,0,5,135
2025-05-15 08:00:00,65.068,18.921,83.58,0.08358,46.147,8,3,0,5,135
2025-05-15 09:00:00,62.358,16.597,109.55,0.10955,45.761,9,3,0,5,135
2025-05-15 10:00:00,61.326,21.591,94.62,0.09462,39.735,10,3,0,5,135
2025-05-15 11:00:00,64.051,35.642,79.06,0.07906,28.409,11,3,0,5,135
2025-05-15 12:00:00,66.222,39.979,71.73,0.07173,26.243,12,3,0,5,135
2025-05-15 13:00:00,59.603,43.009,86.8,0.0868,16.594,13,3,0,5,135
2025-05-15 14:00:00,62.816,29.301,60.07,0.06007,33.515,14,3,0,5,135
2025-05-15 15:00:00,69.084,32.618,73.3,0.0733,36.466,15,3,0,5,135
2025-05-15 16:00:00,60.811,27.498,84.25,0.08425,33.313,16,3,0,5,135
2025-05-15 17:00:00,67.035,13.017,101.57,0.10157,54.018,17,3,0,5,135
2025-05-15 18:00:00,62.701,9.005,93.06,0.09306,53.696,18,3,0,5,135
2025-05-15 19:00:00,40.56,0.0,100.49,0.10049,40.56,19,3,0,5,135
2025-05-15 20:00:00,42.325,0.0,109.18,0.10918,42.325,20,3,0,5,135
2025-05-15 21:00:00,41.186,0.0,123.6,0.1236,41.186,21,3,0,5,135
2025-05-15 22:00:00,41.723,0.0,125.91,0.12591,41.723,22,3,0,5,135
2025-05-15 23:00:00,25.878,0.0,102.99,0.10299,25.878,23,3,0,5,135
2025-05-16 00:00:00,33.122,0.0,76.41,0.07641,33.122,0,4,0,5,136
2025-05-16 01:00:00,26.829,0.0,94.9,0.0949,26.829,1,4,0,5,136
2025-05-16 02:00:00,30.388,0.0,78.41,0.07841,30.388,2,4,0,5,136
2025-05-16 03:00:00,30.384,0.0,75.07,0.07507,30.384,3,4,0,5,136
2025-05-16 04:00:00,31.11,0.0,80.89,0.08089,31.11,4,4,0,5,136
2025-05-16 05:00:00,30.636,0.0,80.24,0.08024,30.636,5,4,0,5,136
2025-05-16 06:00:00,40.727,0.0,82.23,0.08223,40.727,6,4,0,5,136
2025-05-16 07:00:00,39.108,7.121,105.55,0.10555,31.987,7,4,0,5,136
2025-05-16 08:00:00,67.023,16.136,91.48,0.09148,50.887,8,4,0,5,136
2025-05-16 09:00:00,64.826,27.577,81.07,0.08107,37.249,9,4,0,5,136
2025-05-16 10:00:00,67.909,33.001,98.8,0.0988,34.908,10,4,0,5,136
2025-05-16 11:00:00,64.088,35.057,75.8,0.0758,29.031,11,4,0,5,136
2025-05-16 12:00:00,59.735,32.577,67.38,0.06738,27.158,12,4,0,5,136
2025-05-16 13:00:00,67.323,22.714,76.66,0.07666,44.609,13,4,0,5,136
2025-05-16 14:00:00,63.046,33.579,59.38,0.05938,29.467,14,4,0,5,136
2025-05-16 15:00:00,65.326,19.283,64.03,0.06403,46.043,15,4,0,5,136
2025-05-16 16:00:00,62.159,27.177,75.95,0.07595,34.982,16,4,0,5,136
2025-05-16 17:00:00,69.493,13.442,84.26,0.08426,56.051,17,4,0,5,136
2025-05-16 18:00:00,61.426,10.354,97.27,0.09727,51.072,18,4,0,5,136
2025-05-16 19:00:00,37.724,0.0,91.05,0.09105,37.724,19,4,0,5,136
2025-05-16 20:00:00,39.148,0.0,118.48,0.11848,39.148,20,4,0,5,136
2025-05-16 21:00:00,35.309,0.0,132.41,0.13241,35.309,21,4,0,5,136
2025-05-16 22:00:00,39.862,0.0,112.28,0.11228,39.862,22,4,0,5,136
2025-05-16 23:00:00,34.716,0.0,91.57,0.09157,34.716,23,4,0,5,136
2025-05-17 00:00:00,24.286,0.0,80.71,0.08071,24.286,0,5,1,5,137
2025-05-17 01:00:00,27.12,0.0,82.3,0.0823,27.12,1,5,1,5,137
2025-05-17 02:00:00,17.058,0.0,67.68,0.06768,17.058,2,5,1,5,137
2025-05-17 03:00:00,25.731,0.0,88.96,0.08896,25.731,3,5,1,5,137
2025-05-17 04:00:00,24.854,0.0,78.84,0.07884,24.854,4,5,1,5,137
2025-05-17 05:00:00,23.237,0.0,75.93,0.07593,23.237,5,5,1,5,137
2025-05-17 06:00:00,38.743,0.0,98.15,0.09815,38.743,6,5,1,5,137
2025-05-17 07:00:00,34.239,6.922,65.65,0.06565,27.317,7,5,1,5,137
2025-05-17 08:00:00,48.855,15.666,77.88,0.07788,33.189,8,5,1,5,137
2025-05-17 09:00:00,48.216,22.76,96.36,0.09636,25.456,9,5,1,5,137
2025-05-17 10:00:00,43.289,30.026,92.68,0.09268,13.263,10,5,1,5,137
2025-05-17 11:00:00,45.801,40.559,94.81,0.09481,5.242,11,5,1,5,137
2025-05-17 12:00:00,52.499,36.572,47.05,0.04705,15.927,12,5,1,5,137
2025-05-17 13:00:00,42.671,38.091,71.23,0.07123,4.58,13,5,1,5,137
2025-05-17 14:00:00,46.971,36.896,47.18,0.04718,10.075,14,5,1,5,137
2025-05-17 15:00:00,48.144,28.653,65.74,0.06574,19.491,15,5,1,5,137
2025-05-17 16:00:00,55.003,16.795,67.87,0.06787,38.208,16,5,1,5,137
2025-05-17 17:00:00,51.883,8.937,88.62,0.08862,42.946,17,5,1,5,137
2025-05-17 18:00:00,47.64,8.474,92.21,0.09221,39.166,18,5,1,5,137
2025-05-17 19:00:00,36.315,0.0,117.59,0.11759,36.315,19,5,1,5,137
2025-05-17 20:00:00,29.771,0.0,104.93,0.10493,29.771,20,5,1,5,137
2025-05-17 21:00:00,35.37,0.0,108.46,0.10846,35.37,21,5,1,5,137
2025-05-17 22:00:00,27.792,0.0,100.91,0.10091,27.792,22,5,1,5,137
2025-05-17 23:00:00,29.29,0.0,105.09,0.10509,29.29,23,5,1,5,137
2025-05-18 00:00:00,24.553,0.0,84.34,0.08434,24.553,0,6,1,5,138
2025-05-18 01:00:00,22.561,0.0,78.07,0.07807,22.561,1,6,1,5,138
2025-05-18 02:00:00,25.157,0.0,82.5,0.0825,25.157,2,6,1,5,138
2025-05-18 03:00:00,26.74,0.0,87.25,0.08725,26.74,3,6,1,5,138
2025-05-18 04:00:00,24.269,0.0,80.96,0.08096,24.269,4,6,1,5,138
2025-05-18 05:00:00,27.625,0.0,68.8,0.0688,27.625,5,6,1,5,138
2025-05-18 06:00:00,33.41,0.0,88.53,0.08853,33.41,6,6,1,5,138
2025-05-18 07:00:00,37.26,9.728,86.05,0.08605,27.532,7,6,1,5,138
2025-05-18 08:00:00,50.825,18.206,86.11,0.08611,32.619,8,6,1,5,138
2025-05-18 09:00:00,49.214,17.622,82.1,0.0821,31.592,9,6,1,5,138
2025-05-18 10:00:00,47.997,18.082,91.74,0.09174,29.915,10,6,1,5,138
2025-05-18 11:00:00,49.894,37.892,83.47,0.08347,12.002,11,6,1,5,138
2025-05-18 12:00:00,51.17,43.977,60.06,0.06006,7.193,12,6,1,5,138
2025-05-18 13:00:00,56.007,40.668,51.59,0.05159,15.339,13,6,1,5,138
2025-05-18 14:00:00,52.416,36.375,78.55,0.07855,16.041,14,6,1,5,138
2025-05-18 15:00:00,52.533,26.564,70.17,0.07017,25.969,15,6,1,5,138
2025-05-18 16:00:00,59.293,23.813,69.4,0.0694,35.48,16,6,1,5,138
2025-05-18 17:00:00,51.061,16.738,86.18,0.08618,34.323,17,6,1,5,138
2025-05-18 18:00:00,50.96,8.567,89.89,0.08989,42.393,18,6,1,5,138
2025-05-18 19:00:00,34.387,0.0,105.76,0.10576,34.387,19,6,1,5,138
2025-05-18 20:00:00,28.906,0.0,113.43,0.11343,28.906,20,6,1,5,138
2025-05-18 21:00:00,30.714,0.0,118.93,0.11893,30.714,21,6,1,5,138
2025-05-18 22:00:00,30.515,0.0,84.85,0.08485,30.515,22,6,1,5,138
2025-05-18 23:00:00,27.925,0.0,78.12,0.07812,27.925,23,6,1,5,138
2025-05-19 00:00:00,28.985,0.0,70.77,0.07077,28.985,0,0,0,5,139
2025-05-19 01:00:00,29.985,0.0,91.57,0.09157,29.985,1,0,0,5,139
2025-05-19 02:00:00,33.022,0.0,82.11,0.08211,33.022,2,0,0,5,139
2025-05-19 03:00:00,32.305,0.0,74.24,0.07424,32.305,3,0,0,5,139
2025-05-19 04:00:00,29.025,0.0,82.01,0.08201,29.025,4,0,0,5,139
2025-05-19 05:00:00,27.399,0.0,79.74,0.07974,27.399,5,0,0,5,139
2025-05-19 06:00:00,47.026,0.0,74.91,0.07491,47.026,6,0,0,5,139
2025-05-19 07:00:00,45.87,8.757,105.95,0.10595,37.113,7,0,0,5,139
2025-05-19 08:00:00,59.03,19.913,95.16,0.09516,39.117,8,0,0,5,139
2025-05-19 09:00:00,63.168,28.15,109.79,0.10979,35.018,9,0,0,5,139
2025-05-19 10:00:00,64.7,28.588,78.47,0.07847,36.112,10,0,0,5,139
2025-05-19 11:00:00,66.662,28.612,90.4,0.0904,38.05,11,0,0,5,139
2025-05-19 12:00:00,67.083,36.256,62.2,0.0622,30.827,12,0,0,5,139
2025-05-19 13:00:00,65.079,39.821,94.11,0.09411,25.258,13,0,0,5,139
2025-05-19 14:00:00,66.043,40.104,-25.0,-0.025,25.939,14,0,0,5,139
2025-05-19 15:00:00,64.375,26.021,86.53,0.08653,38.354,15,0,0,5,139
2025-05-19 16:00:00,62.014,19.379,75.34,0.07534,42.635,16,0,0,5,139
2025-05-19 17:00:00,63.334,17.459,85.3,0.0853,45.875,17,0,0,5,139
2025-05-19 18:00:00,64.231,10.676,107.47,0.10747,53.555,18,0,0,5,139
2025-05-19 19:00:00,38.666,0.0,105.11,0.10511,38.666,19,0,0,5,139
2025-05-19 20:00:00,32.743,0.0,128.07,0.12807,32.743,20,0,0,5,139
2025-05-19 21:00:00,37.505,0.0,124.88,0.12488,37.505,21,0,0,5,139
2025-05-19 22:00:00,38.956,0.0,106.11,0.10611,38.956,22,0,0,5,139
2025-05-19 23:00:00,28.642,0.0,97.84,0.09784,28.642,23,0,0,5,139
2025-05-20 00:00:00,28.748,0.0,102.33,0.10233,28.748,0,1,0,5,140
2025-05-20 01:00:00,31.099,0.0,89.56,0.08956,31.099,1,1,0,5,140
2025-05-20 02:00:00,26.085,0.0,75.31,0.07531,26.085,2,1,0,5,140
2025-05-20 03:00:00,24.328,0.0,90.92,0.09092,24.328,3,1,0,5,140
2025-05-20 04:00:00,28.423,0.0,78.86,0.07886,28.423,4,1,0,5,140
2025-05-20 05:00:00,31.983,0.0,78.76,0.07876,31.983,5,1,0,5,140
2025-05-20 06:00:00,48.783,0.0,94.4,0.0944,48.783,6,1,0,5,140
2025-05-20 07:00:00,45.885,8.347,83.26,0.08326,37.538,7,1,0,5,140
2025-05-20 08:00:00,59.452,20.181,97.13,0.09713,39.271,8,1,0,5,140
2025-05-20 09:00:00,63.407,23.951,103.71,0.10371,39.456,9,1,0,5,140
2025-05-20 10:00:00,64.972,36.937,112.07,0.11207,28.035,10,1,0,5,140
2025-05-20 11:00:00,64.719,19.589,91.76,0.09176,45.13,11,1,0,5,140
2025-05-20 12:00:00,65.876,43.301,61.94,0.06194,22.575,12,1,0,5,140
2025-05-20 13:00:00,61.216,29.532,168.39,0.16839,31.684,13,1,0,5,140
2025-05-20 14:00:00,64.358,21.66,83.92,0.08392,42.698,14,1,0,5,140
2025-05-20 15:00:00,65.495,30.886,62.24,0.06224,34.609,15,1,0,5,140
2025-05-20 16:00:00,66.792,24.346,60.39,0.06039,42.446,16,1,0,5,140
2025-05-20 17:00:00,61.572,15.035,77.1,0.0771,46.537,17,1,0,5,140
2025-05-20 18:00:00,63.046,3.15,109.53,0.10953,59.896,18,1,0,5,140
2025-05-20 19:00:00,30.115,0.0,115.64,0.11564,30.115,19,1,0,5,140
2025-05-20 20:00:00,36.779,0.0,126.71,0.12671,36.779,20,1,0,5,140
2025-05-20 21:00:00,37.09,0.0,115.98,0.11598,37.09,21,1,0,5,140
2025-05-20 22:00:00,35.505,0.0,94.98,0.09498,35.505,22,1,0,5,140
2025-05-20 23:00:00,30.068,0.0,77.48,0.07748,30.068,23,1,0,5,140
2025-05-21 00:00:00,29.354,0.0,74.71,0.07471,29.354,0,2,0,5,141
2025-05-21 01:00:00,22.303,0.0,84.29,0.08429,22.303,1,2,0,5,141
2025-05-21 02:00:00,30.222,0.0,71.31,0.07131,30.222,2,2,0,5,141
2025-05-21 03:00:00,26.562,0.0,93.26,0.09326,26.562,3,2,0,5,141
2025-05-21 04:00:00,31.087,0.0,74.25,0.07425,31.087,4,2,0,5,141
2025-05-21 05:00:00,25.431,0.0,69.58,0.06958,25.431,5,2,0,5,141
2025-05-21 06:00:00,43.468,0.0,89.3,0.0893,43.468,6,2,0,5,141
2025-05-21 07:00:00,42.466,10.159,100.98,0.10098,32.307,7,2,0,5,141
2025-05-21 08:00:00,65.101,13.331,111.61,0.11161,51.77,8,2,0,5,141
2025-05-21 09:00:00,64.53,29.979,80.87,0.08087,34.551,9,2,0,5,141
2025-05-21 10:00:00,63.314,21.854,107.23,0.10723,41.46,10,2,0,5,141
2025-05-21 11:00:00,59.215,31.45,87.25,0.08725,27.765,11,2,0,5,141
2025-05-21 12:00:00,59.404,44.879,70.45,0.07045,14.525,12,2,0,5,141
2025-05-21 13:00:00,62.262,32.436,76.5,0.0765,29.826,13,2,0,5,141
2025-05-21 14:00:00,64.104,31.833,80.23,0.08023,32.271,14,2,0,5,141
2025-05-21 15:00:00,62.184,33.312,51.81,0.05181,28.872,15,2,0,5,141
2025-05-21 16:00:00,66.131,26.102,71.26,0.07126,40.029,16,2,0,5,141
2025-05-21 17:00:00,63.237,15.382,81.72,0.08172,47.855,17,2,0,5,141
2025-05-21 18:00:00,61.043,6.037,107.87,0.10787,55.006,18,2,0,5,141
2025-05-21 19:00:00,37.869,0.0,129.13,0.12913,37.869,19,2,0,5,141
2025-05-21 20:00:00,39.482,0.0,120.99,0.12099,39.482,20,2,0,5,141
2025-05-21 21:00:00,39.798,0.0,113.4,0.1134,39.798,21,2,0,5,141
2025-05-21 22:00:00,44.77,0.0,110.48,0.11048,44.77,22,2,0,5,141
2025-05-21 23:00:00,27.392,0.0,93.02,0.09302,27.392,23,2,0,5,141
2025-05-22 00:00:00,29.293,0.0,61.38,0.06138,29.293,0,3,0,5,142
2025-05-22 01:00:00,30.891,0.0,88.26,0.08826,30.891,1,3,0,5,142
2025-05-22 02:00:00,29.453,0.0,93.03,0.09303,29.453,2,3,0,5,142
2025-05-22 03:00:00,27.926,0.0,94.2,0.0942,27.926,3,3,0,5,142
2025-05-22 04:00:00,24.57,0.0,72.72,0.07272,24.57,4,3,0,5,142
2025-05-22 05:00:00,27.893,0.0,92.19,0.09219,27.893,5,3,0,5,142
2025-05-22 06:00:00,39.925,0.0,104.64,0.10464,39.925,6,3,0,5,142
2025-05-22 07:00:00,37.836,10.235,118.71,0.11871,27.601,7,3,0,5,142
2025-05-22 08:00:00,61.565,10.54,101.5,0.1015,51.025,8,3,0,5,142
2025-05-22 09:00:00,60.761,17.047,106.86,0.10686,43.714,9,3,0,5,142
2025-05-22 10:00:00,65.979,35.297,83.09,0.08309,30.682,10,3,0,5,142
2025-05-22 11:00:00,66.035,32.225,74.18,0.07418,33.81,11,3,0,5,142
2025-05-22 12:00:00,61.219,43.126,86.55,0.08655,18.093,12,3,0,5,142
2025-05-22 13:00:00,63.279,14.168,49.36,0.04936,49.111,13,3,0,5,142
2025-05-22 14:00:00,58.165,41.169,68.26,0.06826,16.996,14,3,0,5,142
2025-05-22 15:00:00,62.529,32.109,82.93,0.08293,30.42,15,3,0,5,142
2025-05-22 16:00:00,65.388,27.624,82.72,0.08272,37.764,16,3,0,5,142
2025-05-22 17:00:00,66.751,20.736,94.25,0.09425,46.015,17,3,0,5,142
2025-05-22 18:00:00,61.83,7.658,101.14,0.10114,54.172,18,3,0,5,142
2025-05-22 19:00:00,42.116,0.0,110.45,0.11045,42.116,19,3,0,5,142
2025-05-22 20:00:00,33.9,0.0,141.83,0.14183,33.9,20,3,0,5,142
2025-05-22 21:00:00,34.758,0.0,128.69,0.12869,34.758,21,3,0,5,142
2025-05-22 22:00:00,41.021,0.0,114.51,0.11451,41.021,22,3,0,5,142
2025-05-22 23:00:00,34.875,0.0,95.67,0.09567,34.875,23,3,0,5,142
2025-05-23 00:00:00,31.102,0.0,77.26,0.07726,31.102,0,4,0,5,143
2025-05-23 01:00:00,29.394,0.0,93.92,0.09392,29.394,1,4,0,5,143
2025-05-23 02:00:00,22.498,0.0,80.13,0.08013,22.498,2,4,0,5,143
2025-05-23 03:00:00,23.051,0.0,84.27,0.08427,23.051,3,4,0,5,143
2025-05-23 04:00:00,29.937,0.0,90.46,0.09046,29.937,4,4,0,5,143
2025-05-23 05:00:00,28.377,0.0,88.24,0.08824,28.377,5,4,0,5,143
2025-05-23 06:00:00,39.812,0.0,104.84,0.10484,39.812,6,4,0,5,143
2025-05-23 07:00:00,43.56,8.535,80.23,0.08023,35.025,7,4,0,5,143
2025-05-23 08:00:00,64.461,16.616,97.41,0.09741,47.845,8,4,0,5,143
2025-05-23 09:00:00,67.114,25.682,118.43,0.11843,41.432,9,4,0,5,143
2025-05-23 10:00:00,64.529,35.314,102.01,0.10201,29.215,10,4,0,5,143
2025-05-23 11:00:00,68.023,42.8,83.47,0.08347,25.223,11,4,0,5,143
2025-05-23 12:00:00,64.118,39.203,84.7,0.0847,24.915,12,4,0,5,143
2025-05-23 13:00:00,63.723,26.746,69.27,0.06927,36.977,13,4,0,5,143
2025-05-23 14:00:00,67.498,38.677,81.39,0.08139,28.821,14,4,0,5,143
2025-05-23 15:00:00,60.961,26.627,76.87,0.07687,34.334,15,4,0,5,143
2025-05-23 16:00:00,73.098,18.555,66.96,0.06696,54.543,16,4,0,5,143
2025-05-23 17:00:00,65.293,21.273,89.6,0.0896,44.02,17,4,0,5,143
2025-05-23 18:00:00,65.311,10.955,105.85,0.10585,54.356,18,4,0,5,143
2025-05-23 19:00:00,40.422,0.0,119.26,0.11926,40.422,19,4,0,5,143
2025-05-23 20:00:00,44.748,0.0,123.5,0.1235,44.748,20,4,0,5,143
2025-05-23 21:00:00,41.277,0.0,122.03,0.12203,41.277,21,4,0,5,143
2025-05-23 22:00:00,33.605,0.0,110.27,0.11027,33.605,22,4,0,5,143
2025-05-23 23:00:00,34.014,0.0,88.21,0.08821,34.014,23,4,0,5,143
2025-05-24 00:00:00,24.742,0.0,71.57,0.07157,24.742,0,5,1,5,144
2025-05-24 01:00:00,26.175,0.0,73.61,0.07361,26.175,1,5,1,5,144
2025-05-24 02:00:00,21.739,0.0,77.19,0.07719,21.739,2,5,1,5,144
2025-05-24 03:00:00,27.516,0.0,74.01,0.07401,27.516,3,5,1,5,144
2025-05-24 04:00:00,23.748,0.0,88.37,0.08837,23.748,4,5,1,5,144
2025-05-24 05:00:00,26.153,0.0,69.58,0.06958,26.153,5,5,1,5,144
2025-05-24 06:00:00,34.322,0.0,65.03,0.06503,34.322,6,5,1,5,144
2025-05-24 07:00:00,41.391,8.836,106.13,0.10613,32.555,7,5,1,5,144
2025-05-24 08:00:00,55.673,21.399,81.6,0.0816,34.274,8,5,1,5,144
2025-05-24 09:00:00,49.479,25.572,101.08,0.10108,23.907,9,5,1,5,144
2025-05-24 10:00:00,49.535,26.135,92.16,0.09216,23.4,10,5,1,5,144
2025-05-24 11:00:00,48.135,34.902,70.65,0.07065,13.233,11,5,1,5,144
2025-05-24 12:00:00,52.869,43.907,68.41,0.06841,8.962,12,5,1,5,144
2025-05-24 13:00:00,48.277,29.051,59.96,0.05996,19.226,13,5,1,5,144
2025-05-24 14:00:00,47.982,30.931,63.33,0.06333,17.051,14,5,1,5,144
2025-05-24 15:00:00,52.461,27.527,54.01,0.05401,24.934,15,5,1,5,144
2025-05-24 16:00:00,47.607,27.786,66.89,0.06689,19.821,16,5,1,5,144
2025-05-24 17:00:00,49.209,12.23,79.88,0.07988,36.979,17,5,1,5,144
2025-05-24 18:00:00,44.27,9.127,105.71,0.10571,35.143,18,5,1,5,144
2025-05-24 19:00:00,34.352,0.0,103.5,0.1035,34.352,19,5,1,5,144
2025-05-24 20:00:00,38.309,0.0,103.59,0.10359,38.309,20,5,1,5,144
2025-05-24 21:00:00,34.406,0.0,103.96,0.10396,34.406,21,5,1,5,144
2025-05-24 22:00:00,36.776,0.0,102.78,0.10278,36.776,22,5,1,5,144
2025-05-24 23:00:00,23.125,0.0,70.74,0.07074,23.125,23,5,1,5,144
2025-05-25 00:00:00,26.586,0.0,88.15,0.08815,26.586,0,6,1,5,145
2025-05-25 01:00:00,22.811,0.0,76.39,0.07639,22.811,1,6,1,5,145
2025-05-25 02:00:00,25.1,0.0,80.6,0.0806,25.1,2,6,1,5,145
2025-05-25 03:00:00,28.3,0.0,78.75,0.07875,28.3,3,6,1,5,145
2025-05-25 04:00:00,26.155,0.0,70.7,0.0707,26.155,4,6,1,5,145
2025-05-25 05:00:00,21.309,0.0,68.4,0.0684,21.309,5,6,1,5,145
2025-05-25 06:00:00,31.016,0.0,75.41,0.07541,31.016,6,6,1,5,145
2025-05-25 07:00:00,30.805,6.621,71.44,0.07144,24.184,7,6,1,5,145
2025-05-25 08:00:00,50.89,18.964,93.29,0.09329,31.926,8,6,1,5,145
2025-05-25 09:00:00,55.922,26.445,88.49,0.08849,29.477,9,6,1,5,145
2025-05-25 10:00:00,53.677,9.47,70.77,0.07077,44.207,10,6,1,5,145
2025-05-25 11:00:00,43.25,33.124,72.35,0.07235,10.126,11,6,1,5,145
2025-05-25 12:00:00,53.865,41.809,76.3,0.0763,12.056,12,6,1,5,145
2025-05-25 13:00:00,52.314,45.971,75.74,0.07574,6.343,13,6,1,5,145
2025-05-25 14:00:00,44.372,43.299,46.96,0.04696,1.073,14,6,1,5,145
2025-05-25 15:00:00,48.347,23.786,83.34,0.08334,24.561,15,6,1,5,145
2025-05-25 16:00:00,52.823,20.919,59.1,0.0591,31.904,16,6,1,5,145
2025-05-25 17:00:00,51.079,17.821,63.24,0.06324,33.258,17,6,1,5,145
2025-05-25 18:00:00,45.128,8.994,112.31,0.11231,36.134,18,6,1,5,145
2025-05-25 19:00:00,34.047,0.0,97.24,0.09724,34.047,19,6,1,5,145
2025-05-25 20:00:00,25.253,0.0,128.62,0.12862,25.253,20,6,1,5,145
2025-05-25 21:00:00,31.38,0.0,102.8,0.1028,31.38,21,6,1,5,145
2025-05-25 22:00:00,35.734,0.0,96.22,0.09622,35.734,22,6,1,5,145
2025-05-25 23:00:00,25.888,0.0,75.44,0.07544,25.888,23,6,1,5,145
2025-05-26 00:00:00,27.913,0.0,95.99,0.09599,27.913,0,0,0,5,146
2025-05-26 01:00:00,32.355,0.0,94.63,0.09463,32.355,1,0,0,5,146
2025-05-26 02:00:00,32.628,0.0,76.71,0.07671,32.628,2,0,0,5,146
2025-05-26 03:00:00,33.701,0.0,82.85,0.08285,33.701,3,0,0,5,146
2025-05-26 04:00:00,32.307,0.0,91.04,0.09104,32.307,4,0,0,5,146
2025-05-26 05:00:00,32.97,0.0,81.54,0.08154,32.97,5,0,0,5,146
2025-05-26 06:00:00,45.665,0.0,103.1,0.1031,45.665,6,0,0,5,146
2025-05-26 07:00:00,44.17,10.17,92.48,0.09248,34.0,7,0,0,5,146
2025-05-26 08:00:00,64.323,18.99,91.65,0.09165,45.333,8,0,0,5,146
2025-05-26 09:00:00,63.277,30.877,81.33,0.08133,32.4,9,0,0,5,146
2025-05-26 10:00:00,60.157,27.974,80.21,0.08021,32.183,10,0,0,5,146
2025-05-26 11:00:00,60.979,30.943,91.44,0.09144,30.036,11,0,0,5,146
2025-05-26 12:00:00,63.134,42.859,7.44,0.00744,20.275,12,0,0,5,146
2025-05-26 13:00:00,64.809,33.096,78.01,0.07801,31.713,13,0,0,5,146
2025-05-26 14:00:00,68.647,24.01,61.21,0.06121,44.637,14,0,0,5,146
2025-05-26 15:00:00,63.903,36.452,52.35,0.05235,27.451,15,0,0,5,146
2025-05-26 16:00:00,67.248,27.339,70.77,0.07077,39.909,16,0,0,5,146
2025-05-26 17:00:00,67.49,13.315,107.71,0.10771,54.175,17,0,0,5,146
2025-05-26 18:00:00,63.296,10.204,92.12,0.09212,53.092,18,0,0,5,146
2025-05-26 19:00:00,40.619,0.0,114.33,0.11433,40.619,19,0,0,5,146
2025-05-26 20:00:00,37.937,0.0,96.28,0.09628,37.937,20,0,0,5,146
2025-05-26 21:00:00,42.947,0.0,111.29,0.11129,42.947,21,0,0,5,146
2025-05-26 22:00:00,40.751,0.0,102.05,0.10205,40.751,22,0,0,5,146
2025-05-26 23:00:00,25.7,0.0,98.85,0.09885,25.7,23,0,0,5,146
2025-05-27 00:00:00,30.021,0.0,80.08,0.08008,30.021,0,1,0,5,147
2025-05-27 01:00:00,34.779,0.0,68.09,0.06809,34.779,1,1,0,5,147
2025-05-27 02:00:00,28.925,0.0,76.72,0.07672,28.925,2,1,0,5,147
2025-05-27 03:00:00,30.937,0.0,81.6,0.0816,30.937,3,1,0,5,147
2025-05-27 04:00:00,31.251,0.0,74.5,0.0745,31.251,4,1,0,5,147
2025-05-27 05:00:00,26.187,0.0,77.79,0.07779,26.187,5,1,0,5,147
2025-05-27 06:00:00,44.944,0.0,99.55,0.09955,44.944,6,1,0,5,147
2025-05-27 07:00:00,38.85,7.647,87.33,0.08733,31.203,7,1,0,5,147
2025-05-27 08:00:00,62.016,13.908,101.29,0.10129,48.108,8,1,0,5,147
2025-05-27 09:00:00,67.461,19.81,95.43,0.09543,47.651,9,1,0,5,147
2025-05-27 10:00:00,65.16,25.49,80.9,0.0809,39.67,10,1,0,5,147
2025-05-27 11:00:00,63.044,38.957,82.27,0.08227,24.087,11,1,0,5,147
2025-05-27 12:00:00,65.447,27.561,79.77,0.07977,37.886,12,1,0,5,147
2025-05-27 13:00:00,63.826,29.757,87.26,0.08726,34.069,13,1,0,5,147
2025-05-27 14:00:00,64.059,33.466,59.16,0.05916,30.593,14,1,0,5,147
2025-05-27 15:00:00,66.12,30.108,67.96,0.06796,36.012,15,1,0,5,147
2025-05-27 16:00:00,61.691,29.124,84.87,0.08487,32.567,16,1,0,5,147
2025-05-27 17:00:00,64.147,16.416,99.98,0.09998,47.731,17,1,0,5,147
2025-05-27 18:00:00,63.019,11.202,95.33,0.09533,51.817,18,1,0,5,147
2025-05-27 19:00:00,33.634,0.0,113.18,0.11318,33.634,19,1,0,5,147
2025-05-27 20:00:00,35.763,0.0,131.59,0.13159,35.763,20,1,0,5,147
2025-05-27 21:00:00,43.727,0.0,121.65,0.12165,43.727,21,1,0,5,147
2025-05-27 22:00:00,39.939,0.0,116.57,0.11657,39.939,22,1,0,5,147
2025-05-27 23:00:00,25.269,0.0,107.29,0.10729,25.269,23,1,0,5,147
2025-05-28 00:00:00,24.571,0.0,88.84,0.08884,24.571,0,2,0,5,148
2025-05-28 01:00:00,29.141,0.0,84.76,0.08476,29.141,1,2,0,5,148
2025-05-28 02:00:00,34.496,0.0,76.69,0.07669,34.496,2,2,0,5,148
2025-05-28 03:00:00,28.903,0.0,81.25,0.08125,28.903,3,2,0,5,148
2025-05-28 04:00:00,33.683,0.0,82.73,0.08273,33.683,4,2,0,5,148
2025-05-28 05:00:00,30.626,0.0,98.34,0.09834,30.626,5,2,0,5,148
2025-05-28 06:00:00,44.808,0.0,91.31,0.09131,44.808,6,2,0,5,148
2025-05-28 07:00:00,39.026,11.259,95.49,0.09549,27.767,7,2,0,5,148
2025-05-28 08:00:00,67.001,7.359,87.0,0.087,59.642,8,2,0,5,148
2025-05-28 09:00:00,62.929,23.774,109.29,0.10929,39.155,9,2,0,5,148
2025-05-28 10:00:00,66.763,20.631,85.57,0.08557,46.132,10,2,0,5,148
2025-05-28 11:00:00,61.395,43.988,82.8,0.0828,17.407,11,2,0,5,148
2025-05-28 12:00:00,64.567,36.434,90.0,0.09,28.133,12,2,0,5,148
2025-05-28 13:00:00,65.127,46.702,78.81,0.07881,18.425,13,2,0,5,148
2025-05-28 14:00:00,63.508,21.624,58.43,0.05843,41.884,14,2,0,5,148
2025-05-28 15:00:00,65.295,23.372,58.07,0.05807,41.923,15,2,0,5,148
2025-05-28 16:00:00,63.148,30.613,73.79,0.07379,32.535,16,2,0,5,148
2025-05-28 17:00:00,61.924,16.133,81.65,0.08165,45.791,17,2,0,5,148
2025-05-28 18:00:00,69.138,8.895,87.19,0.08719,60.243,18,2,0,5,148
2025-05-28 19:00:00,42.057,0.0,107.25,0.10725,42.057,19,2,0,5,148
2025-05-28 20:00:00,36.266,0.0,257.32,0.25732,36.266,20,2,0,5,148
2025-05-28 21:00:00,40.519,0.0,125.62,0.12562,40.519,21,2,0,5,148
2025-05-28 22:00:00,36.324,0.0,114.69,0.11469,36.324,22,2,0,5,148
2025-05-28 23:00:00,25.709,0.0,109.72,0.10972,25.709,23,2,0,5,148
2025-05-29 00:00:00,32.804,0.0,86.89,0.08689,32.804,0,3,0,5,149
2025-05-29 01:00:00,24.043,0.0,78.89,0.07889,24.043,1,3,0,5,149
2025-05-29 02:00:00,32.462,0.0,93.69,0.09369,32.462,2,3,0,5,149
2025-05-29 03:00:00,28.687,0.0,76.72,0.07672,28.687,3,3,0,5,149
2025-05-29 04:00:00,28.819,0.0,71.29,0.07129,28.819,4,3,0,5,149
2025-05-29 05:00:00,30.807,0.0,84.93,0.08493,30.807,5,3,0,5,149
2025-05-29 06:00:00,45.151,0.0,93.71,0.09371,45.151,6,3,0,5,149
2025-05-29 07:00:00,40.646,6.346,85.56,0.08556,34.3,7,3,0,5,149
2025-05-29 08:00:00,66.28,21.969,86.52,0.08652,44.311,8,3,0,5,149
2025-05-29 09:00:00,64.346,13.264,93.13,0.09313,51.082,9,3,0,5,149
2025-05-29 10:00:00,59.964,33.067,97.41,0.09741,26.897,10,3,0,5,149
2025-05-29 11:00:00,63.44,44.201,84.24,0.08424,19.239,11,3,0,5,149
2025-05-29 12:00:00,68.403,31.6,103.32,0.10332,36.803,12,3,0,5,149
2025-05-29 13:00:00,69.348,28.83,68.63,0.06863,40.518,13,3,0,5,149
2025-05-29 14:00:00,66.279,40.108,199.16,0.19916,26.171,14,3,0,5,149
2025-05-29 15:00:00,60.174,36.152,194.54,0.19454,24.022,15,3,0,5,149
2025-05-29 16:00:00,65.553,18.29,81.75,0.08175,47.263,16,3,0,5,149
2025-05-29 17:00:00,66.706,11.496,82.85,0.08285,55.21,17,3,0,5,149
2025-05-29 18:00:00,66.306,10.565,101.82,0.10182,55.741,18,3,0,5,149
2025-05-29 19:00:00,41.204,0.0,131.7,0.1317,41.204,19,3,0,5,149
2025-05-29 20:00:00,39.855,0.0,116.84,0.11684,39.855,20,3,0,5,149
2025-05-29 21:00:00,38.461,0.0,103.55,0.10355,38.461,21,3,0,5,149
2025-05-29 22:00:00,36.746,0.0,94.81,0.09481,36.746,22,3,0,5,149
2025-05-29 23:00:00,23.422,0.0,97.4,0.0974,23.422,23,3,0,5,149
2025-05-30 00:00:00,30.578,0.0,84.6,0.0846,30.578,0,4,0,5,150
2025-05-30 01:00:00,30.087,0.0,84.2,0.0842,30.087,1,4,0,5,150
2025-05-30 02:00:00,31.276,0.0,70.65,0.07065,31.276,2,4,0,5,150
2025-05-30 03:00:00,25.211,0.0,104.06,0.10406,25.211,3,4,0,5,150
2025-05-30 04:00:00,31.556,0.0,99.26,0.09926,31.556,4,4,0,5,150
2025-05-30 05:00:00,36.066,0.0,87.76,0.08776,36.066,5,4,0,5,150
2025-05-30 06:00:00,43.532,0.0,74.44,0.07444,43.532,6,4,0,5,150
2025-05-30 07:00:00,43.084,8.192,109.58,0.10958,34.892,7,4,0,5,150
2025-05-30 08:00:00,64.955,20.123,108.41,0.10841,44.832,8,4,0,5,150
2025-05-30 09:00:00,70.47,25.999,98.38,0.09838,44.471,9,4,0,5,150
2025-05-30 10:00:00,60.69,21.566,105.34,0.10534,39.124,10,4,0,5,150
2025-05-30 11:00:00,64.616,35.446,80.81,0.08081,29.17,11,4,0,5,150
2025-05-30 12:00:00,61.407,43.564,67.41,0.06741,17.843,12,4,0,5,150
2025-05-30 13:00:00,62.216,47.146,71.62,0.07162,15.07,13,4,0,5,150
2025-05-30 14:00:00,63.807,35.983,51.51,0.05151,27.824,14,4,0,5,150
2025-05-30 15:00:00,68.278,28.269,57.86,0.05786,40.009,15,4,0,5,150
2025-05-30 16:00:00,69.729,27.443,81.37,0.08137,42.286,16,4,0,5,150
2025-05-30 17:00:00,65.4,14.513,89.92,0.08992,50.887,17,4,0,5,150
2025-05-30 18:00:00,62.761,11.366,88.15,0.08815,51.395,18,4,0,5,150
2025-05-30 19:00:00,46.662,0.0,110.8,0.1108,46.662,19,4,0,5,150
2025-05-30 20:00:00,37.317,0.0,107.23,0.10723,37.317,20,4,0,5,150
2025-05-30 21:00:00,36.857,0.0,111.8,0.1118,36.857,21,4,0,5,150
2025-05-30 22:00:00,33.005,0.0,100.41,0.10041,33.005,22,4,0,5,150
2025-05-30 23:00:00,33.959,0.0,105.65,0.10565,33.959,23,4,0,5,150
2025-05-31 00:00:00,28.91,0.0,74.9,0.0749,28.91,0,5,1,5,151
2025-05-31 01:00:00,33.548,0.0,74.05,0.07405,33.548,1,5,1,5,151
2025-05-31 02:00:00,21.365,0.0,72.64,0.07264,21.365,2,5,1,5,151
2025-05-31 03:00:00,30.478,0.0,59.64,0.05964,30.478,3,5,1,5,151
2025-05-31 04:00:00,26.036,0.0,76.68,0.07668,26.036,4,5,1,5,151
2025-05-31 05:00:00,28.391,0.0,84.34,0.08434,28.391,5,5,1,5,151
2025-05-31 06:00:00,29.912,0.0,85.02,0.08502,29.912,6,5,1,5,151
2025-05-31 07:00:00,39.883,9.529,93.72,0.09372,30.354,7,5,1,5,151
2025-05-31 08:00:00,51.762,16.443,97.51,0.09751,35.319,8,5,1,5,151
2025-05-31 09:00:00,49.121,31.632,112.39,0.11239,17.489,9,5,1,5,151
2025-05-31 10:00:00,51.31,37.393,75.12,0.07512,13.917,10,5,1,5,151
2025-05-31 11:00:00,46.796,14.231,81.15,0.08115,32.565,11,5,1,5,151
2025-05-31 12:00:00,47.391,46.034,73.54,0.07354,1.357,12,5,1,5,151
2025-05-31 13:00:00,47.763,38.16,59.91,0.05991,9.603,13,5,1,5,151
2025-05-31 14:00:00,43.317,32.616,53.77,0.05377,10.701,14,5,1,5,151
2025-05-31 15:00:00,52.003,23.01,67.0,0.067,28.993,15,5,1,5,151
2025-05-31 16:00:00,53.059,17.485,73.02,0.07302,35.574,16,5,1,5,151
2025-05-31 17:00:00,47.001,22.168,70.05,0.07005,24.833,17,5,1,5,151
2025-05-31 18:00:00,50.36,8.855,77.05,0.07705,41.505,18,5,1,5,151
2025-05-31 19:00:00,31.211,0.0,103.03,0.10303,31.211,19,5,1,5,151
2025-05-31 20:00:00,33.111,0.0,106.94,0.10694,33.111,20,5,1,5,151
2025-05-31 21:00:00,30.052,0.0,115.77,0.11577,30.052,21,5,1,5,151
2025-05-31 22:00:00,29.234,0.0,90.2,0.0902,29.234,22,5,1,5,151
2025-05-31 23:00:00,29.178,0.0,87.01,0.08701,29.178,23,5,1,5,151
2025-06-01 00:00:00,25.604,0.0,59.46,0.05946,25.604,0,6,1,6,152
2025-06-01 01:00:00,32.279,0.0,61.03,0.06103,32.279,1,6,1,6,152
2025-06-01 02:00:00,25.957,0.0,68.93,0.06893,25.957,2,6,1,6,152
2025-06-01 03:00:00,22.845,0.0,74.4,0.0744,22.845,3,6,1,6,152
2025-06-01 04:00:00,29.735,0.0,69.53,0.06953,29.735,4,6,1,6,152
2025-06-01 05:00:00,27.827,0.0,81.0,0.081,27.827,5,6,1,6,152
2025-06-01 06:00:00,37.505,0.0,65.75,0.06575,37.505,6,6,1,6,152
2025-06-01 07:00:00,38.989,6.747,84.7,0.0847,32.242,7,6,1,6,152
2025-06-01 08:00:00,47.145,14.489,88.13,0.08813,32.656,8,6,1,6,152
2025-06-01 09:00:00,48.827,17.644,75.99,0.07599,31.183,9,6,1,6,152
2025-06-01 10:00:00,48.686,29.492,88.75,0.08875,19.194,10,6,1,6,152
2025-06-01 11:00:00,45.104,18.967,57.18,0.05718,26.137,11,6,1,6,152
2025-06-01 12:00:00,48.391,27.02,63.28,0.06328,21.371,12,6,1,6,152
2025-06-01 13:00:00,53.511,22.807,71.04,0.07104,30.704,13,6,1,6,152
2025-06-01 14:00:00,49.994,44.789,37.9,0.0379,5.205,14,6,1,6,152
2025-06-01 15:00:00,44.927,36.079,68.79,0.06879,8.848,15,6,1,6,152
2025-06-01 16:00:00,44.256,10.995,57.39,0.05739,33.261,16,6,1,6,152
2025-06-01 17:00:00,54.562,21.945,74.74,0.07474,32.617,17,6,1,6,152
2025-06-01 18:00:00,48.945,11.464,109.15,0.10915,37.481,18,6,1,6,152
2025-06-01 19:00:00,29.984,0.0,101.73,0.10173,29.984,19,6,1,6,152
2025-06-01 20:00:00,31.179,0.0,129.87,0.12987,31.179,20,6,1,6,152
2025-06-01 21:00:00,27.328,0.0,106.75,0.10675,27.328,21,6,1,6,152
2025-06-01 22:00:00,36.609,0.0,98.65,0.09865,36.609,22,6,1,6,152
2025-06-01 23:00:00,24.551,0.0,97.27,0.09727,24.551,23,6,1,6,152
2025-06-02 00:00:00,33.855,0.0,89.03,0.08903,33.855,0,0,0,6,153
2025-06-02 01:00:00,29.644,0.0,85.15,0.08515,29.644,1,0,0,6,153
2025-06-02 02:00:00,34.054,0.0,79.05,0.07905,34.054,2,0,0,6,153
2025-06-02 03:00:00,30.301,0.0,68.46,0.06846,30.301,3,0,0,6,153
2025-06-02 04:00:00,32.209,0.0,69.77,0.06977,32.209,4,0,0,6,153
2025-06-02 05:00:00,31.78,0.0,99.76,0.09976,31.78,5,0,0,6,153
2025-06-02 06:00:00,45.249,0.0,106.82,0.10682,45.249,6,0,0,6,153
2025-06-02 07:00:00,44.368,7.912,95.21,0.09521,36.456,7,0,0,6,153
2025-06-02 08:00:00,63.171,11.246,79.49,0.07949,51.925,8,0,0,6,153
2025-06-02 09:00:00,70.046,31.481,89.81,0.08981,38.565,9,0,0,6,153
2025-06-02 10:00:00,61.014,28.34,85.31,0.08531,32.674,10,0,0,6,153
2025-06-02 11:00:00,63.93,44.7,80.37,0.08037,19.23,11,0,0,6,153
2025-06-02 12:00:00,63.964,30.356,68.34,0.06834,33.608,12,0,0,6,153
2025-06-02 13:00:00,65.204,39.705,75.43,0.07543,25.499,13,0,0,6,153
2025-06-02 14:00:00,62.542,39.363,69.69,0.06969,23.179,14,0,0,6,153
2025-06-02 15:00:00,64.924,12.447,84.94,0.08494,52.477,15,0,0,6,153
2025-06-02 16:00:00,63.376,31.816,72.22,0.07222,31.56,16,0,0,6,153
2025-06-02 17:00:00,58.854,13.523,89.7,0.0897,45.331,17,0,0,6,153
2025-06-02 18:00:00,63.947,10.694,109.56,0.10956,53.253,18,0,0,6,153
2025-06-02 19:00:00,35.141,0.0,125.28,0.12528,35.141,19,0,0,6,153
2025-06-02 20:00:00,33.112,0.0,108.44,0.10844,33.112,20,0,0,6,153
2025-06-02 21:00:00,39.1,0.0,120.91,0.12091,39.1,21,0,0,6,153
2025-06-02 22:00:00,40.224,0.0,108.03,0.10803,40.224,22,0,0,6,153
2025-06-02 23:00:00,31.165,0.0,98.93,0.09893,31.165,23,0,0,6,153
2025-06-03 00:00:00,31.29,0.0,84.25,0.08425,31.29,0,1,0,6,154
2025-06-03 01:00:00,23.291,0.0,100.8,0.1008,23.291,1,1,0,6,154
2025-06-03 02:00:00,25.12,0.0,74.84,0.07484,25.12,2,1,0,6,154
2025-06-03 03:00:00,35.79,0.0,74.54,0.07454,35.79,3,1,0,6,154
2025-06-03 04:00:00,26.124,0.0,76.65,0.07665,26.124,4,1,0,6,154
2025-06-03 05:00:00,31.43,0.0,83.79,0.08379,31.43,5,1,0,6,154
2025-06-03 06:00:00,41.047,0.0,92.83,0.09283,41.047,6,1,0,6,154
2025-06-03 07:00:00,43.5,7.667,89.42,0.08942,35.833,7,1,0,6,154
2025-06-03 08:00:00,61.874,7.442,107.35,0.10735,54.432,8,1,0,6,154
2025-06-03 09:00:00,65.698,29.488,97.56,0.09756,36.21,9,1,0,6,154
2025-06-03 10:00:00,64.338,39.729,92.63,0.09263,24.609,10,1,0,6,154
2025-06-03 11:00:00,62.466,42.338,72.69,0.07269,20.128,11,1,0,6,154
2025-06-03 12:00:00,60.54,47.922,95.47,0.09547,12.618,12,1,0,6,154
2025-06-03 13:00:00,64.758,43.453,69.82,0.06982,21.305,13,1,0,6,154
2025-06-03 14:00:00,60.02,16.181,83.65,0.08365,43.839,14,1,0,6,154
2025-06-03 15:00:00,65.269,34.214,62.98,0.06298,31.055,15,1,0,6,154
2025-06-03 16:00:00,72.305,24.66,84.48,0.08448,47.645,16,1,0,6,154
2025-06-03 17:00:00,68.221,19.901,82.14,0.08214,48.32,17,1,0,6,154
2025-06-03 18:00:00,66.199,9.728,120.4,0.1204,56.471,18,1,0,6,154
2025-06-03 19:00:00,38.381,0.0,126.34,0.12634,38.381,19,1,0,6,154
2025-06-03 20:00:00,32.451,0.0,129.35,0.12935,32.451,20,1,0,6,154
2025-06-03 21:00:00,34.424,0.0,109.68,0.10968,34.424,21,1,0,6,154
2025-06-03 22:00:00,42.76,0.0,125.69,0.12569,42.76,22,1,0,6,154
2025-06-03 23:00:00,26.948,0.0,116.35,0.11635,26.948,23,1,0,6,154
2025-06-04 00:00:00,27.234,0.0,79.92,0.07992,27.234,0,2,0,6,155
2025-06-04 01:00:00,28.941,0.0,85.35,0.08535,28.941,1,2,0,6,155
2025-06-04 02:00:00,26.073,0.0,93.08,0.09308,26.073,2,2,0,6,155
2025-06-04 03:00:00,25.546,0.0,64.38,0.06438,25.546,3,2,0,6,155
2025-06-04 04:00:00,29.31,0.0,96.38,0.09638,29.31,4,2,0,6,155
2025-06-04 05:00:00,26.618,0.0,97.0,0.097,26.618,5,2,0,6,155
2025-06-04 06:00:00,40.866,0.0,84.33,0.08433,40.866,6,2,0,6,155
2025-06-04 07:00:00,40.737,11.594,72.12,0.07212,29.143,7,2,0,6,155
2025-06-04 08:00:00,65.557,16.674,100.69,0.10069,48.883,8,2,0,6,155
2025-06-04 09:00:00,63.142,31.2,86.32,0.08632,31.942,9,2,0,6,155
2025-06-04 10:00:00,63.314,28.985,77.77,0.07777,34.329,10,2,0,6,155
2025-06-04 11:00:00,65.795,32.215,89.77,0.08977,33.58,11,2,0,6,155
2025-06-04 12:00:00,63.431,41.53,90.5,0.0905,21.901,12,2,0,6,155
2025-06-04 13:00:00,62.995,43.274,-14.67,-0.01467,19.721,13,2,0,6,155
2025-06-04 14:00:00,65.391,45.298,79.2,0.0792,20.093,14,2,0,6,155
2025-06-04 15:00:00,66.023,34.869,75.91,0.07591,31.154,15,2,0,6,155
2025-06-04 16:00:00,63.415,32.126,62.51,0.06251,31.289,16,2,0,6,155
2025-06-04 17:00:00,64.143,17.769,82.29,0.08229,46.374,17,2,0,6,155
2025-06-04 18:00:00,61.383,7.499,113.07,0.11307,53.884,18,2,0,6,155
2025-06-04 19:00:00,35.894,0.0,109.57,0.10957,35.894,19,2,0,6,155
2025-06-04 20:00:00,41.11,0.0,129.12,0.12912,41.11,20,2,0,6,155
2025-06-04 21:00:00,40.072,0.0,112.89,0.11289,40.072,21,2,0,6,155
2025-06-04 22:00:00,40.105,0.0,113.91,0.11391,40.105,22,2,0,6,155
2025-06-04 23:00:00,30.37,0.0,100.33,0.10033,30.37,23,2,0,6,155
2025-06-05 00:00:00,29.615,0.0,81.3,0.0813,29.615,0,3,0,6,156
2025-06-05 01:00:00,31.696,0.0,90.74,0.09074,31.696,1,3,0,6,156
2025-06-05 02:00:00,32.46,0.0,62.29,0.06229,32.46,2,3,0,6,156
2025-06-05 03:00:00,32.383,0.0,73.31,0.07331,32.383,3,3,0,6,156
2025-06-05 04:00:00,29.145,0.0,80.35,0.08035,29.145,4,3,0,6,156
2025-06-05 05:00:00,33.906,0.0,98.56,0.09856,33.906,5,3,0,6,156
2025-06-05 06:00:00,43.96,0.0,75.57,0.07557,43.96,6,3,0,6,156
2025-06-05 07:00:00,45.252,7.8,93.76,0.09376,37.452,7,3,0,6,156
2025-06-05 08:00:00,64.773,15.843,100.6,0.1006,48.93,8,3,0,6,156
2025-06-05 09:00:00,64.66,18.552,100.2,0.1002,46.108,9,3,0,6,156
2025-06-05 10:00:00,61.516,19.376,92.74,0.09274,42.14,10,3,0,6,156
2025-06-05 11:00:00,66.114,33.333,79.92,0.07992,32.781,11,3,0,6,156
2025-06-05 12:00:00,72.975,42.479,74.92,0.07492,30.496,12,3,0,6,156
2025-06-05 13:00:00,62.671,42.341,80.17,0.08017,20.33,13,3,0,6,156
2025-06-05 14:00:00,64.097,34.729,60.53,0.06053,29.368,14,3,0,6,156
2025-06-05 15:00:00,62.442,35.447,47.74,0.04774,26.995,15,3,0,6,156
2025-06-05 16:00:00,62.308,30.345,80.97,0.08097,31.963,16,3,0,6,156
2025-06-05 17:00:00,68.812,16.982,102.86,0.10286,51.83,17,3,0,6,156
2025-06-05 18:00:00,61.716,10.552,91.83,0.09183,51.164,18,3,0,6,156
2025-06-05 19:00:00,37.124,0.0,128.87,0.12887,37.124,19,3,0,6,156
2025-06-05 20:00:00,33.562,0.0,126.2,0.1262,33.562,20,3,0,6,156
2025-06-05 21:00:00,36.217,0.0,105.5,0.1055,36.217,21,3,0,6,156
2025-06-05 22:00:00,33.175,0.0,99.72,0.09972,33.175,22,3,0,6,156
2025-06-05 23:00:00,31.489,0.0,88.63,0.08863,31.489,23,3,0,6,156
2025-06-06 00:00:00,38.423,0.0,85.55,0.08555,38.423,0,4,0,6,157
2025-06-06 01:00:00,28.29,0.0,82.06,0.08206,28.29,1,4,0,6,157
2025-06-06 02:00:00,24.13,0.0,95.01,0.09501,24.13,2,4,0,6,157
2025-06-06 03:00:00,32.344,0.0,92.73,0.09273,32.344,3,4,0,6,157
2025-06-06 04:00:00,27.138,0.0,69.61,0.06961,27.138,4,4,0,6,157
2025-06-06 05:00:00,33.622,0.0,72.71,0.07271,33.622,5,4,0,6,157
2025-06-06 06:00:00,42.318,0.0,96.24,0.09624,42.318,6,4,0,6,157
2025-06-06 07:00:00,41.198,11.092,89.03,0.08903,30.106,7,4,0,6,157
2025-06-06 08:00:00,63.286,12.123,95.74,0.09574,51.163,8,4,0,6,157
2025-06-06 09:00:00,66.28,31.192,103.26,0.10326,35.088,9,4,0,6,157
2025-06-06 10:00:00,63.127,32.277,102.38,0.10238,30.85,10,4,0,6,157
2025-06-06 11:00:00,62.266,45.48,73.86,0.07386,16.786,11,4,0,6,157
2025-06-06 12:00:00,63.219,33.42,55.24,0.05524,29.799,12,4,0,6,157
2025-06-06 13:00:00,59.785,38.437,69.37,0.06937,21.348,13,4,0,6,157
2025-06-06 14:00:00,65.126,42.644,58.94,0.05894,22.482,14,4,0,6,157
2025-06-06 15:00:00,58.138,32.206,70.07,0.07007,25.932,15,4,0,6,157
2025-06-06 16:00:00,62.434,19.782,75.49,0.07549,42.652,16,4,0,6,157
2025-06-06 17:00:00,66.285,17.757,78.22,0.07822,48.528,17,4,0,6,157
2025-06-06 18:00:00,64.825,10.452,123.29,0.12329,54.373,18,4,0,6,157
2025-06-06 19:00:00,40.524,0.0,115.5,0.1155,40.524,19,4,0,6,157
2025-06-06 20:00:00,38.427,0.0,115.32,0.11532,38.427,20,4,0,6,157
2025-06-06 21:00:00,42.378,0.0,118.15,0.11815,42.378,21,4,0,6,157
2025-06-06 22:00:00,41.594,0.0,112.13,0.11213,41.594,22,4,0,6,157
2025-06-06 23:00:00,30.891,0.0,89.85,0.08985,30.891,23,4,0,6,157
2025-06-07 00:00:00,28.761,0.0,100.13,0.10013,28.761,0,5,1,6,158
2025-06-07 01:00:00,28.194,0.0,61.72,0.06172,28.194,1,5,1,6,158
2025-06-07 02:00:00,24.387,0.0,62.5,0.0625,24.387,2,5,1,6,158
2025-06-07 03:00:00,21.492,0.0,61.32,0.06132,21.492,3,5,1,6,158
2025-06-07 04:00:00,27.138,0.0,78.17,0.07817,27.138,4,5,1,6,158
2025-06-07 05:00:00,27.54,0.0,84.7,0.0847,27.54,5,5,1,6,158
2025-06-07 06:00:00,38.634,0.0,79.86,0.07986,38.634,6,5,1,6,158
2025-06-07 07:00:00,32.148,11.703,91.95,0.09195,20.445,7,5,1,6,158
2025-06-07 08:00:00,46.271,14.176,95.13,0.09513,32.095,8,5,1,6,158
2025-06-07 09:00:00,50.643,29.428,87.26,0.08726,21.215,9,5,1,6,158
2025-06-07 10:00:00,48.944,40.246,91.14,0.09114,8.698,10,5,1,6,158
2025-06-07 11:00:00,43.137,28.553,77.31,0.07731,14.584,11,5,1,6,158
2025-06-07 12:00:00,50.372,48.147,66.44,0.06644,2.225,12,5,1,6,158
2025-06-07 13:00:00,43.244,30.472,58.58,0.05858,12.772,13,5,1,6,158
2025-06-07 14:00:00,46.147,28.489,62.89,0.06289,17.658,14,5,1,6,158
2025-06-07 15:00:00,53.497,39.965,74.66,0.07466,13.532,15,5,1,6,158
2025-06-07 16:00:00,55.011,31.142,57.4,0.0574,23.869,16,5,1,6,158
2025-06-07 17:00:00,45.281,20.43,76.24,0.07624,24.851,17,5,1,6,158
2025-06-07 18:00:00,48.118,3.009,97.11,0.09711,45.109,18,5,1,6,158
2025-06-07 19:00:00,32.164,0.0,125.97,0.12597,32.164,19,5,1,6,158
2025-06-07 20:00:00,37.727,0.0,118.45,0.11845,37.727,20,5,1,6,158
2025-06-07 21:00:00,30.45,0.0,102.08,0.10208,30.45,21,5,1,6,158
2025-06-07 22:00:00,30.501,0.0,90.66,0.09066,30.501,22,5,1,6,158
2025-06-07 23:00:00,30.749,0.0,99.1,0.0991,30.749,23,5,1,6,158
2025-06-08 00:00:00,24.591,0.0,73.86,0.07386,24.591,0,6,1,6,159
2025-06-08 01:00:00,28.102,0.0,64.71,0.06471,28.102,1,6,1,6,159
2025-06-08 02:00:00,21.064,0.0,87.24,0.08724,21.064,2,6,1,6,159
2025-06-08 03:00:00,25.243,0.0,80.47,0.08047,25.243,3,6,1,6,159
2025-06-08 04:00:00,20.48,0.0,66.26,0.06626,20.48,4,6,1,6,159
2025-06-08 05:00:00,22.413,0.0,66.64,0.06664,22.413,5,6,1,6,159
2025-06-08 06:00:00,37.824,0.0,61.57,0.06157,37.824,6,6,1,6,159
2025-06-08 07:00:00,34.979,6.936,81.1,0.0811,28.043,7,6,1,6,159
2025-06-08 08:00:00,48.141,21.434,93.68,0.09368,26.707,8,6,1,6,159
2025-06-08 09:00:00,46.766,26.267,100.55,0.10055,20.499,9,6,1,6,159
2025-06-08 10:00:00,48.456,24.276,91.19,0.09119,24.18,10,6,1,6,159
2025-06-08 11:00:00,50.125,36.817,66.29,0.06629,13.308,11,6,1,6,159
2025-06-08 12:00:00,52.307,22.288,67.77,0.06777,30.019,12,6,1,6,159
2025-06-08 13:00:00,40.761,41.751,77.93,0.07793,-0.99,13,6,1,6,159
2025-06-08 14:00:00,46.5,41.329,55.51,0.05551,5.171,14,6,1,6,159
2025-06-08 15:00:00,49.671,25.91,70.24,0.07024,23.761,15,6,1,6,159
2025-06-08 16:00:00,48.846,25.196,75.98,0.07598,23.65,16,6,1,6,159
2025-06-08 17:00:00,50.453,15.824,88.71,0.08871,34.629,17,6,1,6,159
2025-06-08 18:00:00,50.018,9.469,99.87,0.09987,40.549,18,6,1,6,159
2025-06-08 19:00:00,31.047,0.0,116.05,0.11605,31.047,19,6,1,6,159
2025-06-08 20:00:00,30.337,0.0,231.69,0.23169,30.337,20,6,1,6,159
2025-06-08 21:00:00,31.237,0.0,125.43,0.12543,31.237,21,6,1,6,159
2025-06-08 22:00:00,35.699,0.0,81.91,0.08191,35.699,22,6,1,6,159
2025-06-08 23:00:00,23.448,0.0,92.44,0.09244,23.448,23,6,1,6,159
2025-06-09 00:00:00,29.252,0.0,83.59,0.08359,29.252,0,0,0,6,160
2025-06-09 01:00:00,30.04,0.0,77.84,0.07784,30.04,1,0,0,6,160
2025-06-09 02:00:00,34.446,0.0,74.42,0.07442,34.446,2,0,0,6,160
2025-06-09 03:00:00,28.492,0.0,89.96,0.08996,28.492,3,0,0,6,160
2025-06-09 04:00:00,32.521,0.0,93.29,0.09329,32.521,4,0,0,6,160
2025-06-09 05:00:00,33.395,0.0,86.09,0.08609,33.395,5,0,0,6,160
2025-06-09 06:00:00,42.993,0.0,87.42,0.08742,42.993,6,0,0,6,160
2025-06-09 07:00:00,42.523,7.553,107.21,0.10721,34.97,7,0,0,6,160
2025-06-09 08:00:00,62.76,13.954,93.49,0.09349,48.806,8,0,0,6,160
2025-06-09 09:00:00,62.994,28.895,97.59,0.09759,34.099,9,0,0,6,160
2025-06-09 10:00:00,66.546,40.455,91.98,0.09198,26.091,10,0,0,6,160
2025-06-09 11:00:00,64.552,29.413,111.12,0.11112,35.139,11,0,0,6,160
2025-06-09 12:00:00,64.565,48.799,69.28,0.06928,15.766,12,0,0,6,160
2025-06-09 13:00:00,60.212,48.799,79.03,0.07903,11.413,13,0,0,6,160
2025-06-09 14:00:00,60.717,35.12,50.71,0.05071,25.597,14,0,0,6,160
2025-06-09 15:00:00,70.672,29.843,60.05,0.06005,40.829,15,0,0,6,160
2025-06-09 16:00:00,63.243,29.597,73.5,0.0735,33.646,16,0,0,6,160
2025-06-09 17:00:00,61.333,10.415,86.88,0.08688,50.918,17,0,0,6,160
2025-06-09 18:00:00,68.392,10.252,99.89,0.09989,58.14,18,0,0,6,160
2025-06-09 19:00:00,39.517,0.0,114.56,0.11456,39.517,19,0,0,6,160
2025-06-09 20:00:00,40.466,0.0,114.39,0.11439,40.466,20,0,0,6,160
2025-06-09 21:00:00,38.174,0.0,240.98,0.24098,38.174,21,0,0,6,160
2025-06-09 22:00:00,37.596,0.0,97.05,0.09705,37.596,22,0,0,6,160
2025-06-09 23:00:00,28.91,0.0,103.84,0.10384,28.91,23,0,0,6,160
2025-06-10 00:00:00,25.025,0.0,90.93,0.09093,25.025,0,1,0,6,161
2025-06-10 01:00:00,29.168,0.0,74.69,0.07469,29.168,1,1,0,6,161
2025-06-10 02:00:00,30.397,0.0,80.58,0.08058,30.397,2,1,0,6,161
2025-06-10 03:00:00,35.371,0.0,84.51,0.08451,35.371,3,1,0,6,161
2025-06-10 04:00:00,29.725,0.0,102.11,0.10211,29.725,4,1,0,6,161
2025-06-10 05:00:00,21.98,0.0,83.5,0.0835,21.98,5,1,0,6,161
2025-06-10 06:00:00,42.889,0.0,126.63,0.12663,42.889,6,1,0,6,161
2025-06-10 07:00:00,51.956,11.791,102.15,0.10215,40.165,7,1,0,6,161
2025-06-10 08:00:00,66.571,16.497,101.22,0.10122,50.074,8,1,0,6,161
2025-06-10 09:00:00,61.204,18.359,106.93,0.10693,42.845,9,1,0,6,161
2025-06-10 10:00:00,65.691,31.941,76.9,0.0769,33.75,10,1,0,6,161
2025-06-10 11:00:00,61.425,40.642,98.21,0.09821,20.783,11,1,0,6,161
2025-06-10 12:00:00,59.467,20.303,64.53,0.06453,39.164,12,1,0,6,161
2025-06-10 13:00:00,62.684,28.853,79.49,0.07949,33.831,13,1,0,6,161
2025-06-10 14:00:00,64.092,19.033,61.85,0.06185,45.059,14,1,0,6,161
2025-06-10 15:00:00,57.808,30.388,61.71,0.06171,27.42,15,1,0,6,161
2025-06-10 16:00:00,60.122,29.083,94.4,0.0944,31.039,16,1,0,6,161
2025-06-10 17:00:00,63.832,21.586,87.27,0.08727,42.246,17,1,0,6,161
2025-06-10 18:00:00,62.493,11.417,87.4,0.0874,51.076,18,1,0,6,161
2025-06-10 19:00:00,39.873,0.0,125.37,0.12537,39.873,19,1,0,6,161
2025-06-10 20:00:00,34.723,0.0,213.94,0.21394,34.723,20,1,0,6,161
2025-06-10 21:00:00,40.895,0.0,131.03,0.13103,40.895,21,1,0,6,161
2025-06-10 22:00:00,34.822,0.0,106.96,0.10696,34.822,22,1,0,6,161
2025-06-10 23:00:00,34.706,0.0,83.73,0.08373,34.706,23,1,0,6,161
2025-06-11 00:00:00,23.956,0.0,92.44,0.09244,23.956,0,2,0,6,162
2025-06-11 01:00:00,25.95,0.0,89.45,0.08945,25.95,1,2,0,6,162
2025-06-11 02:00:00,30.782,0.0,63.09,0.06309,30.782,2,2,0,6,162
2025-06-11 03:00:00,34.772,0.0,83.97,0.08397,34.772,3,2,0,6,162
2025-06-11 04:00:00,30.455,0.0,88.42,0.08842,30.455,4,2,0,6,162
2025-06-11 05:00:00,31.248,0.0,89.67,0.08967,31.248,5,2,0,6,162
2025-06-11 06:00:00,43.238,0.0,88.62,0.08862,43.238,6,2,0,6,162
2025-06-11 07:00:00,39.898,11.2,102.0,0.102,28.698,7,2,0,6,162
2025-06-11 08:00:00,62.217,15.474,103.55,0.10355,46.743,8,2,0,6,162
2025-06-11 09:00:00,59.908,22.652,98.48,0.09848,37.256,9,2,0,6,162
2025-06-11 10:00:00,59.694,28.424,91.8,0.0918,31.27,10,2,0,6,162
2025-06-11 11:00:00,65.071,42.122,88.05,0.08805,22.949,11,2,0,6,162
2025-06-11 12:00:00,60.192,10.668,71.79,0.07179,49.524,12,2,0,6,162
2025-06-11 13:00:00,64.808,44.272,60.64,0.06064,20.536,13,2,0,6,162
2025-06-11 14:00:00,59.62,45.64,56.61,0.05661,13.98,14,2,0,6,162
2025-06-11 15:00:00,64.734,39.756,68.78,0.06878,24.978,15,2,0,6,162
2025-06-11 16:00:00,62.222,24.539,68.17,0.06817,37.683,16,2,0,6,162
2025-06-11 17:00:00,68.287,12.914,86.75,0.08675,55.373,17,2,0,6,162
2025-06-11 18:00:00,64.822,11.815,116.09,0.11609,53.007,18,2,0,6,162
2025-06-11 19:00:00,42.558,0.0,113.63,0.11363,42.558,19,2,0,6,162
2025-06-11 20:00:00,36.186,0.0,122.81,0.12281,36.186,20,2,0,6,162
2025-06-11 21:00:00,38.783,0.0,115.21,0.11521,38.783,21,2,0,6,162
2025-06-11 22:00:00,35.464,0.0,120.26,0.12026,35.464,22,2,0,6,162
2025-06-11 23:00:00,28.123,0.0,113.12,0.11312,28.123,23,2,0,6,162
2025-06-12 00:00:00,28.605,0.0,79.61,0.07961,28.605,0,3,0,6,163
2025-06-12 01:00:00,27.121,0.0,91.6,0.0916,27.121,1,3,0,6,163
2025-06-12 02:00:00,25.554,0.0,105.31,0.10531,25.554,2,3,0,6,163
2025-06-12 03:00:00,24.92,0.0,73.08,0.07308,24.92,3,3,0,6,163
2025-06-12 04:00:00,21.956,0.0,95.31,0.09531,21.956,4,3,0,6,163
2025-06-12 05:00:00,26.063,0.0,69.94,0.06994,26.063,5,3,0,6,163
2025-06-12 06:00:00,45.183,0.0,90.84,0.09084,45.183,6,3,0,6,163
2025-06-12 07:00:00,38.06,9.335,93.22,0.09322,28.725,7,3,0,6,163
2025-06-12 08:00:00,59.395,13.378,80.87,0.08087,46.017,8,3,0,6,163
2025-06-12 09:00:00,69.504,26.712,109.13,0.10913,42.792,9,3,0,6,163
2025-06-12 10:00:00,61.736,36.564,95.71,0.09571,25.172,10,3,0,6,163
2025-06-12 11:00:00,64.8,46.248,77.37,0.07737,18.552,11,3,0,6,163
2025-06-12 12:00:00,65.828,49.102,81.19,0.08119,16.726,12,3,0,6,163
2025-06-12 13:00:00,65.893,33.569,79.98,0.07998,32.324,13,3,0,6,163
2025-06-12 14:00:00,58.902,28.568,50.24,0.05024,30.334,14,3,0,6,163
2025-06-12 15:00:00,63.034,33.623,38.37,0.03837,29.411,15,3,0,6,163
2025-06-12 16:00:00,58.595,21.9,76.4,0.0764,36.695,16,3,0,6,163
2025-06-12 17:00:00,71.601,18.441,80.73,0.08073,53.16,17,3,0,6,163
2025-06-12 18:00:00,58.669,8.879,116.25,0.11625,49.79,18,3,0,6,163
2025-06-12 19:00:00,35.245,0.0,112.07,0.11207,35.245,19,3,0,6,163
2025-06-12 20:00:00,35.268,0.0,124.6,0.1246,35.268,20,3,0,6,163
2025-06-12 21:00:00,33.809,0.0,115.71,0.11571,33.809,21,3,0,6,163
2025-06-12 22:00:00,42.926,0.0,91.82,0.09182,42.926,22,3,0,6,163
2025-06-12 23:00:00,37.195,0.0,96.92,0.09692,37.195,23,3,0,6,163
2025-06-13 00:00:00,27.918,0.0,71.11,0.07111,27.918,0,4,0,6,164
2025-06-13 01:00:00,25.215,0.0,70.64,0.07064,25.215,1,4,0,6,164
2025-06-13 02:00:00,22.282,0.0,73.5,0.0735,22.282,2,4,0,6,164
2025-06-13 03:00:00,28.659,0.0,72.91,0.07291,28.659,3,4,0,6,164
2025-06-13 04:00:00,28.428,0.0,83.47,0.08347,28.428,4,4,0,6,164
2025-06-13 05:00:00,27.356,0.0,83.5,0.0835,27.356,5,4,0,6,164
2025-06-13 06:00:00,43.877,0.0,93.46,0.09346,43.877,6,4,0,6,164
2025-06-13 07:00:00,44.433,7.589,78.96,0.07896,36.844,7,4,0,6,164
2025-06-13 08:00:00,64.795,17.208,95.5,0.0955,47.587,8,4,0,6,164
2025-06-13 09:00:00,62.749,32.854,93.5,0.0935,29.895,9,4,0,6,164
2025-06-13 10:00:00,60.235,39.164,96.33,0.09633,21.071,10,4,0,6,164
2025-06-13 11:00:00,65.891,46.324,89.21,0.08921,19.567,11,4,0,6,164
2025-06-13 12:00:00,63.801,39.274,79.54,0.07954,24.527,12,4,0,6,164
2025-06-13 13:00:00,66.603,49.182,61.11,0.06111,17.421,13,4,0,6,164
2025-06-13 14:00:00,66.289,46.324,68.25,0.06825,19.965,14,4,0,6,164
2025-06-13 15:00:00,59.211,38.413,64.8,0.0648,20.798,15,4,0,6,164
2025-06-13 16:00:00,59.171,21.897,90.04,0.09004,37.274,16,4,0,6,164
2025-06-13 17:00:00,61.343,17.986,89.59,0.08959,43.357,17,4,0,6,164
2025-06-13 18:00:00,60.381,6.424,103.73,0.10373,53.957,18,4,0,6,164
2025-06-13 19:00:00,41.009,0.0,103.04,0.10304,41.009,19,4,0,6,164
2025-06-13 20:00:00,39.716,0.0,115.68,0.11568,39.716,20,4,0,6,164
2025-06-13 21:00:00,42.11,0.0,120.24,0.12024,42.11,21,4,0,6,164
2025-06-13 22:00:00,39.861,0.0,106.56,0.10656,39.861,22,4,0,6,164
2025-06-13 23:00:00,30.108,0.0,95.8,0.0958,30.108,23,4,0,6,164
2025-06-14 00:00:00,29.616,0.0,141.74,0.14174,29.616,0,5,1,6,165
2025-06-14 01:00:00,27.28,0.0,69.33,0.06933,27.28,1,5,1,6,165
2025-06-14 02:00:00,25.995,0.0,74.8,0.0748,25.995,2,5,1,6,165
2025-06-14 03:00:00,30.515,0.0,89.85,0.08985,30.515,3,5,1,6,165
2025-06-14 04:00:00,26.146,0.0,59.74,0.05974,26.146,4,5,1,6,165
2025-06-14 05:00:00,24.803,0.0,131.76,0.13176,24.803,5,5,1,6,165
2025-06-14 06:00:00,32.429,0.0,64.71,0.06471,32.429,6,5,1,6,165
2025-06-14 07:00:00,37.36,9.28,91.03,0.09103,28.08,7,5,1,6,165
2025-06-14 08:00:00,53.068,12.991,102.95,0.10295,40.077,8,5,1,6,165
2025-06-14 09:00:00,48.947,23.79,95.0,0.095,25.157,9,5,1,6,165
2025-06-14 10:00:00,53.294,39.975,93.16,0.09316,13.319,10,5,1,6,165
2025-06-14 11:00:00,42.805,35.424,69.47,0.06947,7.381,11,5,1,6,165
2025-06-14 12:00:00,48.932,44.54,74.75,0.07475,4.392,12,5,1,6,165
2025-06-14 13:00:00,48.981,32.802,56.37,0.05637,16.179,13,5,1,6,165
2025-06-14 14:00:00,46.783,30.95,61.68,0.06168,15.833,14,5,1,6,165
2025-06-14 15:00:00,56.737,26.569,68.03,0.06803,30.168,15,5,1,6,165
2025-06-14 16:00:00,48.897,32.765,67.05,0.06705,16.132,16,5,1,6,165
2025-06-14 17:00:00,47.804,18.865,89.77,0.08977,28.939,17,5,1,6,165
2025-06-14 18:00:00,49.192,11.874,94.38,0.09438,37.318,18,5,1,6,165
2025-06-14 19:00:00,25.59,0.0,111.67,0.11167,25.59,19,5,1,6,165
2025-06-14 20:00:00,29.567,0.0,133.57,0.13357,29.567,20,5,1,6,165
2025-06-14 21:00:00,35.145,0.0,115.7,0.1157,35.145,21,5,1,6,165
2025-06-14 22:00:00,29.986,0.0,92.93,0.09293,29.986,22,5,1,6,165
2025-06-14 23:00:00,23.125,0.0,84.97,0.08497,23.125,23,5,1,6,165
2025-06-15 00:00:00,29.966,0.0,86.26,0.08626,29.966,0,6,1,6,166
2025-06-15 01:00:00,30.064,0.0,87.97,0.08797,30.064,1,6,1,6,166
2025-06-15 02:00:00,27.43,0.0,77.26,0.07726,27.43,2,6,1,6,166
2025-06-15 03:00:00,24.319,0.0,62.64,0.06264,24.319,3,6,1,6,166
2025-06-15 04:00:00,25.009,0.0,69.23,0.06923,25.009,4,6,1,6,166
2025-06-15 05:00:00,23.202,0.0,82.38,0.08238,23.202,5,6,1,6,166
2025-06-15 06:00:00,31.922,0.0,89.57,0.08957,31.922,6,6,1,6,166
2025-06-15 07:00:00,31.763,11.366,97.9,0.0979,20.397,7,6,1,6,166
2025-06-15 08:00:00,47.123,14.977,70.84,0.07084,32.146,8,6,1,6,166
2025-06-15 09:00:00,45.79,29.893,100.19,0.10019,15.897,9,6,1,6,166
2025-06-15 10:00:00,44.097,40.882,101.74,0.10174,3.215,10,6,1,6,166
2025-06-15 11:00:00,49.803,26.004,55.93,0.05593,23.799,11,6,1,6,166
2025-06-15 12:00:00,49.852,44.737,71.08,0.07108,5.115,12,6,1,6,166
2025-06-15 13:00:00,54.544,49.313,71.75,0.07175,5.231,13,6,1,6,166
2025-06-15 14:00:00,46.962,36.685,47.04,0.04704,10.277,14,6,1,6,166
2025-06-15 15:00:00,50.049,38.545,58.09,0.05809,11.504,15,6,1,6,166
2025-06-15 16:00:00,50.102,20.389,75.65,0.07565,29.713,16,6,1,6,166
2025-06-15 17:00:00,48.289,23.085,76.42,0.07642,25.204,17,6,1,6,166
2025-06-15 18:00:00,51.483,2.736,92.45,0.09245,48.747,18,6,1,6,166
2025-06-15 19:00:00,34.476,0.0,111.21,0.11121,34.476,19,6,1,6,166
2025-06-15 20:00:00,33.043,0.0,103.04,0.10304,33.043,20,6,1,6,166
2025-06-15 21:00:00,31.177,0.0,100.14,0.10014,31.177,21,6,1,6,166
2025-06-15 22:00:00,30.851,0.0,105.19,0.10519,30.851,22,6,1,6,166
2025-06-15 23:00:00,21.398,0.0,99.34,0.09934,21.398,23,6,1,6,166
2025-06-16 00:00:00,26.852,0.0,88.59,0.08859,26.852,0,0,0,6,167
2025-06-16 01:00:00,27.441,0.0,98.24,0.09824,27.441,1,0,0,6,167
2025-06-16 02:00:00,25.835,0.0,88.9,0.0889,25.835,2,0,0,6,167
2025-06-16 03:00:00,30.839,0.0,103.46,0.10346,30.839,3,0,0,6,167
2025-06-16 04:00:00,33.261,0.0,86.47,0.08647,33.261,4,0,0,6,167
2025-06-16 05:00:00,26.526,0.0,90.18,0.09018,26.526,5,0,0,6,167
2025-06-16 06:00:00,44.056,0.0,94.88,0.09488,44.056,6,0,0,6,167
2025-06-16 07:00:00,39.84,11.9,88.65,0.08865,27.94,7,0,0,6,167
2025-06-16 08:00:00,62.75,17.257,90.48,0.09048,45.493,8,0,0,6,167
2025-06-16 09:00:00,61.517,32.974,89.55,0.08955,28.543,9,0,0,6,167
2025-06-16 10:00:00,65.652,39.385,88.99,0.08899,26.267,10,0,0,6,167
2025-06-16 11:00:00,61.553,32.254,107.65,0.10765,29.299,11,0,0,6,167
2025-06-16 12:00:00,66.963,40.393,96.42,0.09642,26.57,12,0,0,6,167
2025-06-16 13:00:00,62.939,49.362,67.97,0.06797,13.577,13,0,0,6,167
2025-06-16 14:00:00,61.647,42.842,64.03,0.06403,18.805,14,0,0,6,167
2025-06-16 15:00:00,59.715,28.709,-7.79,-0.00779,31.006,15,0,0,6,167
2025-06-16 16:00:00,64.536,25.52,67.18,0.06718,39.016,16,0,0,6,167
2025-06-16 17:00:00,66.59,22.72,80.63,0.08063,43.87,17,0,0,6,167
2025-06-16 18:00:00,64.6,10.757,98.77,0.09877,53.843,18,0,0,6,167
2025-06-16 19:00:00,45.741,0.0,110.39,0.11039,45.741,19,0,0,6,167
2025-06-16 20:00:00,43.152,0.0,123.96,0.12396,43.152,20,0,0,6,167
2025-06-16 21:00:00,37.592,0.0,125.63,0.12563,37.592,21,0,0,6,167
2025-06-16 22:00:00,37.559,0.0,100.3,0.1003,37.559,22,0,0,6,167
2025-06-16 23:00:00,30.934,0.0,111.29,0.11129,30.934,23,0,0,6,167
2025-06-17 00:00:00,26.747,0.0,88.14,0.08814,26.747,0,1,0,6,168
2025-06-17 01:00:00,33.161,0.0,93.58,0.09358,33.161,1,1,0,6,168
2025-06-17 02:00:00,30.586,0.0,80.38,0.08038,30.586,2,1,0,6,168
2025-06-17 03:00:00,30.249,0.0,90.53,0.09053,30.249,3,1,0,6,168
2025-06-17 04:00:00,31.627,0.0,90.42,0.09042,31.627,4,1,0,6,168
2025-06-17 05:00:00,34.942,0.0,102.4,0.1024,34.942,5,1,0,6,168
2025-06-17 06:00:00,43.69,0.0,97.45,0.09745,43.69,6,1,0,6,168
2025-06-17 07:00:00,42.781,10.754,103.54,0.10354,32.027,7,1,0,6,168
2025-06-17 08:00:00,68.543,17.89,93.03,0.09303,50.653,8,1,0,6,168
2025-06-17 09:00:00,66.811,31.716,110.58,0.11058,35.095,9,1,0,6,168
2025-06-17 10:00:00,62.688,24.086,81.86,0.08186,38.602,10,1,0,6,168
2025-06-17 11:00:00,63.731,41.453,81.29,0.08129,22.278,11,1,0,6,168
2025-06-17 12:00:00,64.34,48.747,81.1,0.0811,15.593,12,1,0,6,168
2025-06-17 13:00:00,64.872,30.858,59.79,0.05979,34.014,13,1,0,6,168
2025-06-17 14:00:00,59.374,29.676,59.08,0.05908,29.698,14,1,0,6,168
2025-06-17 15:00:00,58.779,36.977,61.0,0.061,21.802,15,1,0,6,168
2025-06-17 16:00:00,60.875,33.0,80.99,0.08099,27.875,16,1,0,6,168
2025-06-17 17:00:00,60.628,16.793,87.2,0.0872,43.835,17,1,0,6,168
2025-06-17 18:00:00,61.654,11.627,112.88,0.11288,50.027,18,1,0,6,168
2025-06-17 19:00:00,40.603,0.0,134.96,0.13496,40.603,19,1,0,6,168
2025-06-17 20:00:00,38.031,0.0,124.59,0.12459,38.031,20,1,0,6,168
2025-06-17 21:00:00,39.2,0.0,112.84,0.11284,39.2,21,1,0,6,168
2025-06-17 22:00:00,34.654,0.0,111.34,0.11134,34.654,22,1,0,6,168
2025-06-17 23:00:00,27.951,0.0,88.04,0.08804,27.951,23,1,0,6,168
2025-06-18 00:00:00,31.305,0.0,84.12,0.08412,31.305,0,2,0,6,169
2025-06-18 01:00:00,31.33,0.0,109.4,0.1094,31.33,1,2,0,6,169
2025-06-18 02:00:00,27.107,0.0,237.77,0.23777,27.107,2,2,0,6,169
2025-06-18 03:00:00,29.943,0.0,88.17,0.08817,29.943,3,2,0,6,169
2025-06-18 04:00:00,36.462,0.0,84.34,0.08434,36.462,4,2,0,6,169
2025-06-18 05:00:00,29.37,0.0,83.7,0.0837,29.37,5,2,0,6,169
2025-06-18 06:00:00,40.919,0.0,95.81,0.09581,40.919,6,2,0,6,169
2025-06-18 07:00:00,42.581,9.373,82.37,0.08237,33.208,7,2,0,6,169
2025-06-18 08:00:00,63.999,22.76,96.73,0.09673,41.239,8,2,0,6,169
2025-06-18 09:00:00,63.22,30.319,85.12,0.08512,32.901,9,2,0,6,169
2025-06-18 10:00:00,63.604,40.979,110.14,0.11014,22.625,10,2,0,6,169
2025-06-18 11:00:00,59.085,33.238,96.97,0.09697,25.847,11,2,0,6,169
2025-06-18 12:00:00,60.624,36.64,70.68,0.07068,23.984,12,2,0,6,169
2025-06-18 13:00:00,63.226,31.761,52.84,0.05284,31.465,13,2,0,6,169
2025-06-18 14:00:00,63.175,31.867,73.29,0.07329,31.308,14,2,0,6,169
2025-06-18 15:00:00,61.892,34.744,69.87,0.06987,27.148,15,2,0,6,169
2025-06-18 16:00:00,63.138,31.223,99.71,0.09971,31.915,16,2,0,6,169
2025-06-18 17:00:00,63.899,19.434,102.89,0.10289,44.465,17,2,0,6,169
2025-06-18 18:00:00,66.55,8.772,109.67,0.10967,57.778,18,2,0,6,169
2025-06-18 19:00:00,38.249,0.0,110.95,0.11095,38.249,19,2,0,6,169
2025-06-18 20:00:00,39.844,0.0,119.34,0.11934,39.844,20,2,0,6,169
2025-06-18 21:00:00,36.834,0.0,121.05,0.12105,36.834,21,2,0,6,169
2025-06-18 22:00:00,40.398,0.0,111.28,0.11128,40.398,22,2,0,6,169
2025-06-18 23:00:00,30.628,0.0,90.0,0.09,30.628,23,2,0,6,169
2025-06-19 00:00:00,32.194,0.0,71.19,0.07119,32.194,0,3,0,6,170
2025-06-19 01:00:00,31.707,0.0,104.13,0.10413,31.707,1,3,0,6,170
2025-06-19 02:00:00,31.307,0.0,85.27,0.08527,31.307,2,3,0,6,170
2025-06-19 03:00:00,29.109,0.0,89.45,0.08945,29.109,3,3,0,6,170
2025-06-19 04:00:00,30.207,0.0,77.46,0.07746,30.207,4,3,0,6,170
2025-06-19 05:00:00,32.827,0.0,101.54,0.10154,32.827,5,3,0,6,170
2025-06-19 06:00:00,41.045,0.0,101.47,0.10147,41.045,6,3,0,6,170
2025-06-19 07:00:00,41.121,6.328,95.76,0.09576,34.793,7,3,0,6,170
2025-06-19 08:00:00,64.275,17.508,100.57,0.10057,46.767,8,3,0,6,170
2025-06-19 09:00:00,65.023,24.943,101.62,0.10162,40.08,9,3,0,6,170
2025-06-19 10:00:00,61.057,33.539,95.75,0.09575,27.518,10,3,0,6,170
2025-06-19 11:00:00,63.455,37.554,92.75,0.09275,25.901,11,3,0,6,170
2025-06-19 12:00:00,63.393,45.397,82.2,0.0822,17.996,12,3,0,6,170
2025-06-19 13:00:00,56.605,46.77,69.71,0.06971,9.835,13,3,0,6,170
2025-06-19 14:00:00,62.991,46.575,56.77,0.05677,16.416,14,3,0,6,170
2025-06-19 15:00:00,63.191,31.157,70.13,0.07013,32.034,15,3,0,6,170
2025-06-19 16:00:00,63.181,30.043,84.85,0.08485,33.138,16,3,0,6,170
2025-06-19 17:00:00,68.225,15.935,95.66,0.09566,52.29,17,3,0,6,170
2025-06-19 18:00:00,59.803,9.059,116.51,0.11651,50.744,18,3,0,6,170
2025-06-19 19:00:00,35.923,0.0,130.49,0.13049,35.923,19,3,0,6,170
2025-06-19 20:00:00,30.203,0.0,129.05,0.12905,30.203,20,3,0,6,170
2025-06-19 21:00:00,37.023,0.0,119.98,0.11998,37.023,21,3,0,6,170
2025-06-19 22:00:00,37.296,0.0,111.24,0.11124,37.296,22,3,0,6,170
2025-06-19 23:00:00,27.792,0.0,91.4,0.0914,27.792,23,3,0,6,170
2025-06-20 00:00:00,32.966,0.0,92.89,0.09289,32.966,0,4,0,6,171
2025-06-20 01:00:00,32.175,0.0,98.16,0.09816,32.175,1,4,0,6,171
2025-06-20 02:00:00,29.67,0.0,95.42,0.09542,29.67,2,4,0,6,171
2025-06-20 03:00:00,28.235,0.0,90.85,0.09085,28.235,3,4,0,6,171
2025-06-20 04:00:00,32.705,0.0,83.7,0.0837,32.705,4,4,0,6,171
2025-06-20 05:00:00,29.358,0.0,84.39,0.08439,29.358,5,4,0,6,171
2025-06-20 06:00:00,40.508,0.0,89.55,0.08955,40.508,6,4,0,6,171
2025-06-20 07:00:00,37.634,11.451,87.93,0.08793,26.183,7,4,0,6,171
2025-06-20 08:00:00,62.272,23.152,101.28,0.10128,39.12,8,4,0,6,171
2025-06-20 09:00:00,66.099,24.184,70.88,0.07088,41.915,9,4,0,6,171
2025-06-20 10:00:00,70.969,34.873,89.45,0.08945,36.096,10,4,0,6,171
2025-06-20 11:00:00,63.881,34.97,87.92,0.08792,28.911,11,4,0,6,171
2025-06-20 12:00:00,61.235,25.54,103.52,0.10352,35.695,12,4,0,6,171
2025-06-20 13:00:00,59.892,49.007,71.59,0.07159,10.885,13,4,0,6,171
2025-06-20 14:00:00,65.45,46.582,68.94,0.06894,18.868,14,4,0,6,171
2025-06-20 15:00:00,58.037,41.001,62.12,0.06212,17.036,15,4,0,6,171
2025-06-20 16:00:00,65.445,30.766,94.62,0.09462,34.679,16,4,0,6,171
2025-06-20 17:00:00,66.301,12.379,80.88,0.08088,53.922,17,4,0,6,171
2025-06-20 18:00:00,65.08,6.819,123.79,0.12379,58.261,18,4,0,6,171
2025-06-20 19:00:00,37.855,0.0,108.98,0.10898,37.855,19,4,0,6,171
2025-06-20 20:00:00,40.366,0.0,131.52,0.13152,40.366,20,4,0,6,171
2025-06-20 21:00:00,39.105,0.0,117.61,0.11761,39.105,21,4,0,6,171
2025-06-20 22:00:00,36.068,0.0,102.25,0.10225,36.068,22,4,0,6,171
2025-06-20 23:00:00,35.342,0.0,107.32,0.10732,35.342,23,4,0,6,171
2025-06-21 00:00:00,24.639,0.0,91.26,0.09126,24.639,0,5,1,6,172
2025-06-21 01:00:00,28.247,0.0,76.14,0.07614,28.247,1,5,1,6,172
2025-06-21 02:00:00,18.025,0.0,77.83,0.07783,18.025,2,5,1,6,172
2025-06-21 03:00:00,29.849,0.0,74.23,0.07423,29.849,3,5,1,6,172
2025-06-21 04:00:00,30.465,0.0,81.42,0.08142,30.465,4,5,1,6,172
2025-06-21 05:00:00,25.86,0.0,70.07,0.07007,25.86,5,5,1,6,172
2025-06-21 06:00:00,36.87,0.0,57.28,0.05728,36.87,6,5,1,6,172
2025-06-21 07:00:00,36.87,10.103,69.6,0.0696,26.767,7,5,1,6,172
2025-06-21 08:00:00,47.002,21.479,89.4,0.0894,25.523,8,5,1,6,172
2025-06-21 09:00:00,50.81,33.035,81.22,0.08122,17.775,9,5,1,6,172
2025-06-21 10:00:00,46.471,38.447,86.74,0.08674,8.024,10,5,1,6,172
2025-06-21 11:00:00,47.111,46.58,75.19,0.07519,0.531,11,5,1,6,172
2025-06-21 12:00:00,52.665,36.049,64.51,0.06451,16.616,12,5,1,6,172
2025-06-21 13:00:00,52.178,41.582,58.13,0.05813,10.596,13,5,1,6,172
2025-06-21 14:00:00,46.798,44.885,-14.88,-0.01488,1.913,14,5,1,6,172
2025-06-21 15:00:00,46.711,29.184,65.88,0.06588,17.527,15,5,1,6,172
2025-06-21 16:00:00,46.993,31.308,86.14,0.08614,15.685,16,5,1,6,172
2025-06-21 17:00:00,51.403,16.959,83.12,0.08312,34.444,17,5,1,6,172
2025-06-21 18:00:00,45.859,9.602,77.43,0.07743,36.257,18,5,1,6,172
2025-06-21 19:00:00,33.118,0.0,99.01,0.09901,33.118,19,5,1,6,172
2025-06-21 20:00:00,34.366,0.0,116.33,0.11633,34.366,20,5,1,6,172
2025-06-21 21:00:00,31.694,0.0,113.67,0.11367,31.694,21,5,1,6,172
2025-06-21 22:00:00,35.209,0.0,95.09,0.09509,35.209,22,5,1,6,172
2025-06-21 23:00:00,24.791,0.0,82.33,0.08233,24.791,23,5,1,6,172
2025-06-22 00:00:00,25.079,0.0,71.96,0.07196,25.079,0,6,1,6,173
2025-06-22 01:00:00,22.636,0.0,76.62,0.07662,22.636,1,6,1,6,173
2025-06-22 02:00:00,29.018,0.0,77.65,0.07765,29.018,2,6,1,6,173
2025-06-22 03:00:00,23.31,0.0,67.45,0.06745,23.31,3,6,1,6,173
2025-06-22 04:00:00,26.882,0.0,81.71,0.08171,26.882,4,6,1,6,173
2025-06-22 05:00:00,25.535,0.0,83.46,0.08346,25.535,5,6,1,6,173
2025-06-22 06:00:00,31.71,0.0,83.19,0.08319,31.71,6,6,1,6,173
2025-06-22 07:00:00,33.13,8.616,81.46,0.08146,24.514,7,6,1,6,173
2025-06-22 08:00:00,53.478,18.999,98.4,0.0984,34.479,8,6,1,6,173
2025-06-22 09:00:00,49.698,25.727,105.22,0.10522,23.971,9,6,1,6,173
2025-06-22 10:00:00,45.823,36.139,83.5,0.0835,9.684,10,6,1,6,173
2025-06-22 11:00:00,50.03,40.218,74.1,0.0741,9.812,11,6,1,6,173
2025-06-22 12:00:00,48.585,42.416,76.31,0.07631,6.169,12,6,1,6,173
2025-06-22 13:00:00,60.106,33.259,52.98,0.05298,26.847,13,6,1,6,173
2025-06-22 14:00:00,49.965,18.379,48.91,0.04891,31.586,14,6,1,6,173
2025-06-22 15:00:00,47.835,27.594,57.11,0.05711,20.241,15,6,1,6,173
2025-06-22 16:00:00,53.597,29.952,73.66,0.07366,23.645,16,6,1,6,173
2025-06-22 17:00:00,43.161,21.618,73.35,0.07335,21.543,17,6,1,6,173
2025-06-22 18:00:00,49.355,9.296,96.42,0.09642,40.059,18,6,1,6,173
2025-06-22 19:00:00,38.356,0.0,89.43,0.08943,38.356,19,6,1,6,173
2025-06-22 20:00:00,31.602,0.0,121.42,0.12142,31.602,20,6,1,6,173
2025-06-22 21:00:00,26.427,0.0,125.72,0.12572,26.427,21,6,1,6,173
2025-06-22 22:00:00,30.707,0.0,91.92,0.09192,30.707,22,6,1,6,173
2025-06-22 23:00:00,30.418,0.0,94.8,0.0948,30.418,23,6,1,6,173
2025-06-23 00:00:00,30.618,0.0,83.03,0.08303,30.618,0,0,0,6,174
2025-06-23 01:00:00,26.73,0.0,86.19,0.08619,26.73,1,0,0,6,174
2025-06-23 02:00:00,27.222,0.0,82.75,0.08275,27.222,2,0,0,6,174
2025-06-23 03:00:00,27.623,0.0,82.46,0.08246,27.623,3,0,0,6,174
2025-06-23 04:00:00,30.57,0.0,77.98,0.07798,30.57,4,0,0,6,174
2025-06-23 05:00:00,33.697,0.0,77.23,0.07723,33.697,5,0,0,6,174
2025-06-23 06:00:00,46.479,0.0,102.35,0.10235,46.479,6,0,0,6,174
2025-06-23 07:00:00,44.571,11.913,78.65,0.07865,32.658,7,0,0,6,174
2025-06-23 08:00:00,59.396,18.856,98.56,0.09856,40.54,8,0,0,6,174
2025-06-23 09:00:00,59.408,25.167,98.41,0.09841,34.241,9,0,0,6,174
2025-06-23 10:00:00,65.364,32.482,94.58,0.09458,32.882,10,0,0,6,174
2025-06-23 11:00:00,59.352,31.964,94.1,0.0941,27.388,11,0,0,6,174
2025-06-23 12:00:00,62.935,42.968,75.01,0.07501,19.967,12,0,0,6,174
2025-06-23 13:00:00,64.63,32.793,78.28,0.07828,31.837,13,0,0,6,174
2025-06-23 14:00:00,60.017,36.397,88.6,0.0886,23.62,14,0,0,6,174
2025-06-23 15:00:00,60.38,33.084,69.14,0.06914,27.296,15,0,0,6,174
2025-06-23 16:00:00,63.356,25.575,57.31,0.05731,37.781,16,0,0,6,174
2025-06-23 17:00:00,65.269,20.674,87.8,0.0878,44.595,17,0,0,6,174
2025-06-23 18:00:00,67.054,11.913,101.27,0.10127,55.141,18,0,0,6,174
2025-06-23 19:00:00,40.488,0.0,120.61,0.12061,40.488,19,0,0,6,174
2025-06-23 20:00:00,38.781,0.0,102.38,0.10238,38.781,20,0,0,6,174
2025-06-23 21:00:00,36.158,0.0,121.63,0.12163,36.158,21,0,0,6,174
2025-06-23 22:00:00,35.119,0.0,103.87,0.10387,35.119,22,0,0,6,174
2025-06-23 23:00:00,27.779,0.0,105.46,0.10546,27.779,23,0,0,6,174
2025-06-24 00:00:00,30.724,0.0,80.0,0.08,30.724,0,1,0,6,175
2025-06-24 01:00:00,30.489,0.0,93.88,0.09388,30.489,1,1,0,6,175
2025-06-24 02:00:00,22.693,0.0,70.17,0.07017,22.693,2,1,0,6,175
2025-06-24 03:00:00,26.898,0.0,85.74,0.08574,26.898,3,1,0,6,175
2025-06-24 04:00:00,33.267,0.0,76.66,0.07666,33.267,4,1,0,6,175
2025-06-24 05:00:00,29.666,0.0,83.34,0.08334,29.666,5,1,0,6,175
2025-06-24 06:00:00,38.573,0.0,118.62,0.11862,38.573,6,1,0,6,175
2025-06-24 07:00:00,50.646,11.905,86.01,0.08601,38.741,7,1,0,6,175
2025-06-24 08:00:00,63.556,14.484,95.09,0.09509,49.072,8,1,0,6,175
2025-06-24 09:00:00,64.879,23.707,87.68,0.08768,41.172,9,1,0,6,175
2025-06-24 10:00:00,64.927,19.317,92.05,0.09205,45.61,10,1,0,6,175
2025-06-24 11:00:00,62.473,31.454,86.02,0.08602,31.019,11,1,0,6,175
2025-06-24 12:00:00,61.321,25.632,71.44,0.07144,35.689,12,1,0,6,175
2025-06-24 13:00:00,70.438,41.805,87.58,0.08758,28.633,13,1,0,6,175
2025-06-24 14:00:00,66.859,38.432,80.36,0.08036,28.427,14,1,0,6,175
2025-06-24 15:00:00,66.279,19.452,61.26,0.06126,46.827,15,1,0,6,175
2025-06-24 16:00:00,65.493,32.491,176.4,0.1764,33.002,16,1,0,6,175
2025-06-24 17:00:00,60.438,20.864,84.49,0.08449,39.574,17,1,0,6,175
2025-06-24 18:00:00,67.737,11.905,91.45,0.09145,55.832,18,1,0,6,175
2025-06-24 19:00:00,35.844,0.0,109.48,0.10948,35.844,19,1,0,6,175
2025-06-24 20:00:00,39.449,0.0,109.83,0.10983,39.449,20,1,0,6,175
2025-06-24 21:00:00,33.296,0.0,127.87,0.12787,33.296,21,1,0,6,175
2025-06-24 22:00:00,32.011,0.0,99.39,0.09939,32.011,22,1,0,6,175
2025-06-24 23:00:00,30.431,0.0,110.38,0.11038,30.431,23,1,0,6,175
2025-06-25 00:00:00,26.821,0.0,86.65,0.08665,26.821,0,2,0,6,176
2025-06-25 01:00:00,23.045,0.0,81.23,0.08123,23.045,1,2,0,6,176
2025-06-25 02:00:00,31.14,0.0,80.32,0.08032,31.14,2,2,0,6,176
2025-06-25 03:00:00,36.195,0.0,103.16,0.10316,36.195,3,2,0,6,176
2025-06-25 04:00:00,33.857,0.0,86.55,0.08655,33.857,4,2,0,6,176
2025-06-25 05:00:00,28.587,0.0,83.25,0.08325,28.587,5,2,0,6,176
2025-06-25 06:00:00,43.131,0.0,100.02,0.10002,43.131,6,2,0,6,176
2025-06-25 07:00:00,45.943,8.911,101.43,0.10143,37.032,7,2,0,6,176
2025-06-25 08:00:00,67.232,18.629,89.0,0.089,48.603,8,2,0,6,176
2025-06-25 09:00:00,62.542,26.732,99.24,0.09924,35.81,9,2,0,6,176
2025-06-25 10:00:00,63.751,23.698,77.1,0.0771,40.053,10,2,0,6,176
2025-06-25 11:00:00,64.603,45.41,87.25,0.08725,19.193,11,2,0,6,176
2025-06-25 12:00:00,65.414,38.116,81.99,0.08199,27.298,12,2,0,6,176
2025-06-25 13:00:00,63.215,42.077,76.36,0.07636,21.138,13,2,0,6,176
2025-06-25 14:00:00,63.257,43.331,-25.0,-0.025,19.926,14,2,0,6,176
2025-06-25 15:00:00,68.057,25.124,63.41,0.06341,42.933,15,2,0,6,176
2025-06-25 16:00:00,67.512,29.97,80.24,0.08024,37.542,16,2,0,6,176
2025-06-25 17:00:00,65.169,23.097,101.86,0.10186,42.072,17,2,0,6,176
2025-06-25 18:00:00,69.142,6.204,104.73,0.10473,62.938,18,2,0,6,176
2025-06-25 19:00:00,37.302,0.0,111.14,0.11114,37.302,19,2,0,6,176
2025-06-25 20:00:00,43.732,0.0,132.15,0.13215,43.732,20,2,0,6,176
2025-06-25 21:00:00,40.275,0.0,119.81,0.11981,40.275,21,2,0,6,176
2025-06-25 22:00:00,49.006,0.0,110.01,0.11001,49.006,22,2,0,6,176
2025-06-25 23:00:00,25.594,0.0,105.54,0.10554,25.594,23,2,0,6,176
2025-06-26 00:00:00,27.203,0.0,84.35,0.08435,27.203,0,3,0,6,177
2025-06-26 01:00:00,30.749,0.0,75.99,0.07599,30.749,1,3,0,6,177
2025-06-26 02:00:00,30.68,0.0,83.86,0.08386,30.68,2,3,0,6,177
2025-06-26 03:00:00,35.649,0.0,96.82,0.09682,35.649,3,3,0,6,177
2025-06-26 04:00:00,27.27,0.0,105.44,0.10544,27.27,4,3,0,6,177
2025-06-26 05:00:00,32.304,0.0,76.17,0.07617,32.304,5,3,0,6,177
2025-06-26 06:00:00,46.818,0.0,107.92,0.10792,46.818,6,3,0,6,177
2025-06-26 07:00:00,45.353,7.068,91.97,0.09197,38.285,7,3,0,6,177
2025-06-26 08:00:00,60.559,23.072,99.15,0.09915,37.487,8,3,0,6,177
2025-06-26 09:00:00,68.139,16.103,116.25,0.11625,52.036,9,3,0,6,177
2025-06-26 10:00:00,67.568,11.442,91.15,0.09115,56.126,10,3,0,6,177
2025-06-26 11:00:00,65.552,32.875,84.91,0.08491,32.677,11,3,0,6,177
2025-06-26 12:00:00,64.288,42.718,72.49,0.07249,21.57,12,3,0,6,177
2025-06-26 13:00:00,64.357,49.206,72.33,0.07233,15.151,13,3,0,6,177
2025-06-26 14:00:00,63.382,26.814,72.06,0.07206,36.568,14,3,0,6,177
2025-06-26 15:00:00,65.684,38.644,63.99,0.06399,27.04,15,3,0,6,177
2025-06-26 16:00:00,63.733,25.878,92.33,0.09233,37.855,16,3,0,6,177
2025-06-26 17:00:00,60.919,22.822,81.95,0.08195,38.097,17,3,0,6,177
2025-06-26 18:00:00,60.278,11.096,108.85,0.10885,49.182,18,3,0,6,177
2025-06-26 19:00:00,36.129,0.0,117.05,0.11705,36.129,19,3,0,6,177
2025-06-26 20:00:00,39.246,0.0,134.95,0.13495,39.246,20,3,0,6,177
2025-06-26 21:00:00,38.449,0.0,110.55,0.11055,38.449,21,3,0,6,177
2025-06-26 22:00:00,39.224,0.0,114.01,0.11401,39.224,22,3,0,6,177
2025-06-26 23:00:00,31.011,0.0,121.84,0.12184,31.011,23,3,0,6,177
2025-06-27 00:00:00,27.399,0.0,70.96,0.07096,27.399,0,4,0,6,178
2025-06-27 01:00:00,34.097,0.0,76.38,0.07638,34.097,1,4,0,6,178
2025-06-27 02:00:00,28.55,0.0,106.31,0.10631,28.55,2,4,0,6,178
2025-06-27 03:00:00,28.02,0.0,84.41,0.08441,28.02,3,4,0,6,178
2025-06-27 04:00:00,30.95,0.0,87.71,0.08771,30.95,4,4,0,6,178
2025-06-27 05:00:00,23.53,0.0,85.09,0.08509,23.53,5,4,0,6,178
2025-06-27 06:00:00,40.565,0.0,108.15,0.10815,40.565,6,4,0,6,178
2025-06-27 07:00:00,46.234,10.844,79.56,0.07956,35.39,7,4,0,6,178
2025-06-27 08:00:00,58.067,11.554,111.38,0.11138,46.513,8,4,0,6,178
2025-06-27 09:00:00,67.203,22.807,84.54,0.08454,44.396,9,4,0,6,178
2025-06-27 10:00:00,68.462,30.88,79.64,0.07964,37.582,10,4,0,6,178
2025-06-27 11:00:00,62.445,35.108,76.84,0.07684,27.337,11,4,0,6,178
2025-06-27 12:00:00,64.561,24.657,77.7,0.0777,39.904,12,4,0,6,178
2025-06-27 13:00:00,67.208,46.615,64.87,0.06487,20.593,13,4,0,6,178
2025-06-27 14:00:00,62.133,37.574,61.26,0.06126,24.559,14,4,0,6,178
2025-06-27 15:00:00,66.404,26.398,61.65,0.06165,40.006,15,4,0,6,178
2025-06-27 16:00:00,61.479,26.665,68.79,0.06879,34.814,16,4,0,6,178
2025-06-27 17:00:00,62.098,18.886,80.16,0.08016,43.212,17,4,0,6,178
2025-06-27 18:00:00,61.069,6.705,106.28,0.10628,54.364,18,4,0,6,178
2025-06-27 19:00:00,39.629,0.0,110.49,0.11049,39.629,19,4,0,6,178
2025-06-27 20:00:00,42.238,0.0,95.92,0.09592,42.238,20,4,0,6,178
2025-06-27 21:00:00,37.943,0.0,118.27,0.11827,37.943,21,4,0,6,178
2025-06-27 22:00:00,34.464,0.0,115.84,0.11584,34.464,22,4,0,6,178
2025-06-27 23:00:00,25.942,0.0,94.9,0.0949,25.942,23,4,0,6,178
2025-06-28 00:00:00,27.018,0.0,65.82,0.06582,27.018,0,5,1,6,179
2025-06-28 01:00:00,31.657,0.0,85.9,0.0859,31.657,1,5,1,6,179
2025-06-28 02:00:00,27.015,0.0,64.8,0.0648,27.015,2,5,1,6,179
2025-06-28 03:00:00,24.517,0.0,75.6,0.0756,24.517,3,5,1,6,179
2025-06-28 04:00:00,28.207,0.0,79.41,0.07941,28.207,4,5,1,6,179
2025-06-28 05:00:00,24.989,0.0,92.27,0.09227,24.989,5,5,1,6,179
2025-06-28 06:00:00,33.851,0.0,90.45,0.09045,33.851,6,5,1,6,179
2025-06-28 07:00:00,31.995,9.25,91.14,0.09114,22.745,7,5,1,6,179
2025-06-28 08:00:00,53.529,20.218,101.37,0.10137,33.311,8,5,1,6,179
2025-06-28 09:00:00,40.896,32.255,80.79,0.08079,8.641,9,5,1,6,179
2025-06-28 10:00:00,51.575,23.129,104.17,0.10417,28.446,10,5,1,6,179
2025-06-28 11:00:00,47.538,43.081,50.12,0.05012,4.457,11,5,1,6,179
2025-06-28 12:00:00,47.709,48.296,86.31,0.08631,-0.587,12,5,1,6,179
2025-06-28 13:00:00,54.437,38.331,56.66,0.05666,16.106,13,5,1,6,179
2025-06-28 14:00:00,46.737,44.233,65.86,0.06586,2.504,14,5,1,6,179
2025-06-28 15:00:00,46.846,31.994,78.47,0.07847,14.852,15,5,1,6,179
2025-06-28 16:00:00,48.604,17.854,76.56,0.07656,30.75,16,5,1,6,179
2025-06-28 17:00:00,50.346,21.781,86.27,0.08627,28.565,17,5,1,6,179
2025-06-28 18:00:00,47.608,8.043,105.65,0.10565,39.565,18,5,1,6,179
2025-06-28 19:00:00,26.923,0.0,95.11,0.09511,26.923,19,5,1,6,179
2025-06-28 20:00:00,29.19,0.0,102.34,0.10234,29.19,20,5,1,6,179
2025-06-28 21:00:00,36.06,0.0,114.42,0.11442,36.06,21,5,1,6,179
2025-06-28 22:00:00,32.199,0.0,99.43,0.09943,32.199,22,5,1,6,179
2025-06-28 23:00:00,27.199,0.0,87.62,0.08762,27.199,23,5,1,6,179
2025-06-29 00:00:00,24.918,0.0,90.87,0.09087,24.918,0,6,1,6,180
2025-06-29 01:00:00,23.644,0.0,90.02,0.09002,23.644,1,6,1,6,180
2025-06-29 02:00:00,31.123,0.0,69.38,0.06938,31.123,2,6,1,6,180
2025-06-29 03:00:00,25.152,0.0,83.3,0.0833,25.152,3,6,1,6,180
2025-06-29 04:00:00,24.336,0.0,64.05,0.06405,24.336,4,6,1,6,180
2025-06-29 05:00:00,29.262,0.0,65.65,0.06565,29.262,5,6,1,6,180
2025-06-29 06:00:00,32.748,0.0,75.8,0.0758,32.748,6,6,1,6,180
2025-06-29 07:00:00,33.157,9.121,88.28,0.08828,24.036,7,6,1,6,180
2025-06-29 08:00:00,49.05,21.216,85.59,0.08559,27.834,8,6,1,6,180
2025-06-29 09:00:00,49.018,27.913,96.94,0.09694,21.105,9,6,1,6,180
2025-06-29 10:00:00,49.848,36.865,88.27,0.08827,12.983,10,6,1,6,180
2025-06-29 11:00:00,55.711,46.207,91.97,0.09197,9.504,11,6,1,6,180
2025-06-29 12:00:00,50.094,18.964,77.55,0.07755,31.13,12,6,1,6,180
2025-06-29 13:00:00,41.408,26.82,54.74,0.05474,14.588,13,6,1,6,180
2025-06-29 14:00:00,50.062,46.207,71.12,0.07112,3.855,14,6,1,6,180
2025-06-29 15:00:00,49.139,25.635,55.42,0.05542,23.504,15,6,1,6,180
2025-06-29 16:00:00,49.157,13.787,75.12,0.07512,35.37,16,6,1,6,180
2025-06-29 17:00:00,49.805,11.617,77.68,0.07768,38.188,17,6,1,6,180
2025-06-29 18:00:00,48.926,11.073,110.29,0.11029,37.853,18,6,1,6,180
2025-06-29 19:00:00,31.79,0.0,117.28,0.11728,31.79,19,6,1,6,180
2025-06-29 20:00:00,33.92,0.0,108.77,0.10877,33.92,20,6,1,6,180
2025-06-29 21:00:00,30.223,0.0,107.9,0.1079,30.223,21,6,1,6,180
2025-06-29 22:00:00,28.925,0.0,134.16,0.13416,28.925,22,6,1,6,180
2025-06-29 23:00:00,35.43,0.0,78.2,0.0782,35.43,23,6,1,6,180
2025-06-30 00:00:00,27.111,0.0,78.34,0.07834,27.111,0,0,0,6,181
2025-06-30 01:00:00,29.723,0.0,78.85,0.07885,29.723,1,0,0,6,181
2025-06-30 02:00:00,24.616,0.0,74.05,0.07405,24.616,2,0,0,6,181
2025-06-30 03:00:00,29.775,0.0,75.39,0.07539,29.775,3,0,0,6,181
2025-06-30 04:00:00,26.416,0.0,85.66,0.08566,26.416,4,0,0,6,181
2025-06-30 05:00:00,27.986,0.0,93.35,0.09335,27.986,5,0,0,6,181
2025-06-30 06:00:00,46.429,0.0,75.85,0.07585,46.429,6,0,0,6,181
2025-06-30 07:00:00,44.595,6.632,90.85,0.09085,37.963,7,0,0,6,181
2025-06-30 08:00:00,65.427,12.246,91.14,0.09114,53.181,8,0,0,6,181
2025-06-30 09:00:00,57.94,31.699,87.78,0.08778,26.241,9,0,0,6,181
2025-06-30 10:00:00,69.486,18.731,105.44,0.10544,50.755,10,0,0,6,181
2025-06-30 11:00:00,59.794,33.185,80.23,0.08023,26.609,11,0,0,6,181
2025-06-30 12:00:00,68.5,37.337,65.45,0.06545,31.163,12,0,0,6,181
2025-06-30 13:00:00,66.877,42.092,80.98,0.08098,24.785,13,0,0,6,181
2025-06-30 14:00:00,65.456,31.32,81.68,0.08168,34.136,14,0,0,6,181
2025-06-30 15:00:00,60.872,35.917,73.47,0.07347,24.955,15,0,0,6,181
2025-06-30 16:00:00,64.093,32.706,68.65,0.06865,31.387,16,0,0,6,181
2025-06-30 17:00:00,62.101,22.921,86.88,0.08688,39.18,17,0,0,6,181
2025-06-30 18:00:00,63.701,9.179,97.55,0.09755,54.522,18,0,0,6,181
2025-06-30 19:00:00,37.724,0.0,116.53,0.11653,37.724,19,0,0,6,181
2025-06-30 20:00:00,32.0,0.0,129.91,0.12991,32.0,20,0,0,6,181
2025-06-30 21:00:00,42.113,0.0,118.57,0.11857,42.113,21,0,0,6,181
2025-06-30 22:00:00,38.264,0.0,108.48,0.10848,38.264,22,0,0,6,181
2025-06-30 23:00:00,27.851,0.0,92.73,0.09273,27.851,23,0,0,6,181
2025-07-01 00:00:00,27.608,0.0,92.24,0.09224,27.608,0,1,0,7,182
2025-07-01 01:00:00,30.548,0.0,89.29,0.08929,30.548,1,1,0,7,182
2025-07-01 02:00:00,26.541,0.0,67.31,0.06731,26.541,2,1,0,7,182
2025-07-01 03:00:00,22.184,0.0,68.16,0.06816,22.184,3,1,0,7,182
2025-07-01 04:00:00,30.704,0.0,83.48,0.08348,30.704,4,1,0,7,182
2025-07-01 05:00:00,31.062,0.0,98.35,0.09835,31.062,5,1,0,7,182
2025-07-01 06:00:00,42.443,0.0,103.5,0.1035,42.443,6,1,0,7,182
2025-07-01 07:00:00,39.408,7.212,103.55,0.10355,32.196,7,1,0,7,182
2025-07-01 08:00:00,63.888,20.67,97.72,0.09772,43.218,8,1,0,7,182
2025-07-01 09:00:00,58.916,22.987,114.18,0.11418,35.929,9,1,0,7,182
2025-07-01 10:00:00,60.316,40.503,88.31,0.08831,19.813,10,1,0,7,182
2025-07-01 11:00:00,61.201,39.879,84.52,0.08452,21.322,11,1,0,7,182
2025-07-01 12:00:00,66.304,37.794,64.99,0.06499,28.51,12,1,0,7,182
2025-07-01 13:00:00,62.443,46.595,68.78,0.06878,15.848,13,1,0,7,182
2025-07-01 14:00:00,62.17,22.441,60.6,0.0606,39.729,14,1,0,7,182
2025-07-01 15:00:00,69.858,40.503,86.52,0.08652,29.355,15,1,0,7,182
2025-07-01 16:00:00,64.731,29.204,91.52,0.09152,35.527,16,1,0,7,182
2025-07-01 17:00:00,64.688,11.682,215.44,0.21544,53.006,17,1,0,7,182
2025-07-01 18:00:00,62.42,10.633,108.82,0.10882,51.787,18,1,0,7,182
2025-07-01 19:00:00,36.613,0.0,111.03,0.11103,36.613,19,1,0,7,182
2025-07-01 20:00:00,31.525,0.0,97.43,0.09743,31.525,20,1,0,7,182
2025-07-01 21:00:00,41.621,0.0,111.24,0.11124,41.621,21,1,0,7,182
2025-07-01 22:00:00,39.956,0.0,116.05,0.11605,39.956,22,1,0,7,182
2025-07-01 23:00:00,28.827,0.0,102.29,0.10229,28.827,23,1,0,7,182
2025-07-02 00:00:00,28.96,0.0,81.72,0.08172,28.96,0,2,0,7,183
2025-07-02 01:00:00,31.755,0.0,93.06,0.09306,31.755,1,2,0,7,183
2025-07-02 02:00:00,24.424,0.0,81.03,0.08103,24.424,2,2,0,7,183
2025-07-02 03:00:00,27.512,0.0,74.61,0.07461,27.512,3,2,0,7,183
2025-07-02 04:00:00,25.763,0.0,94.24,0.09424,25.763,4,2,0,7,183
2025-07-02 05:00:00,35.068,0.0,193.42,0.19342,35.068,5,2,0,7,183
2025-07-02 06:00:00,45.881,0.0,102.15,0.10215,45.881,6,2,0,7,183
2025-07-02 07:00:00,36.03,9.765,75.99,0.07599,26.265,7,2,0,7,183
2025-07-02 08:00:00,58.754,17.893,93.58,0.09358,40.861,8,2,0,7,183
2025-07-02 09:00:00,63.174,17.3,177.56,0.17756,45.874,9,2,0,7,183
2025-07-02 10:00:00,62.086,27.581,100.52,0.10052,34.505,10,2,0,7,183
2025-07-02 11:00:00,59.36,43.979,85.77,0.08577,15.381,11,2,0,7,183
2025-07-02 12:00:00,69.821,46.826,82.12,0.08212,22.995,12,2,0,7,183
2025-07-02 13:00:00,64.598,34.564,73.68,0.07368,30.034,13,2,0,7,183
2025-07-02 14:00:00,65.117,26.904,54.38,0.05438,38.213,14,2,0,7,183
2025-07-02 15:00:00,61.384,36.56,67.56,0.06756,24.824,15,2,0,7,183
2025-07-02 16:00:00,65.909,23.59,80.44,0.08044,42.319,16,2,0,7,183
2025-07-02 17:00:00,62.381,22.5,94.82,0.09482,39.881,17,2,0,7,183
2025-07-02 18:00:00,62.691,9.122,103.55,0.10355,53.569,18,2,0,7,183
2025-07-02 19:00:00,40.474,0.0,111.6,0.1116,40.474,19,2,0,7,183
2025-07-02 20:00:00,33.306,0.0,109.5,0.1095,33.306,20,2,0,7,183
2025-07-02 21:00:00,43.63,0.0,126.45,0.12645,43.63,21,2,0,7,183
2025-07-02 22:00:00,39.103,0.0,115.05,0.11505,39.103,22,2,0,7,183
2025-07-02 23:00:00,33.499,0.0,107.83,0.10783,33.499,23,2,0,7,183
2025-07-03 00:00:00,25.957,0.0,74.91,0.07491,25.957,0,3,0,7,184
2025-07-03 01:00:00,26.444,0.0,86.93,0.08693,26.444,1,3,0,7,184
2025-07-03 02:00:00,25.68,0.0,78.86,0.07886,25.68,2,3,0,7,184
2025-07-03 03:00:00,30.199,0.0,86.54,0.08654,30.199,3,3,0,7,184
2025-07-03 04:00:00,29.61,0.0,115.96,0.11596,29.61,4,3,0,7,184
2025-07-03 05:00:00,27.912,0.0,97.77,0.09777,27.912,5,3,0,7,184
2025-07-03 06:00:00,39.831,0.0,84.37,0.08437,39.831,6,3,0,7,184
2025-07-03 07:00:00,39.023,10.218,93.49,0.09349,28.805,7,3,0,7,184
2025-07-03 08:00:00,63.438,18.407,95.7,0.0957,45.031,8,3,0,7,184
2025-07-03 09:00:00,62.104,26.874,100.87,0.10087,35.23,9,3,0,7,184
2025-07-03 10:00:00,61.4,39.252,80.39,0.08039,22.148,10,3,0,7,184
2025-07-03 11:00:00,68.544,30.204,91.27,0.09127,38.34,11,3,0,7,184
2025-07-03 12:00:00,63.33,40.857,58.12,0.05812,22.473,12,3,0,7,184
2025-07-03 13:00:00,67.658,48.613,55.6,0.0556,19.045,13,3,0,7,184
2025-07-03 14:00:00,61.887,39.671,89.33,0.08933,22.216,14,3,0,7,184
2025-07-03 15:00:00,64.377,31.963,67.63,0.06763,32.414,15,3,0,7,184
2025-07-03 16:00:00,63.416,32.202,92.47,0.09247,31.214,16,3,0,7,184
2025-07-03 17:00:00,58.161,19.794,81.7,0.0817,38.367,17,3,0,7,184
2025-07-03 18:00:00,68.164,11.449,83.23,0.08323,56.715,18,3,0,7,184
2025-07-03 19:00:00,38.085,0.0,106.66,0.10666,38.085,19,3,0,7,184
2025-07-03 20:00:00,40.906,0.0,149.78,0.14978,40.906,20,3,0,7,184
2025-07-03 21:00:00,36.111,0.0,104.86,0.10486,36.111,21,3,0,7,184
2025-07-03 22:00:00,37.99,0.0,126.43,0.12643,37.99,22,3,0,7,184
2025-07-03 23:00:00,26.624,0.0,101.46,0.10146,26.624,23,3,0,7,184
2025-07-04 00:00:00,33.353,0.0,86.93,0.08693,33.353,0,4,0,7,185
2025-07-04 01:00:00,30.394,0.0,78.27,0.07827,30.394,1,4,0,7,185
2025-07-04 02:00:00,30.572,0.0,76.82,0.07682,30.572,2,4,0,7,185
2025-07-04 03:00:00,33.744,0.0,91.76,0.09176,33.744,3,4,0,7,185
2025-07-04 04:00:00,33.098,0.0,100.13,0.10013,33.098,4,4,0,7,185
2025-07-04 05:00:00,31.846,0.0,90.74,0.09074,31.846,5,4,0,7,185
2025-07-04 06:00:00,38.525,0.0,99.37,0.09937,38.525,6,4,0,7,185
2025-07-04 07:00:00,40.848,10.335,91.8,0.0918,30.513,7,4,0,7,185
2025-07-04 08:00:00,60.377,22.694,121.1,0.1211,37.683,8,4,0,7,185
2025-07-04 09:00:00,65.917,18.413,102.06,0.10206,47.504,9,4,0,7,185
2025-07-04 10:00:00,64.135,30.172,116.0,0.116,33.963,10,4,0,7,185
2025-07-04 11:00:00,59.14,38.742,78.42,0.07842,20.398,11,4,0,7,185
2025-07-04 12:00:00,62.985,34.401,78.89,0.07889,28.584,12,4,0,7,185
2025-07-04 13:00:00,58.808,36.291,83.09,0.08309,22.517,13,4,0,7,185
2025-07-04 14:00:00,63.419,45.659,70.78,0.07078,17.76,14,4,0,7,185
2025-07-04 15:00:00,58.292,37.512,76.46,0.07646,20.78,15,4,0,7,185
2025-07-04 16:00:00,65.282,30.69,68.48,0.06848,34.592,16,4,0,7,185
2025-07-04 17:00:00,64.799,20.148,85.79,0.08579,44.651,17,4,0,7,185
2025-07-04 18:00:00,69.695,10.044,95.54,0.09554,59.651,18,4,0,7,185
2025-07-04 19:00:00,41.228,0.0,116.35,0.11635,41.228,19,4,0,7,185
2025-07-04 20:00:00,37.162,0.0,121.05,0.12105,37.162,20,4,0,7,185
2025-07-04 21:00:00,41.133,0.0,113.72,0.11372,41.133,21,4,0,7,185
2025-07-04 22:00:00,34.043,0.0,115.03,0.11503,34.043,22,4,0,7,185
2025-07-04 23:00:00,26.317,0.0,87.4,0.0874,26.317,23,4,0,7,185
2025-07-05 00:00:00,26.816,0.0,57.28,0.05728,26.816,0,5,1,7,186
2025-07-05 01:00:00,18.843,0.0,73.08,0.07308,18.843,1,5,1,7,186
2025-07-05 02:00:00,25.631,0.0,100.4,0.1004,25.631,2,5,1,7,186
2025-07-05 03:00:00,22.485,0.0,148.16,0.14816,22.485,3,5,1,7,186
2025-07-05 04:00:00,26.074,0.0,71.51,0.07151,26.074,4,5,1,7,186
2025-07-05 05:00:00,22.301,0.0,86.27,0.08627,22.301,5,5,1,7,186
2025-07-05 06:00:00,36.407,0.0,83.67,0.08367,36.407,6,5,1,7,186
2025-07-05 07:00:00,35.111,10.508,92.97,0.09297,24.603,7,5,1,7,186
2025-07-05 08:00:00,53.479,16.916,101.22,0.10122,36.563,8,5,1,7,186
2025-07-05 09:00:00,49.02,32.284,94.65,0.09465,16.736,9,5,1,7,186
2025-07-05 10:00:00,46.539,31.061,89.92,0.08992,15.478,10,5,1,7,186
2025-07-05 11:00:00,48.208,40.1,95.98,0.09598,8.108,11,5,1,7,186
2025-07-05 12:00:00,44.697,48.33,77.77,0.07777,-3.633,12,5,1,7,186
2025-07-05 13:00:00,50.298,30.254,67.36,0.06736,20.044,13,5,1,7,186
2025-07-05 14:00:00,50.886,45.522,62.82,0.06282,5.364,14,5,1,7,186
2025-07-05 15:00:00,56.9,36.779,58.67,0.05867,20.121,15,5,1,7,186
2025-07-05 16:00:00,47.008,30.429,58.84,0.05884,16.579,16,5,1,7,186
2025-07-05 17:00:00,48.141,22.625,89.59,0.08959,25.516,17,5,1,7,186
2025-07-05 18:00:00,47.156,11.651,110.1,0.1101,35.505,18,5,1,7,186
2025-07-05 19:00:00,32.628,0.0,114.53,0.11453,32.628,19,5,1,7,186
2025-07-05 20:00:00,33.171,0.0,121.64,0.12164,33.171,20,5,1,7,186
2025-07-05 21:00:00,31.778,0.0,103.18,0.10318,31.778,21,5,1,7,186
2025-07-05 22:00:00,35.425,0.0,95.79,0.09579,35.425,22,5,1,7,186
2025-07-05 23:00:00,23.775,0.0,78.27,0.07827,23.775,23,5,1,7,186
2025-07-06 00:00:00,28.905,0.0,76.32,0.07632,28.905,0,6,1,7,187
2025-07-06 01:00:00,27.472,0.0,88.66,0.08866,27.472,1,6,1,7,187
2025-07-06 02:00:00,25.711,0.0,71.93,0.07193,25.711,2,6,1,7,187
2025-07-06 03:00:00,24.741,0.0,78.45,0.07845,24.741,3,6,1,7,187
2025-07-06 04:00:00,33.514,0.0,87.04,0.08704,33.514,4,6,1,7,187
2025-07-06 05:00:00,23.135,0.0,93.94,0.09394,23.135,5,6,1,7,187
2025-07-06 06:00:00,36.001,0.0,68.58,0.06858,36.001,6,6,1,7,187
2025-07-06 07:00:00,32.647,8.935,84.37,0.08437,23.712,7,6,1,7,187
2025-07-06 08:00:00,54.71,20.095,85.06,0.08506,34.615,8,6,1,7,187
2025-07-06 09:00:00,51.834,20.368,83.99,0.08399,31.466,9,6,1,7,187
2025-07-06 10:00:00,46.825,34.458,84.92,0.08492,12.367,10,6,1,7,187
2025-07-06 11:00:00,50.636,38.609,61.68,0.06168,12.027,11,6,1,7,187
2025-07-06 12:00:00,49.821,38.417,68.74,0.06874,11.404,12,6,1,7,187
2025-07-06 13:00:00,47.343,23.112,65.8,0.0658,24.231,13,6,1,7,187
2025-07-06 14:00:00,51.422,45.375,52.01,0.05201,6.047,14,6,1,7,187
2025-07-06 15:00:00,50.242,29.124,59.54,0.05954,21.118,15,6,1,7,187
2025-07-06 16:00:00,49.686,28.299,71.53,0.07153,21.387,16,6,1,7,187
2025-07-06 17:00:00,48.862,20.521,84.12,0.08412,28.341,17,6,1,7,187
2025-07-06 18:00:00,50.375,11.514,81.03,0.08103,38.861,18,6,1,7,187
2025-07-06 19:00:00,32.682,0.0,117.29,0.11729,32.682,19,6,1,7,187
2025-07-06 20:00:00,32.137,0.0,123.26,0.12326,32.137,20,6,1,7,187
2025-07-06 21:00:00,29.897,0.0,104.66,0.10466,29.897,21,6,1,7,187
2025-07-06 22:00:00,37.368,0.0,118.57,0.11857,37.368,22,6,1,7,187
2025-07-06 23:00:00,22.388,0.0,95.69,0.09569,22.388,23,6,1,7,187
2025-07-07 00:00:00,30.763,0.0,88.96,0.08896,30.763,0,0,0,7,188
2025-07-07 01:00:00,28.37,0.0,92.69,0.09269,28.37,1,0,0,7,188
2025-07-07 02:00:00,35.025,0.0,75.61,0.07561,35.025,2,0,0,7,188
2025-07-07 03:00:00,26.504,0.0,82.7,0.0827,26.504,3,0,0,7,188
2025-07-07 04:00:00,27.042,0.0,93.22,0.09322,27.042,4,0,0,7,188
2025-07-07 05:00:00,26.291,0.0,80.91,0.08091,26.291,5,0,0,7,188
2025-07-07 06:00:00,44.104,0.0,88.56,0.08856,44.104,6,0,0,7,188
2025-07-07 07:00:00,38.675,9.217,102.18,0.10218,29.458,7,0,0,7,188
2025-07-07 08:00:00,62.048,15.705,102.58,0.10258,46.343,8,0,0,7,188
2025-07-07 09:00:00,56.692,31.427,100.0,0.1,25.265,9,0,0,7,188
2025-07-07 10:00:00,64.349,21.295,96.41,0.09641,43.054,10,0,0,7,188
2025-07-07 11:00:00,61.979,38.486,86.44,0.08644,23.493,11,0,0,7,188
2025-07-07 12:00:00,58.818,48.009,87.98,0.08798,10.809,12,0,0,7,188
2025-07-07 13:00:00,67.053,26.03,93.39,0.09339,41.023,13,0,0,7,188
2025-07-07 14:00:00,59.395,42.992,6.15,0.00615,16.403,14,0,0,7,188
2025-07-07 15:00:00,66.13,29.753,84.22,0.08422,36.377,15,0,0,7,188
2025-07-07 16:00:00,61.336,16.382,74.0,0.074,44.954,16,0,0,7,188
2025-07-07 17:00:00,68.705,22.475,83.14,0.08314,46.23,17,0,0,7,188
2025-07-07 18:00:00,65.978,10.439,96.52,0.09652,55.539,18,0,0,7,188
2025-07-07 19:00:00,35.285,0.0,108.14,0.10814,35.285,19,0,0,7,188
2025-07-07 20:00:00,35.576,0.0,120.12,0.12012,35.576,20,0,0,7,188
2025-07-07 21:00:00,40.448,0.0,127.98,0.12798,40.448,21,0,0,7,188
2025-07-07 22:00:00,37.671,0.0,118.85,0.11885,37.671,22,0,0,7,188
2025-07-07 23:00:00,28.853,0.0,93.07,0.09307,28.853,23,0,0,7,188
2025-07-08 00:00:00,33.465,0.0,82.64,0.08264,33.465,0,1,0,7,189
2025-07-08 01:00:00,26.998,0.0,85.87,0.08587,26.998,1,1,0,7,189
2025-07-08 02:00:00,29.686,0.0,88.32,0.08832,29.686,2,1,0,7,189
2025-07-08 03:00:00,32.449,0.0,92.13,0.09213,32.449,3,1,0,7,189
2025-07-08 04:00:00,31.983,0.0,83.09,0.08309,31.983,4,1,0,7,189
2025-07-08 05:00:00,28.884,0.0,86.92,0.08692,28.884,5,1,0,7,189
2025-07-08 06:00:00,42.143,0.0,105.66,0.10566,42.143,6,1,0,7,189
2025-07-08 07:00:00,37.503,5.655,93.42,0.09342,31.848,7,1,0,7,189
2025-07-08 08:00:00,60.197,7.956,93.77,0.09377,52.241,8,1,0,7,189
2025-07-08 09:00:00,64.596,19.253,98.96,0.09896,45.343,9,1,0,7,189
2025-07-08 10:00:00,63.136,20.42,96.6,0.0966,42.716,10,1,0,7,189
2025-07-08 11:00:00,63.817,33.114,72.81,0.07281,30.703,11,1,0,7,189
2025-07-08 12:00:00,66.903,45.184,75.04,0.07504,21.719,12,1,0,7,189
2025-07-08 13:00:00,59.778,41.34,76.72,0.07672,18.438,13,1,0,7,189
2025-07-08 14:00:00,62.821,37.307,89.55,0.08955,25.514,14,1,0,7,189
2025-07-08 15:00:00,64.181,32.386,66.14,0.06614,31.795,15,1,0,7,189
2025-07-08 16:00:00,61.324,31.952,86.05,0.08605,29.372,16,1,0,7,189
2025-07-08 17:00:00,68.158,19.955,91.78,0.09178,48.203,17,1,0,7,189
2025-07-08 18:00:00,66.485,10.434,116.04,0.11604,56.051,18,1,0,7,189
2025-07-08 19:00:00,39.438,0.0,111.17,0.11117,39.438,19,1,0,7,189
2025-07-08 20:00:00,44.251,0.0,134.11,0.13411,44.251,20,1,0,7,189
2025-07-08 21:00:00,33.713,0.0,133.17,0.13317,33.713,21,1,0,7,189
2025-07-08 22:00:00,38.485,0.0,123.3,0.1233,38.485,22,1,0,7,189
2025-07-08 23:00:00,30.567,0.0,112.47,0.11247,30.567,23,1,0,7,189
2025-07-09 00:00:00,26.467,0.0,87.81,0.08781,26.467,0,2,0,7,190
2025-07-09 01:00:00,30.356,0.0,91.77,0.09177,30.356,1,2,0,7,190
2025-07-09 02:00:00,25.853,0.0,81.81,0.08181,25.853,2,2,0,7,190
2025-07-09 03:00:00,31.604,0.0,64.06,0.06406,31.604,3,2,0,7,190
2025-07-09 04:00:00,32.779,0.0,89.67,0.08967,32.779,4,2,0,7,190
2025-07-09 05:00:00,30.265,0.0,87.34,0.08734,30.265,5,2,0,7,190
2025-07-09 06:00:00,37.137,0.0,101.78,0.10178,37.137,6,2,0,7,190
2025-07-09 07:00:00,39.973,5.995,104.85,0.10485,33.978,7,2,0,7,190
2025-07-09 08:00:00,65.382,13.196,88.92,0.08892,52.186,8,2,0,7,190
2025-07-09 09:00:00,63.643,20.024,123.24,0.12324,43.619,9,2,0,7,190
2025-07-09 10:00:00,54.954,34.347,99.72,0.09972,20.607,10,2,0,7,190
2025-07-09 11:00:00,67.552,36.531,75.4,0.0754,31.021,11,2,0,7,190
2025-07-09 12:00:00,64.012,45.8,68.07,0.06807,18.212,12,2,0,7,190
2025-07-09 13:00:00,60.954,42.727,50.77,0.05077,18.227,13,2,0,7,190
2025-07-09 14:00:00,66.759,26.354,77.17,0.07717,40.405,14,2,0,7,190
2025-07-09 15:00:00,61.407,34.043,66.19,0.06619,27.364,15,2,0,7,190
2025-07-09 16:00:00,61.372,30.739,70.02,0.07002,30.633,16,2,0,7,190
2025-07-09 17:00:00,64.722,12.1,83.58,0.08358,52.622,17,2,0,7,190
2025-07-09 18:00:00,69.274,5.435,101.46,0.10146,63.839,18,2,0,7,190
2025-07-09 19:00:00,43.704,0.0,123.14,0.12314,43.704,19,2,0,7,190
2025-07-09 20:00:00,39.66,0.0,106.67,0.10667,39.66,20,2,0,7,190
2025-07-09 21:00:00,39.988,0.0,108.48,0.10848,39.988,21,2,0,7,190
2025-07-09 22:00:00,41.042,0.0,113.53,0.11353,41.042,22,2,0,7,190
2025-07-09 23:00:00,25.371,0.0,92.28,0.09228,25.371,23,2,0,7,190
2025-07-10 00:00:00,31.455,0.0,91.75,0.09175,31.455,0,3,0,7,191
2025-07-10 01:00:00,27.044,0.0,80.97,0.08097,27.044,1,3,0,7,191
2025-07-10 02:00:00,30.413,0.0,101.77,0.10177,30.413,2,3,0,7,191
2025-07-10 03:00:00,28.665,0.0,88.4,0.0884,28.665,3,3,0,7,191
2025-07-10 04:00:00,30.997,0.0,99.39,0.09939,30.997,4,3,0,7,191
2025-07-10 05:00:00,29.771,0.0,94.15,0.09415,29.771,5,3,0,7,191
2025-07-10 06:00:00,33.232,0.0,97.95,0.09795,33.232,6,3,0,7,191
2025-07-10 07:00:00,43.638,10.592,88.73,0.08873,33.046,7,3,0,7,191
2025-07-10 08:00:00,65.628,14.775,111.24,0.11124,50.853,8,3,0,7,191
2025-07-10 09:00:00,65.0,21.569,102.03,0.10203,43.431,9,3,0,7,191
2025-07-10 10:00:00,63.245,34.058,86.33,0.08633,29.187,10,3,0,7,191
2025-07-10 11:00:00,68.828,39.515,67.17,0.06717,29.313,11,3,0,7,191
2025-07-10 12:00:00,64.57,32.113,80.93,0.08093,32.457,12,3,0,7,191
2025-07-10 13:00:00,64.974,36.692,87.65,0.08765,28.282,13,3,0,7,191
2025-07-10 14:00:00,66.916,44.696,60.49,0.06049,22.22,14,3,0,7,191
2025-07-10 15:00:00,64.734,23.547,62.07,0.06207,41.187,15,3,0,7,191
2025-07-10 16:00:00,60.7,31.699,75.29,0.07529,29.001,16,3,0,7,191
2025-07-10 17:00:00,55.771,21.49,101.06,0.10106,34.281,17,3,0,7,191
2025-07-10 18:00:00,62.047,9.291,86.12,0.08612,52.756,18,3,0,7,191
2025-07-10 19:00:00,40.943,0.0,110.9,0.1109,40.943,19,3,0,7,191
2025-07-10 20:00:00,37.378,0.0,276.65,0.27665,37.378,20,3,0,7,191
2025-07-10 21:00:00,41.072,0.0,124.83,0.12483,41.072,21,3,0,7,191
2025-07-10 22:00:00,38.984,0.0,107.48,0.10748,38.984,22,3,0,7,191
2025-07-10 23:00:00,33.515,0.0,94.78,0.09478,33.515,23,3,0,7,191
2025-07-11 00:00:00,28.448,0.0,84.15,0.08415,28.448,0,4,0,7,192
2025-07-11 01:00:00,30.889,0.0,93.82,0.09382,30.889,1,4,0,7,192
2025-07-11 02:00:00,31.012,0.0,97.26,0.09726,31.012,2,4,0,7,192
2025-07-11 03:00:00,34.198,0.0,96.58,0.09658,34.198,3,4,0,7,192
2025-07-11 04:00:00,23.932,0.0,92.91,0.09291,23.932,4,4,0,7,192
2025-07-11 05:00:00,27.926,0.0,102.83,0.10283,27.926,5,4,0,7,192
2025-07-11 06:00:00,45.78,0.0,82.88,0.08288,45.78,6,4,0,7,192
2025-07-11 07:00:00,48.012,11.391,100.15,0.10015,36.621,7,4,0,7,192
2025-07-11 08:00:00,64.341,21.137,123.07,0.12307,43.204,8,4,0,7,192
2025-07-11 09:00:00,62.636,28.487,81.52,0.08152,34.149,9,4,0,7,192
2025-07-11 10:00:00,65.995,15.958,90.55,0.09055,50.037,10,4,0,7,192
2025-07-11 11:00:00,66.352,35.46,77.93,0.07793,30.892,11,4,0,7,192
2025-07-11 12:00:00,62.421,31.193,82.44,0.08244,31.228,12,4,0,7,192
2025-07-11 13:00:00,64.629,44.207,86.97,0.08697,20.422,13,4,0,7,192
2025-07-11 14:00:00,67.35,35.395,74.95,0.07495,31.955,14,4,0,7,192
2025-07-11 15:00:00,69.622,33.68,69.33,0.06933,35.942,15,4,0,7,192
2025-07-11 16:00:00,65.949,28.646,83.93,0.08393,37.303,16,4,0,7,192
2025-07-11 17:00:00,63.714,14.944,87.17,0.08717,48.77,17,4,0,7,192
2025-07-11 18:00:00,63.399,10.622,106.45,0.10645,52.777,18,4,0,7,192
2025-07-11 19:00:00,40.291,0.0,123.61,0.12361,40.291,19,4,0,7,192
2025-07-11 20:00:00,38.137,0.0,140.68,0.14068,38.137,20,4,0,7,192
2025-07-11 21:00:00,39.114,0.0,123.72,0.12372,39.114,21,4,0,7,192
2025-07-11 22:00:00,35.122,0.0,111.1,0.1111,35.122,22,4,0,7,192
2025-07-11 23:00:00,33.544,0.0,118.62,0.11862,33.544,23,4,0,7,192
2025-07-12 00:00:00,22.099,0.0,59.41,0.05941,22.099,0,5,1,7,193
2025-07-12 01:00:00,24.364,0.0,78.07,0.07807,24.364,1,5,1,7,193
2025-07-12 02:00:00,26.059,0.0,71.65,0.07165,26.059,2,5,1,7,193
2025-07-12 03:00:00,32.118,0.0,76.97,0.07697,32.118,3,5,1,7,193
2025-07-12 04:00:00,24.395,0.0,86.21,0.08621,24.395,4,5,1,7,193
2025-07-12 05:00:00,23.616,0.0,91.82,0.09182,23.616,5,5,1,7,193
2025-07-12 06:00:00,33.281,0.0,80.0,0.08,33.281,6,5,1,7,193
2025-07-12 07:00:00,40.352,8.037,95.98,0.09598,32.315,7,5,1,7,193
2025-07-12 08:00:00,39.989,16.623,83.63,0.08363,23.366,8,5,1,7,193
2025-07-12 09:00:00,45.78,28.245,80.1,0.0801,17.535,9,5,1,7,193
2025-07-12 10:00:00,57.729,38.996,89.61,0.08961,18.733,10,5,1,7,193
2025-07-12 11:00:00,50.88,39.006,79.12,0.07912,11.874,11,5,1,7,193
2025-07-12 12:00:00,45.45,23.056,87.48,0.08748,22.394,12,5,1,7,193
2025-07-12 13:00:00,48.855,43.198,86.89,0.08689,5.657,13,5,1,7,193
2025-07-12 14:00:00,49.205,21.487,56.51,0.05651,27.718,14,5,1,7,193
2025-07-12 15:00:00,51.696,18.595,46.4,0.0464,33.101,15,5,1,7,193
2025-07-12 16:00:00,54.875,12.71,57.82,0.05782,42.165,16,5,1,7,193
2025-07-12 17:00:00,50.232,20.917,74.72,0.07472,29.315,17,5,1,7,193
2025-07-12 18:00:00,47.261,10.493,99.6,0.0996,36.768,18,5,1,7,193
2025-07-12 19:00:00,34.464,0.0,107.83,0.10783,34.464,19,5,1,7,193
2025-07-12 20:00:00,29.711,0.0,103.59,0.10359,29.711,20,5,1,7,193
2025-07-12 21:00:00,28.638,0.0,130.1,0.1301,28.638,21,5,1,7,193
2025-07-12 22:00:00,26.313,0.0,208.38,0.20838,26.313,22,5,1,7,193
2025-07-12 23:00:00,20.739,0.0,108.88,0.10888,20.739,23,5,1,7,193
2025-07-13 00:00:00,22.878,0.0,60.97,0.06097,22.878,0,6,1,7,194
2025-07-13 01:00:00,21.978,0.0,91.73,0.09173,21.978,1,6,1,7,194
2025-07-13 02:00:00,26.749,0.0,77.59,0.07759,26.749,2,6,1,7,194
2025-07-13 03:00:00,21.909,0.0,75.45,0.07545,21.909,3,6,1,7,194
2025-07-13 04:00:00,15.687,0.0,80.43,0.08043,15.687,4,6,1,7,194
2025-07-13 05:00:00,22.407,0.0,75.03,0.07503,22.407,5,6,1,7,194
2025-07-13 06:00:00,33.534,0.0,83.79,0.08379,33.534,6,6,1,7,194
2025-07-13 07:00:00,33.106,7.671,98.77,0.09877,25.435,7,6,1,7,194
2025-07-13 08:00:00,53.851,13.844,72.99,0.07299,40.007,8,6,1,7,194
2025-07-13 09:00:00,47.025,28.313,107.9,0.1079,18.712,9,6,1,7,194
2025-07-13 10:00:00,51.807,31.651,92.84,0.09284,20.156,10,6,1,7,194
2025-07-13 11:00:00,48.928,39.239,80.22,0.08022,9.689,11,6,1,7,194
2025-07-13 12:00:00,48.853,38.26,81.94,0.08194,10.593,12,6,1,7,194
2025-07-13 13:00:00,46.315,37.77,69.26,0.06926,8.545,13,6,1,7,194
2025-07-13 14:00:00,48.8,40.009,57.81,0.05781,8.791,14,6,1,7,194
2025-07-13 15:00:00,46.54,30.189,56.8,0.0568,16.351,15,6,1,7,194
2025-07-13 16:00:00,49.533,12.788,86.5,0.0865,36.745,16,6,1,7,194
2025-07-13 17:00:00,48.232,20.158,68.31,0.06831,28.074,17,6,1,7,194
2025-07-13 18:00:00,45.966,3.735,95.57,0.09557,42.231,18,6,1,7,194
2025-07-13 19:00:00,35.119,0.0,96.35,0.09635,35.119,19,6,1,7,194
2025-07-13 20:00:00,33.311,0.0,121.07,0.12107,33.311,20,6,1,7,194
2025-07-13 21:00:00,30.511,0.0,111.29,0.11129,30.511,21,6,1,7,194
2025-07-13 22:00:00,32.41,0.0,89.46,0.08946,32.41,22,6,1,7,194
2025-07-13 23:00:00,25.479,0.0,82.61,0.08261,25.479,23,6,1,7,194
2025-07-14 00:00:00,26.617,0.0,86.44,0.08644,26.617,0,0,0,7,195
2025-07-14 01:00:00,29.618,0.0,88.86,0.08886,29.618,1,0,0,7,195
2025-07-14 02:00:00,27.406,0.0,66.72,0.06672,27.406,2,0,0,7,195
2025-07-14 03:00:00,26.369,0.0,79.32,0.07932,26.369,3,0,0,7,195
2025-07-14 04:00:00,24.2,0.0,88.8,0.0888,24.2,4,0,0,7,195
2025-07-14 05:00:00,28.245,0.0,101.14,0.10114,28.245,5,0,0,7,195
2025-07-14 06:00:00,44.879,0.0,100.63,0.10063,44.879,6,0,0,7,195
2025-07-14 07:00:00,40.841,10.735,91.77,0.09177,30.106,7,0,0,7,195
2025-07-14 08:00:00,71.638,6.711,109.62,0.10962,64.927,8,0,0,7,195
2025-07-14 09:00:00,66.406,28.158,96.78,0.09678,38.248,9,0,0,7,195
2025-07-14 10:00:00,67.745,22.926,64.71,0.06471,44.819,10,0,0,7,195
2025-07-14 11:00:00,66.116,35.145,102.74,0.10274,30.971,11,0,0,7,195
2025-07-14 12:00:00,69.501,46.306,84.17,0.08417,23.195,12,0,0,7,195
2025-07-14 13:00:00,61.053,46.586,74.51,0.07451,14.467,13,0,0,7,195
2025-07-14 14:00:00,55.377,36.666,69.7,0.0697,18.711,14,0,0,7,195
2025-07-14 15:00:00,62.144,38.441,74.57,0.07457,23.703,15,0,0,7,195
2025-07-14 16:00:00,65.358,27.368,78.59,0.07859,37.99,16,0,0,7,195
2025-07-14 17:00:00,64.056,19.109,87.22,0.08722,44.947,17,0,0,7,195
2025-07-14 18:00:00,64.453,11.231,98.02,0.09802,53.222,18,0,0,7,195
2025-07-14 19:00:00,42.734,0.0,118.24,0.11824,42.734,19,0,0,7,195
2025-07-14 20:00:00,39.73,0.0,114.39,0.11439,39.73,20,0,0,7,195
2025-07-14 21:00:00,41.064,0.0,107.84,0.10784,41.064,21,0,0,7,195
2025-07-14 22:00:00,35.501,0.0,111.67,0.11167,35.501,22,0,0,7,195
2025-07-14 23:00:00,25.888,0.0,108.11,0.10811,25.888,23,0,0,7,195
2025-07-15 00:00:00,34.558,0.0,78.04,0.07804,34.558,0,1,0,7,196
2025-07-15 01:00:00,29.716,0.0,79.8,0.0798,29.716,1,1,0,7,196
2025-07-15 02:00:00,27.399,0.0,69.14,0.06914,27.399,2,1,0,7,196
2025-07-15 03:00:00,27.405,0.0,73.22,0.07322,27.405,3,1,0,7,196
2025-07-15 04:00:00,27.316,0.0,74.42,0.07442,27.316,4,1,0,7,196
2025-07-15 05:00:00,27.124,0.0,98.79,0.09879,27.124,5,1,0,7,196
2025-07-15 06:00:00,38.958,0.0,74.88,0.07488,38.958,6,1,0,7,196
2025-07-15 07:00:00,38.263,10.645,100.92,0.10092,27.618,7,1,0,7,196
2025-07-15 08:00:00,62.948,17.405,96.98,0.09698,45.543,8,1,0,7,196
2025-07-15 09:00:00,61.675,18.892,105.99,0.10599,42.783,9,1,0,7,196
2025-07-15 10:00:00,67.115,32.716,107.6,0.1076,34.399,10,1,0,7,196
2025-07-15 11:00:00,64.51,43.653,88.04,0.08804,20.857,11,1,0,7,196
2025-07-15 12:00:00,64.421,44.916,90.94,0.09094,19.505,12,1,0,7,196
2025-07-15 13:00:00,61.194,33.56,88.14,0.08814,27.634,13,1,0,7,196
2025-07-15 14:00:00,63.185,39.691,83.09,0.08309,23.494,14,1,0,7,196
2025-07-15 15:00:00,64.727,28.437,64.83,0.06483,36.29,15,1,0,7,196
2025-07-15 16:00:00,65.864,26.569,-13.37,-0.01337,39.295,16,1,0,7,196
2025-07-15 17:00:00,63.271,11.917,88.86,0.08886,51.354,17,1,0,7,196
2025-07-15 18:00:00,67.025,4.298,106.34,0.10634,62.727,18,1,0,7,196
2025-07-15 19:00:00,38.533,0.0,97.94,0.09794,38.533,19,1,0,7,196
2025-07-15 20:00:00,41.044,0.0,123.82,0.12382,41.044,20,1,0,7,196
2025-07-15 21:00:00,36.94,0.0,93.55,0.09355,36.94,21,1,0,7,196
2025-07-15 22:00:00,32.707,0.0,124.43,0.12443,32.707,22,1,0,7,196
2025-07-15 23:00:00,30.252,0.0,103.09,0.10309,30.252,23,1,0,7,196
2025-07-16 00:00:00,31.714,0.0,77.82,0.07782,31.714,0,2,0,7,197
2025-07-16 01:00:00,31.234,0.0,87.29,0.08729,31.234,1,2,0,7,197
2025-07-16 02:00:00,30.744,0.0,88.6,0.0886,30.744,2,2,0,7,197
2025-07-16 03:00:00,28.278,0.0,91.22,0.09122,28.278,3,2,0,7,197
2025-07-16 04:00:00,26.812,0.0,87.9,0.0879,26.812,4,2,0,7,197
2025-07-16 05:00:00,31.159,0.0,98.5,0.0985,31.159,5,2,0,7,197
2025-07-16 06:00:00,44.43,0.0,79.57,0.07957,44.43,6,2,0,7,197
2025-07-16 07:00:00,41.27,8.178,189.59,0.18959,33.092,7,2,0,7,197
2025-07-16 08:00:00,67.123,4.983,117.5,0.1175,62.14,8,2,0,7,197
2025-07-16 09:00:00,60.748,28.579,96.43,0.09643,32.169,9,2,0,7,197
2025-07-16 10:00:00,61.706,26.006,98.35,0.09835,35.7,10,2,0,7,197
2025-07-16 11:00:00,68.809,31.456,78.39,0.07839,37.353,11,2,0,7,197
2025-07-16 12:00:00,66.352,29.867,101.18,0.10118,36.485,12,2,0,7,197
2025-07-16 13:00:00,62.427,46.098,75.5,0.0755,16.329,13,2,0,7,197
2025-07-16 14:00:00,64.492,37.382,57.04,0.05704,27.11,14,2,0,7,197
2025-07-16 15:00:00,64.068,34.562,82.46,0.08246,29.506,15,2,0,7,197
2025-07-16 16:00:00,54.787,26.277,67.79,0.06779,28.51,16,2,0,7,197
2025-07-16 17:00:00,60.672,13.945,96.95,0.09695,46.727,17,2,0,7,197
2025-07-16 18:00:00,63.41,8.941,114.86,0.11486,54.469,18,2,0,7,197
2025-07-16 19:00:00,37.367,0.0,137.75,0.13775,37.367,19,2,0,7,197
2025-07-16 20:00:00,39.299,0.0,125.45,0.12545,39.299,20,2,0,7,197
2025-07-16 21:00:00,42.122,0.0,119.77,0.11977,42.122,21,2,0,7,197
2025-07-16 22:00:00,37.479,0.0,88.71,0.08871,37.479,22,2,0,7,197
2025-07-16 23:00:00,26.009,0.0,93.75,0.09375,26.009,23,2,0,7,197
2025-07-17 00:00:00,30.433,0.0,78.86,0.07886,30.433,0,3,0,7,198
2025-07-17 01:00:00,28.348,0.0,84.21,0.08421,28.348,1,3,0,7,198
2025-07-17 02:00:00,28.894,0.0,80.9,0.0809,28.894,2,3,0,7,198
2025-07-17 03:00:00,28.46,0.0,94.25,0.09425,28.46,3,3,0,7,198
2025-07-17 04:00:00,36.567,0.0,81.61,0.08161,36.567,4,3,0,7,198
2025-07-17 05:00:00,22.223,0.0,93.8,0.0938,22.223,5,3,0,7,198
2025-07-17 06:00:00,41.823,0.0,91.09,0.09109,41.823,6,3,0,7,198
2025-07-17 07:00:00,43.054,11.051,90.1,0.0901,32.003,7,3,0,7,198
2025-07-17 08:00:00,61.075,9.848,92.5,0.0925,51.227,8,3,0,7,198
2025-07-17 09:00:00,66.454,15.219,102.27,0.10227,51.235,9,3,0,7,198
2025-07-17 10:00:00,66.177,23.155,109.65,0.10965,43.022,10,3,0,7,198
2025-07-17 11:00:00,63.421,43.177,81.04,0.08104,20.244,11,3,0,7,198
2025-07-17 12:00:00,62.708,32.493,80.08,0.08008,30.215,12,3,0,7,198
2025-07-17 13:00:00,63.216,37.915,77.48,0.07748,25.301,13,3,0,7,198
2025-07-17 14:00:00,63.239,36.531,69.43,0.06943,26.708,14,3,0,7,198
2025-07-17 15:00:00,63.323,28.772,53.95,0.05395,34.551,15,3,0,7,198
2025-07-17 16:00:00,62.973,17.103,83.31,0.08331,45.87,16,3,0,7,198
2025-07-17 17:00:00,64.382,9.931,75.05,0.07505,54.451,17,3,0,7,198
2025-07-17 18:00:00,65.985,10.652,89.64,0.08964,55.333,18,3,0,7,198
2025-07-17 19:00:00,34.572,0.0,104.43,0.10443,34.572,19,3,0,7,198
2025-07-17 20:00:00,35.146,0.0,121.59,0.12159,35.146,20,3,0,7,198
2025-07-17 21:00:00,32.913,0.0,109.64,0.10964,32.913,21,3,0,7,198
2025-07-17 22:00:00,41.281,0.0,94.62,0.09462,41.281,22,3,0,7,198
2025-07-17 23:00:00,30.195,0.0,102.12,0.10212,30.195,23,3,0,7,198
2025-07-18 00:00:00,31.011,0.0,85.73,0.08573,31.011,0,4,0,7,199
2025-07-18 01:00:00,24.82,0.0,93.59,0.09359,24.82,1,4,0,7,199
2025-07-18 02:00:00,35.106,0.0,78.8,0.0788,35.106,2,4,0,7,199
2025-07-18 03:00:00,27.446,0.0,85.75,0.08575,27.446,3,4,0,7,199
2025-07-18 04:00:00,29.932,0.0,95.21,0.09521,29.932,4,4,0,7,199
2025-07-18 05:00:00,32.128,0.0,75.91,0.07591,32.128,5,4,0,7,199
2025-07-18 06:00:00,39.908,0.0,85.62,0.08562,39.908,6,4,0,7,199
2025-07-18 07:00:00,41.319,8.294,106.25,0.10625,33.025,7,4,0,7,199
2025-07-18 08:00:00,64.149,17.14,99.83,0.09983,47.009,8,4,0,7,199
2025-07-18 09:00:00,72.72,25.415,98.44,0.09844,47.305,9,4,0,7,199
2025-07-18 10:00:00,64.54,32.514,95.55,0.09555,32.026,10,4,0,7,199
2025-07-18 11:00:00,68.716,30.123,100.57,0.10057,38.593,11,4,0,7,199
2025-07-18 12:00:00,67.434,39.95,79.36,0.07936,27.484,12,4,0,7,199
2025-07-18 13:00:00,64.754,29.179,73.1,0.0731,35.575,13,4,0,7,199
2025-07-18 14:00:00,60.411,42.928,69.46,0.06946,17.483,14,4,0,7,199
2025-07-18 15:00:00,66.967,14.57,55.39,0.05539,52.397,15,4,0,7,199
2025-07-18 16:00:00,58.782,20.614,83.55,0.08355,38.168,16,4,0,7,199
2025-07-18 17:00:00,68.699,11.369,81.9,0.0819,57.33,17,4,0,7,199
2025-07-18 18:00:00,64.216,6.454,91.94,0.09194,57.762,18,4,0,7,199
2025-07-18 19:00:00,30.029,0.0,100.01,0.10001,30.029,19,4,0,7,199
2025-07-18 20:00:00,37.42,0.0,107.82,0.10782,37.42,20,4,0,7,199
2025-07-18 21:00:00,40.602,0.0,96.58,0.09658,40.602,21,4,0,7,199
2025-07-18 22:00:00,37.751,0.0,98.72,0.09872,37.751,22,4,0,7,199
2025-07-18 23:00:00,31.682,0.0,93.97,0.09397,31.682,23,4,0,7,199
2025-07-19 00:00:00,23.028,0.0,89.61,0.08961,23.028,0,5,1,7,200
2025-07-19 01:00:00,21.569,0.0,79.62,0.07962,21.569,1,5,1,7,200
2025-07-19 02:00:00,25.52,0.0,150.97,0.15097,25.52,2,5,1,7,200
2025-07-19 03:00:00,25.849,0.0,92.17,0.09217,25.849,3,5,1,7,200
2025-07-19 04:00:00,24.633,0.0,51.68,0.05168,24.633,4,5,1,7,200
2025-07-19 05:00:00,29.676,0.0,85.95,0.08595,29.676,5,5,1,7,200
2025-07-19 06:00:00,32.326,0.0,88.38,0.08838,32.326,6,5,1,7,200
2025-07-19 07:00:00,36.048,7.327,97.55,0.09755,28.721,7,5,1,7,200
2025-07-19 08:00:00,49.211,20.097,74.66,0.07466,29.114,8,5,1,7,200
2025-07-19 09:00:00,44.012,15.371,87.19,0.08719,28.641,9,5,1,7,200
2025-07-19 10:00:00,44.772,28.126,79.62,0.07962,16.646,10,5,1,7,200
2025-07-19 11:00:00,49.031,40.956,68.45,0.06845,8.075,11,5,1,7,200
2025-07-19 12:00:00,55.333,38.526,95.72,0.09572,16.807,12,5,1,7,200
2025-07-19 13:00:00,50.847,23.123,59.97,0.05997,27.724,13,5,1,7,200
2025-07-19 14:00:00,43.471,25.227,71.89,0.07189,18.244,14,5,1,7,200
2025-07-19 15:00:00,39.04,31.097,71.6,0.0716,7.943,15,5,1,7,200
2025-07-19 16:00:00,51.339,20.962,57.11,0.05711,30.377,16,5,1,7,200
2025-07-19 17:00:00,48.685,15.943,77.85,0.07785,32.742,17,5,1,7,200
2025-07-19 18:00:00,52.645,10.921,98.16,0.09816,41.724,18,5,1,7,200
2025-07-19 19:00:00,29.129,0.0,114.42,0.11442,29.129,19,5,1,7,200
2025-07-19 20:00:00,33.068,0.0,119.51,0.11951,33.068,20,5,1,7,200
2025-07-19 21:00:00,34.655,0.0,129.8,0.1298,34.655,21,5,1,7,200
2025-07-19 22:00:00,30.515,0.0,111.07,0.11107,30.515,22,5,1,7,200
2025-07-19 23:00:00,24.385,0.0,97.88,0.09788,24.385,23,5,1,7,200
2025-07-20 00:00:00,25.83,0.0,88.66,0.08866,25.83,0,6,1,7,201
2025-07-20 01:00:00,27.485,0.0,92.53,0.09253,27.485,1,6,1,7,201
2025-07-20 02:00:00,25.703,0.0,72.85,0.07285,25.703,2,6,1,7,201
2025-07-20 03:00:00,28.866,0.0,63.57,0.06357,28.866,3,6,1,7,201
2025-07-20 04:00:00,24.271,0.0,74.12,0.07412,24.271,4,6,1,7,201
2025-07-20 05:00:00,21.498,0.0,68.29,0.06829,21.498,5,6,1,7,201
2025-07-20 06:00:00,41.374,0.0,75.39,0.07539,41.374,6,6,1,7,201
2025-07-20 07:00:00,33.112,10.854,90.3,0.0903,22.258,7,6,1,7,201
2025-07-20 08:00:00,47.176,16.332,87.08,0.08708,30.844,8,6,1,7,201
2025-07-20 09:00:00,48.784,30.075,99.4,0.0994,18.709,9,6,1,7,201
2025-07-20 10:00:00,49.21,29.022,91.96,0.09196,20.188,10,6,1,7,201
2025-07-20 11:00:00,47.758,32.318,84.97,0.08497,15.44,11,6,1,7,201
2025-07-20 12:00:00,48.939,33.372,59.94,0.05994,15.567,12,6,1,7,201
2025-07-20 13:00:00,48.868,45.022,56.85,0.05685,3.846,13,6,1,7,201
2025-07-20 14:00:00,49.554,42.406,43.51,0.04351,7.148,14,6,1,7,201
2025-07-20 15:00:00,41.451,30.73,70.21,0.07021,10.721,15,6,1,7,201
2025-07-20 16:00:00,55.014,30.075,90.72,0.09072,24.939,16,6,1,7,201
2025-07-20 17:00:00,48.524,11.018,84.88,0.08488,37.506,17,6,1,7,201
2025-07-20 18:00:00,50.853,5.026,100.22,0.10022,45.827,18,6,1,7,201
2025-07-20 19:00:00,27.538,0.0,105.14,0.10514,27.538,19,6,1,7,201
2025-07-20 20:00:00,30.441,0.0,114.02,0.11402,30.441,20,6,1,7,201
2025-07-20 21:00:00,29.796,0.0,125.0,0.125,29.796,21,6,1,7,201
2025-07-20 22:00:00,36.651,0.0,102.86,0.10286,36.651,22,6,1,7,201
2025-07-20 23:00:00,23.874,0.0,97.69,0.09769,23.874,23,6,1,7,201
2025-07-21 00:00:00,31.822,0.0,98.98,0.09898,31.822,0,0,0,7,202
2025-07-21 01:00:00,27.315,0.0,96.99,0.09699,27.315,1,0,0,7,202
2025-07-21 02:00:00,27.948,0.0,86.39,0.08639,27.948,2,0,0,7,202
2025-07-21 03:00:00,28.61,0.0,87.41,0.08741,28.61,3,0,0,7,202
2025-07-21 04:00:00,33.504,0.0,83.31,0.08331,33.504,4,0,0,7,202
2025-07-21 05:00:00,23.348,0.0,94.0,0.094,23.348,5,0,0,7,202
2025-07-21 06:00:00,38.861,0.0,88.08,0.08808,38.861,6,0,0,7,202
2025-07-21 07:00:00,36.84,8.074,99.79,0.09979,28.766,7,0,0,7,202
2025-07-21 08:00:00,60.104,19.75,109.99,0.10999,40.354,8,0,0,7,202
2025-07-21 09:00:00,60.987,25.379,83.05,0.08305,35.608,9,0,0,7,202
2025-07-21 10:00:00,58.418,37.085,77.33,0.07733,21.333,10,0,0,7,202
2025-07-21 11:00:00,61.235,39.485,87.86,0.08786,21.75,11,0,0,7,202
2025-07-21 12:00:00,57.137,39.868,86.26,0.08626,17.269,12,0,0,7,202
2025-07-21 13:00:00,60.326,27.009,75.48,0.07548,33.317,13,0,0,7,202
2025-07-21 14:00:00,67.425,23.809,57.49,0.05749,43.616,14,0,0,7,202
2025-07-21 15:00:00,64.875,12.529,80.52,0.08052,52.346,15,0,0,7,202
2025-07-21 16:00:00,64.184,25.559,97.57,0.09757,38.625,16,0,0,7,202
2025-07-21 17:00:00,60.375,20.41,81.39,0.08139,39.965,17,0,0,7,202
2025-07-21 18:00:00,58.668,10.702,97.28,0.09728,47.966,18,0,0,7,202
2025-07-21 19:00:00,34.867,0.0,117.7,0.1177,34.867,19,0,0,7,202
2025-07-21 20:00:00,38.375,0.0,121.92,0.12192,38.375,20,0,0,7,202
2025-07-21 21:00:00,41.291,0.0,131.27,0.13127,41.291,21,0,0,7,202
2025-07-21 22:00:00,41.4,0.0,111.78,0.11178,41.4,22,0,0,7,202
2025-07-21 23:00:00,31.414,0.0,95.37,0.09537,31.414,23,0,0,7,202
2025-07-22 00:00:00,27.037,0.0,80.05,0.08005,27.037,0,1,0,7,203
2025-07-22 01:00:00,29.475,0.0,70.69,0.07069,29.475,1,1,0,7,203
2025-07-22 02:00:00,28.369,0.0,99.74,0.09974,28.369,2,1,0,7,203
2025-07-22 03:00:00,28.753,0.0,92.61,0.09261,28.753,3,1,0,7,203
2025-07-22 04:00:00,35.916,0.0,86.25,0.08625,35.916,4,1,0,7,203
2025-07-22 05:00:00,23.758,0.0,90.08,0.09008,23.758,5,1,0,7,203
2025-07-22 06:00:00,42.322,0.0,91.11,0.09111,42.322,6,1,0,7,203
2025-07-22 07:00:00,46.951,9.454,78.62,0.07862,37.497,7,1,0,7,203
2025-07-22 08:00:00,58.897,18.609,85.37,0.08537,40.288,8,1,0,7,203
2025-07-22 09:00:00,61.527,29.026,97.85,0.09785,32.501,9,1,0,7,203
2025-07-22 10:00:00,61.895,25.5,93.68,0.09368,36.395,10,1,0,7,203
2025-07-22 11:00:00,62.873,41.854,88.17,0.08817,21.019,11,1,0,7,203
2025-07-22 12:00:00,58.48,35.404,96.53,0.09653,23.076,12,1,0,7,203
2025-07-22 13:00:00,65.492,39.73,69.73,0.06973,25.762,13,1,0,7,203
2025-07-22 14:00:00,65.72,31.574,61.95,0.06195,34.146,14,1,0,7,203
2025-07-22 15:00:00,65.214,25.09,72.03,0.07203,40.124,15,1,0,7,203
2025-07-22 16:00:00,60.802,23.047,64.5,0.0645,37.755,16,1,0,7,203
2025-07-22 17:00:00,63.864,14.371,91.62,0.09162,49.493,17,1,0,7,203
2025-07-22 18:00:00,60.709,3.03,97.26,0.09726,57.679,18,1,0,7,203
2025-07-22 19:00:00,37.45,0.0,119.68,0.11968,37.45,19,1,0,7,203
2025-07-22 20:00:00,45.405,0.0,121.35,0.12135,45.405,20,1,0,7,203
2025-07-22 21:00:00,38.821,0.0,117.81,0.11781,38.821,21,1,0,7,203
2025-07-22 22:00:00,34.714,0.0,115.19,0.11519,34.714,22,1,0,7,203
2025-07-22 23:00:00,29.974,0.0,105.61,0.10561,29.974,23,1,0,7,203
2025-07-23 00:00:00,25.072,0.0,106.26,0.10626,25.072,0,2,0,7,204
2025-07-23 01:00:00,25.561,0.0,92.89,0.09289,25.561,1,2,0,7,204
2025-07-23 02:00:00,26.066,0.0,83.58,0.08358,26.066,2,2,0,7,204
2025-07-23 03:00:00,27.976,0.0,79.99,0.07999,27.976,3,2,0,7,204
2025-07-23 04:00:00,32.396,0.0,90.6,0.0906,32.396,4,2,0,7,204
2025-07-23 05:00:00,31.249,0.0,103.59,0.10359,31.249,5,2,0,7,204
2025-07-23 06:00:00,44.749,0.0,100.73,0.10073,44.749,6,2,0,7,204
2025-07-23 07:00:00,39.559,8.49,89.13,0.08913,31.069,7,2,0,7,204
2025-07-23 08:00:00,61.859,20.66,164.41,0.16441,41.199,8,2,0,7,204
2025-07-23 09:00:00,64.462,21.548,102.09,0.10209,42.914,9,2,0,7,204
2025-07-23 10:00:00,61.581,24.217,106.36,0.10636,37.364,10,2,0,7,204
2025-07-23 11:00:00,62.701,41.567,91.28,0.09128,21.134,11,2,0,7,204
2025-07-23 12:00:00,65.004,44.132,82.17,0.08217,20.872,12,2,0,7,204
2025-07-23 13:00:00,62.475,22.908,60.76,0.06076,39.567,13,2,0,7,204
2025-07-23 14:00:00,64.315,26.524,77.48,0.07748,37.791,14,2,0,7,204
2025-07-23 15:00:00,68.688,33.409,57.57,0.05757,35.279,15,2,0,7,204
2025-07-23 16:00:00,63.041,29.48,79.35,0.07935,33.561,16,2,0,7,204
2025-07-23 17:00:00,67.365,20.66,84.54,0.08454,46.705,17,2,0,7,204
2025-07-23 18:00:00,65.381,9.349,98.39,0.09839,56.032,18,2,0,7,204
2025-07-23 19:00:00,33.821,0.0,123.23,0.12323,33.821,19,2,0,7,204
2025-07-23 20:00:00,34.989,0.0,123.1,0.1231,34.989,20,2,0,7,204
2025-07-23 21:00:00,35.849,0.0,95.27,0.09527,35.849,21,2,0,7,204
2025-07-23 22:00:00,35.781,0.0,106.93,0.10693,35.781,22,2,0,7,204
2025-07-23 23:00:00,29.109,0.0,94.36,0.09436,29.109,23,2,0,7,204
2025-07-24 00:00:00,31.366,0.0,98.48,0.09848,31.366,0,3,0,7,205
2025-07-24 01:00:00,33.415,0.0,73.5,0.0735,33.415,1,3,0,7,205
2025-07-24 02:00:00,30.385,0.0,105.17,0.10517,30.385,2,3,0,7,205
2025-07-24 03:00:00,27.973,0.0,94.86,0.09486,27.973,3,3,0,7,205
2025-07-24 04:00:00,22.736,0.0,84.33,0.08433,22.736,4,3,0,7,205
2025-07-24 05:00:00,29.625,0.0,84.76,0.08476,29.625,5,3,0,7,205
2025-07-24 06:00:00,43.16,0.0,85.76,0.08576,43.16,6,3,0,7,205
2025-07-24 07:00:00,43.663,7.073,99.42,0.09942,36.59,7,3,0,7,205
2025-07-24 08:00:00,70.336,13.459,91.66,0.09166,56.877,8,3,0,7,205
2025-07-24 09:00:00,67.566,27.02,98.67,0.09867,40.546,9,3,0,7,205
2025-07-24 10:00:00,66.108,20.937,84.98,0.08498,45.171,10,3,0,7,205
2025-07-24 11:00:00,60.517,38.944,95.37,0.09537,21.573,11,3,0,7,205
2025-07-24 12:00:00,61.954,43.82,81.2,0.0812,18.134,12,3,0,7,205
2025-07-24 13:00:00,63.292,34.492,67.86,0.06786,28.8,13,3,0,7,205
2025-07-24 14:00:00,61.114,25.221,67.11,0.06711,35.893,14,3,0,7,205
2025-07-24 15:00:00,65.197,26.926,64.53,0.06453,38.271,15,3,0,7,205
2025-07-24 16:00:00,64.738,25.809,81.56,0.08156,38.929,16,3,0,7,205
2025-07-24 17:00:00,60.113,10.408,77.47,0.07747,49.705,17,3,0,7,205
2025-07-24 18:00:00,67.425,8.375,113.48,0.11348,59.05,18,3,0,7,205
2025-07-24 19:00:00,38.845,0.0,119.11,0.11911,38.845,19,3,0,7,205
2025-07-24 20:00:00,32.985,0.0,118.62,0.11862,32.985,20,3,0,7,205
2025-07-24 21:00:00,38.354,0.0,125.06,0.12506,38.354,21,3,0,7,205
2025-07-24 22:00:00,39.418,0.0,112.77,0.11277,39.418,22,3,0,7,205
2025-07-24 23:00:00,32.512,0.0,87.77,0.08777,32.512,23,3,0,7,205
2025-07-25 00:00:00,28.32,0.0,98.95,0.09895,28.32,0,4,0,7,206
2025-07-25 01:00:00,32.049,0.0,60.93,0.06093,32.049,1,4,0,7,206
2025-07-25 02:00:00,29.999,0.0,96.87,0.09687,29.999,2,4,0,7,206
2025-07-25 03:00:00,25.192,0.0,84.63,0.08463,25.192,3,4,0,7,206
2025-07-25 04:00:00,24.872,0.0,96.98,0.09698,24.872,4,4,0,7,206
2025-07-25 05:00:00,32.992,0.0,103.33,0.10333,32.992,5,4,0,7,206
2025-07-25 06:00:00,46.907,0.0,87.84,0.08784,46.907,6,4,0,7,206
2025-07-25 07:00:00,44.114,8.591,92.4,0.0924,35.523,7,4,0,7,206
2025-07-25 08:00:00,68.387,17.881,102.66,0.10266,50.506,8,4,0,7,206
2025-07-25 09:00:00,66.982,10.607,88.48,0.08848,56.375,9,4,0,7,206
2025-07-25 10:00:00,65.788,28.417,92.5,0.0925,37.371,10,4,0,7,206
2025-07-25 11:00:00,60.684,38.357,84.05,0.08405,22.327,11,4,0,7,206
2025-07-25 12:00:00,69.141,22.69,67.62,0.06762,46.451,12,4,0,7,206
2025-07-25 13:00:00,65.317,38.663,67.83,0.06783,26.654,13,4,0,7,206
2025-07-25 14:00:00,62.366,31.893,77.03,0.07703,30.473,14,4,0,7,206
2025-07-25 15:00:00,61.462,25.292,78.24,0.07824,36.17,15,4,0,7,206
2025-07-25 16:00:00,64.422,14.225,76.63,0.07663,50.197,16,4,0,7,206
2025-07-25 17:00:00,58.253,15.484,90.61,0.09061,42.769,17,4,0,7,206
2025-07-25 18:00:00,65.839,7.483,101.39,0.10139,58.356,18,4,0,7,206
2025-07-25 19:00:00,35.469,0.0,99.74,0.09974,35.469,19,4,0,7,206
2025-07-25 20:00:00,39.706,0.0,112.92,0.11292,39.706,20,4,0,7,206
2025-07-25 21:00:00,36.851,0.0,128.74,0.12874,36.851,21,4,0,7,206
2025-07-25 22:00:00,37.674,0.0,120.82,0.12082,37.674,22,4,0,7,206
2025-07-25 23:00:00,26.978,0.0,89.61,0.08961,26.978,23,4,0,7,206
2025-07-26 00:00:00,25.237,0.0,90.04,0.09004,25.237,0,5,1,7,207
2025-07-26 01:00:00,31.799,0.0,66.86,0.06686,31.799,1,5,1,7,207
2025-07-26 02:00:00,30.185,0.0,73.77,0.07377,30.185,2,5,1,7,207
2025-07-26 03:00:00,26.887,0.0,78.04,0.07804,26.887,3,5,1,7,207
2025-07-26 04:00:00,25.672,0.0,77.32,0.07732,25.672,4,5,1,7,207
2025-07-26 05:00:00,28.454,0.0,74.97,0.07497,28.454,5,5,1,7,207
2025-07-26 06:00:00,38.672,0.0,86.35,0.08635,38.672,6,5,1,7,207
2025-07-26 07:00:00,32.401,10.408,96.93,0.09693,21.993,7,5,1,7,207
2025-07-26 08:00:00,48.764,19.447,77.94,0.07794,29.317,8,5,1,7,207
2025-07-26 09:00:00,43.181,28.84,94.05,0.09405,14.341,9,5,1,7,207
2025-07-26 10:00:00,52.606,33.192,98.43,0.09843,19.414,10,5,1,7,207
2025-07-26 11:00:00,55.62,29.493,77.06,0.07706,26.127,11,5,1,7,207
2025-07-26 12:00:00,49.268,35.816,66.98,0.06698,13.452,12,5,1,7,207
2025-07-26 13:00:00,42.212,32.631,56.98,0.05698,9.581,13,5,1,7,207
2025-07-26 14:00:00,50.96,40.666,82.48,0.08248,10.294,14,5,1,7,207
2025-07-26 15:00:00,46.119,25.771,79.33,0.07933,20.348,15,5,1,7,207
2025-07-26 16:00:00,46.889,23.385,68.42,0.06842,23.504,16,5,1,7,207
2025-07-26 17:00:00,51.017,17.925,94.76,0.09476,33.092,17,5,1,7,207
2025-07-26 18:00:00,49.826,8.569,92.14,0.09214,41.257,18,5,1,7,207
2025-07-26 19:00:00,30.393,0.0,108.77,0.10877,30.393,19,5,1,7,207
2025-07-26 20:00:00,29.877,0.0,105.45,0.10545,29.877,20,5,1,7,207
2025-07-26 21:00:00,32.358,0.0,93.69,0.09369,32.358,21,5,1,7,207
2025-07-26 22:00:00,30.645,0.0,96.02,0.09602,30.645,22,5,1,7,207
2025-07-26 23:00:00,22.203,0.0,86.91,0.08691,22.203,23,5,1,7,207
2025-07-27 00:00:00,24.69,0.0,83.08,0.08308,24.69,0,6,1,7,208
2025-07-27 01:00:00,26.841,0.0,85.38,0.08538,26.841,1,6,1,7,208
2025-07-27 02:00:00,25.184,0.0,77.68,0.07768,25.184,2,6,1,7,208
2025-07-27 03:00:00,21.231,0.0,69.28,0.06928,21.231,3,6,1,7,208
2025-07-27 04:00:00,28.919,0.0,73.43,0.07343,28.919,4,6,1,7,208
2025-07-27 05:00:00,16.99,0.0,97.77,0.09777,16.99,5,6,1,7,208
2025-07-27 06:00:00,33.63,0.0,91.34,0.09134,33.63,6,6,1,7,208
2025-07-27 07:00:00,33.074,6.857,103.36,0.10336,26.217,7,6,1,7,208
2025-07-27 08:00:00,49.49,15.653,110.22,0.11022,33.837,8,6,1,7,208
2025-07-27 09:00:00,50.813,22.532,86.18,0.08618,28.281,9,6,1,7,208
2025-07-27 10:00:00,52.621,27.868,96.95,0.09695,24.753,10,6,1,7,208
2025-07-27 11:00:00,46.736,28.943,72.13,0.07213,17.793,11,6,1,7,208
2025-07-27 12:00:00,50.893,37.643,82.75,0.08275,13.25,12,6,1,7,208
2025-07-27 13:00:00,49.642,42.688,73.73,0.07373,6.954,13,6,1,7,208
2025-07-27 14:00:00,43.539,38.383,41.3,0.0413,5.156,14,6,1,7,208
2025-07-27 15:00:00,55.097,21.843,68.39,0.06839,33.254,15,6,1,7,208
2025-07-27 16:00:00,44.411,26.292,62.77,0.06277,18.119,16,6,1,7,208
2025-07-27 17:00:00,50.358,14.028,79.52,0.07952,36.33,17,6,1,7,208
2025-07-27 18:00:00,50.263,10.005,90.77,0.09077,40.258,18,6,1,7,208
2025-07-27 19:00:00,32.839,0.0,119.37,0.11937,32.839,19,6,1,7,208
2025-07-27 20:00:00,30.374,0.0,109.18,0.10918,30.374,20,6,1,7,208
2025-07-27 21:00:00,34.604,0.0,99.3,0.0993,34.604,21,6,1,7,208
2025-07-27 22:00:00,26.964,0.0,93.71,0.09371,26.964,22,6,1,7,208
2025-07-27 23:00:00,25.543,0.0,88.98,0.08898,25.543,23,6,1,7,208
2025-07-28 00:00:00,27.6,0.0,89.88,0.08988,27.6,0,0,0,7,209
2025-07-28 01:00:00,27.237,0.0,97.75,0.09775,27.237,1,0,0,7,209
2025-07-28 02:00:00,30.776,0.0,91.01,0.09101,30.776,2,0,0,7,209
2025-07-28 03:00:00,32.852,0.0,92.0,0.092,32.852,3,0,0,7,209
2025-07-28 04:00:00,28.306,0.0,94.36,0.09436,28.306,4,0,0,7,209
2025-07-28 05:00:00,31.902,0.0,96.99,0.09699,31.902,5,0,0,7,209
2025-07-28 06:00:00,43.249,0.0,102.35,0.10235,43.249,6,0,0,7,209
2025-07-28 07:00:00,40.233,9.304,121.15,0.12115,30.929,7,0,0,7,209
2025-07-28 08:00:00,62.792,16.657,107.42,0.10742,46.135,8,0,0,7,209
2025-07-28 09:00:00,62.659,21.746,102.58,0.10258,40.913,9,0,0,7,209
2025-07-28 10:00:00,61.388,35.236,91.06,0.09106,26.152,10,0,0,7,209
2025-07-28 11:00:00,64.988,14.951,91.21,0.09121,50.037,11,0,0,7,209
2025-07-28 12:00:00,64.368,30.277,90.92,0.09092,34.091,12,0,0,7,209
2025-07-28 13:00:00,58.527,41.019,60.23,0.06023,17.508,13,0,0,7,209
2025-07-28 14:00:00,58.332,38.281,81.99,0.08199,20.051,14,0,0,7,209
2025-07-28 15:00:00,64.976,22.566,67.06,0.06706,42.41,15,0,0,7,209
2025-07-28 16:00:00,61.008,28.391,75.98,0.07598,32.617,16,0,0,7,209
2025-07-28 17:00:00,64.584,15.277,95.11,0.09511,49.307,17,0,0,7,209
2025-07-28 18:00:00,66.116,7.129,99.07,0.09907,58.987,18,0,0,7,209
2025-07-28 19:00:00,34.461,0.0,121.84,0.12184,34.461,19,0,0,7,209
2025-07-28 20:00:00,34.011,0.0,111.46,0.11146,34.011,20,0,0,7,209
2025-07-28 21:00:00,43.886,0.0,127.81,0.12781,43.886,21,0,0,7,209
2025-07-28 22:00:00,39.653,0.0,110.71,0.11071,39.653,22,0,0,7,209
2025-07-28 23:00:00,28.063,0.0,98.05,0.09805,28.063,23,0,0,7,209
2025-07-29 00:00:00,26.417,0.0,88.48,0.08848,26.417,0,1,0,7,210
2025-07-29 01:00:00,27.772,0.0,85.55,0.08555,27.772,1,1,0,7,210
2025-07-29 02:00:00,25.596,0.0,90.25,0.09025,25.596,2,1,0,7,210
2025-07-29 03:00:00,32.233,0.0,84.04,0.08404,32.233,3,1,0,7,210
2025-07-29 04:00:00,26.92,0.0,84.03,0.08403,26.92,4,1,0,7,210
2025-07-29 05:00:00,32.905,0.0,71.1,0.0711,32.905,5,1,0,7,210
2025-07-29 06:00:00,41.811,0.0,105.62,0.10562,41.811,6,1,0,7,210
2025-07-29 07:00:00,39.754,6.757,84.43,0.08443,32.997,7,1,0,7,210
2025-07-29 08:00:00,62.259,19.735,115.52,0.11552,42.524,8,1,0,7,210
2025-07-29 09:00:00,55.226,18.41,97.25,0.09725,36.816,9,1,0,7,210
2025-07-29 10:00:00,63.237,31.717,107.85,0.10785,31.52,10,1,0,7,210
2025-07-29 11:00:00,63.079,32.436,98.5,0.0985,30.643,11,1,0,7,210
2025-07-29 12:00:00,66.263,39.189,88.96,0.08896,27.074,12,1,0,7,210
2025-07-29 13:00:00,57.587,27.552,72.84,0.07284,30.035,13,1,0,7,210
2025-07-29 14:00:00,67.341,34.662,57.41,0.05741,32.679,14,1,0,7,210
2025-07-29 15:00:00,66.249,23.901,69.46,0.06946,42.348,15,1,0,7,210
2025-07-29 16:00:00,67.63,15.711,75.11,0.07511,51.919,16,1,0,7,210
2025-07-29 17:00:00,63.455,17.616,88.83,0.08883,45.839,17,1,0,7,210
2025-07-29 18:00:00,66.868,9.443,92.02,0.09202,57.425,18,1,0,7,210
2025-07-29 19:00:00,33.823,0.0,114.35,0.11435,33.823,19,1,0,7,210
2025-07-29 20:00:00,40.812,0.0,93.71,0.09371,40.812,20,1,0,7,210
2025-07-29 21:00:00,36.063,0.0,116.01,0.11601,36.063,21,1,0,7,210
2025-07-29 22:00:00,33.246,0.0,109.97,0.10997,33.246,22,1,0,7,210
2025-07-29 23:00:00,25.809,0.0,90.23,0.09023,25.809,23,1,0,7,210
2025-07-30 00:00:00,29.425,0.0,82.99,0.08299,29.425,0,2,0,7,211
2025-07-30 01:00:00,26.77,0.0,87.33,0.08733,26.77,1,2,0,7,211
2025-07-30 02:00:00,30.611,0.0,95.92,0.09592,30.611,2,2,0,7,211
2025-07-30 03:00:00,23.621,0.0,96.62,0.09662,23.621,3,2,0,7,211
2025-07-30 04:00:00,22.601,0.0,89.95,0.08995,22.601,4,2,0,7,211
2025-07-30 05:00:00,33.799,0.0,88.44,0.08844,33.799,5,2,0,7,211
2025-07-30 06:00:00,45.989,0.0,95.48,0.09548,45.989,6,2,0,7,211
2025-07-30 07:00:00,39.739,9.339,114.01,0.11401,30.4,7,2,0,7,211
2025-07-30 08:00:00,63.621,14.113,104.34,0.10434,49.508,8,2,0,7,211
2025-07-30 09:00:00,66.893,27.925,102.24,0.10224,38.968,9,2,0,7,211
2025-07-30 10:00:00,64.972,33.019,106.36,0.10636,31.953,10,2,0,7,211
2025-07-30 11:00:00,64.105,36.556,88.51,0.08851,27.549,11,2,0,7,211
2025-07-30 12:00:00,67.135,34.912,70.76,0.07076,32.223,12,2,0,7,211
2025-07-30 13:00:00,61.292,21.966,76.92,0.07692,39.326,13,2,0,7,211
2025-07-30 14:00:00,63.73,39.374,71.02,0.07102,24.356,14,2,0,7,211
2025-07-30 15:00:00,63.573,22.451,69.05,0.06905,41.122,15,2,0,7,211
2025-07-30 16:00:00,62.757,16.124,83.65,0.08365,46.633,16,2,0,7,211
2025-07-30 17:00:00,62.383,16.828,71.68,0.07168,45.555,17,2,0,7,211
2025-07-30 18:00:00,63.863,9.275,98.84,0.09884,54.588,18,2,0,7,211
2025-07-30 19:00:00,38.644,0.0,108.38,0.10838,38.644,19,2,0,7,211
2025-07-30 20:00:00,35.179,0.0,115.15,0.11515,35.179,20,2,0,7,211
2025-07-30 21:00:00,41.099,0.0,117.43,0.11743,41.099,21,2,0,7,211
2025-07-30 22:00:00,35.409,0.0,99.56,0.09956,35.409,22,2,0,7,211
2025-07-30 23:00:00,28.709,0.0,114.78,0.11478,28.709,23,2,0,7,211
2025-07-31 00:00:00,28.464,0.0,90.16,0.09016,28.464,0,3,0,7,212
2025-07-31 01:00:00,30.555,0.0,77.72,0.07772,30.555,1,3,0,7,212
2025-07-31 02:00:00,22.628,0.0,68.34,0.06834,22.628,2,3,0,7,212
2025-07-31 03:00:00,32.26,0.0,80.19,0.08019,32.26,3,3,0,7,212
2025-07-31 04:00:00,27.243,0.0,223.17,0.22317,27.243,4,3,0,7,212
2025-07-31 05:00:00,33.313,0.0,82.34,0.08234,33.313,5,3,0,7,212
2025-07-31 06:00:00,41.57,0.0,117.31,0.11731,41.57,6,3,0,7,212
2025-07-31 07:00:00,42.944,7.552,79.43,0.07943,35.392,7,3,0,7,212
2025-07-31 08:00:00,69.762,19.402,99.79,0.09979,50.36,8,3,0,7,212
2025-07-31 09:00:00,62.75,21.452,98.29,0.09829,41.298,9,3,0,7,212
2025-07-31 10:00:00,67.602,18.399,93.09,0.09309,49.203,10,3,0,7,212
2025-07-31 11:00:00,63.762,39.036,68.59,0.06859,24.726,11,3,0,7,212
2025-07-31 12:00:00,64.967,39.265,78.82,0.07882,25.702,12,3,0,7,212
2025-07-31 13:00:00,63.861,33.181,74.09,0.07409,30.68,13,3,0,7,212
2025-07-31 14:00:00,66.351,25.731,-24.24,-0.02424,40.62,14,3,0,7,212
2025-07-31 15:00:00,61.444,30.199,76.03,0.07603,31.245,15,3,0,7,212
2025-07-31 16:00:00,60.488,22.386,90.35,0.09035,38.102,16,3,0,7,212
2025-07-31 17:00:00,61.594,14.16,69.29,0.06929,47.434,17,3,0,7,212
2025-07-31 18:00:00,63.957,6.404,101.85,0.10185,57.553,18,3,0,7,212
2025-07-31 19:00:00,37.83,0.0,142.17,0.14217,37.83,19,3,0,7,212
2025-07-31 20:00:00,40.81,0.0,133.45,0.13345,40.81,20,3,0,7,212
2025-07-31 21:00:00,42.712,0.0,104.38,0.10438,42.712,21,3,0,7,212
2025-07-31 22:00:00,35.414,0.0,109.5,0.1095,35.414,22,3,0,7,212
2025-07-31 23:00:00,27.061,0.0,87.49,0.08749,27.061,23,3,0,7,212
2025-08-01 00:00:00,24.815,0.0,81.28,0.08128,24.815,0,4,0,8,213
2025-08-01 01:00:00,35.908,0.0,105.61,0.10561,35.908,1,4,0,8,213
2025-08-01 02:00:00,30.386,0.0,95.28,0.09528,30.386,2,4,0,8,213
2025-08-01 03:00:00,30.947,0.0,70.78,0.07078,30.947,3,4,0,8,213
2025-08-01 04:00:00,25.123,0.0,79.14,0.07914,25.123,4,4,0,8,213
2025-08-01 05:00:00,29.408,0.0,88.65,0.08865,29.408,5,4,0,8,213
2025-08-01 06:00:00,44.734,0.0,89.19,0.08919,44.734,6,4,0,8,213
2025-08-01 07:00:00,42.296,9.615,99.05,0.09905,32.681,7,4,0,8,213
2025-08-01 08:00:00,67.087,14.774,91.49,0.09149,52.313,8,4,0,8,213
2025-08-01 09:00:00,71.043,23.458,95.87,0.09587,47.585,9,4,0,8,213
2025-08-01 10:00:00,60.614,15.856,87.67,0.08767,44.758,10,4,0,8,213
2025-08-01 11:00:00,60.374,21.722,84.26,0.08426,38.652,11,4,0,8,213
2025-08-01 12:00:00,60.836,35.267,86.24,0.08624,25.569,12,4,0,8,213
2025-08-01 13:00:00,68.785,34.938,75.2,0.0752,33.847,13,4,0,8,213
2025-08-01 14:00:00,66.981,38.423,62.21,0.06221,28.558,14,4,0,8,213
2025-08-01 15:00:00,63.211,34.057,82.47,0.08247,29.154,15,4,0,8,213
2025-08-01 16:00:00,63.762,11.927,88.75,0.08875,51.835,16,4,0,8,213
2025-08-01 17:00:00,61.032,15.089,89.7,0.0897,45.943,17,4,0,8,213
2025-08-01 18:00:00,66.493,6.004,101.57,0.10157,60.489,18,4,0,8,213
2025-08-01 19:00:00,37.325,0.0,134.7,0.1347,37.325,19,4,0,8,213
2025-08-01 20:00:00,37.708,0.0,138.87,0.13887,37.708,20,4,0,8,213
2025-08-01 21:00:00,40.488,0.0,103.72,0.10372,40.488,21,4,0,8,213
2025-08-01 22:00:00,37.939,0.0,120.51,0.12051,37.939,22,4,0,8,213
2025-08-01 23:00:00,28.659,0.0,115.15,0.11515,28.659,23,4,0,8,213
2025-08-02 00:00:00,25.795,0.0,85.11,0.08511,25.795,0,5,1,8,214
2025-08-02 01:00:00,28.306,0.0,73.89,0.07389,28.306,1,5,1,8,214
2025-08-02 02:00:00,31.03,0.0,75.18,0.07518,31.03,2,5,1,8,214
2025-08-02 03:00:00,27.635,0.0,96.03,0.09603,27.635,3,5,1,8,214
2025-08-02 04:00:00,28.332,0.0,88.1,0.0881,28.332,4,5,1,8,214
2025-08-02 05:00:00,25.121,0.0,87.06,0.08706,25.121,5,5,1,8,214
2025-08-02 06:00:00,32.809,0.0,108.11,0.10811,32.809,6,5,1,8,214
2025-08-02 07:00:00,37.167,9.703,78.79,0.07879,27.464,7,5,1,8,214
2025-08-02 08:00:00,49.592,17.123,91.27,0.09127,32.469,8,5,1,8,214
2025-08-02 09:00:00,44.492,23.893,94.38,0.09438,20.599,9,5,1,8,214
2025-08-02 10:00:00,47.994,31.125,86.36,0.08636,16.869,10,5,1,8,214
2025-08-02 11:00:00,48.779,24.139,62.48,0.06248,24.64,11,5,1,8,214
2025-08-02 12:00:00,47.411,31.848,82.18,0.08218,15.563,12,5,1,8,214
2025-08-02 13:00:00,53.786,25.116,57.67,0.05767,28.67,13,5,1,8,214
2025-08-02 14:00:00,50.58,38.345,54.48,0.05448,12.235,14,5,1,8,214
2025-08-02 15:00:00,53.438,31.645,60.5,0.0605,21.793,15,5,1,8,214
2025-08-02 16:00:00,49.887,19.39,-21.07,-0.02107,30.497,16,5,1,8,214
2025-08-02 17:00:00,49.305,17.79,81.44,0.08144,31.515,17,5,1,8,214
2025-08-02 18:00:00,46.047,9.814,106.74,0.10674,36.233,18,5,1,8,214
2025-08-02 19:00:00,32.008,0.0,121.71,0.12171,32.008,19,5,1,8,214
2025-08-02 20:00:00,32.012,0.0,113.15,0.11315,32.012,20,5,1,8,214
2025-08-02 21:00:00,27.595,0.0,105.84,0.10584,27.595,21,5,1,8,214
2025-08-02 22:00:00,30.243,0.0,100.23,0.10023,30.243,22,5,1,8,214
2025-08-02 23:00:00,24.727,0.0,81.92,0.08192,24.727,23,5,1,8,214
2025-08-03 00:00:00,27.086,0.0,78.2,0.0782,27.086,0,6,1,8,215
2025-08-03 01:00:00,27.239,0.0,69.04,0.06904,27.239,1,6,1,8,215
2025-08-03 02:00:00,23.902,0.0,99.86,0.09986,23.902,2,6,1,8,215
2025-08-03 03:00:00,27.263,0.0,80.15,0.08015,27.263,3,6,1,8,215
2025-08-03 04:00:00,25.18,0.0,74.31,0.07431,25.18,4,6,1,8,215
2025-08-03 05:00:00,16.58,0.0,88.59,0.08859,16.58,5,6,1,8,215
2025-08-03 06:00:00,33.526,0.0,72.41,0.07241,33.526,6,6,1,8,215
2025-08-03 07:00:00,38.53,9.01,81.7,0.0817,29.52,7,6,1,8,215
2025-08-03 08:00:00,43.668,18.882,96.36,0.09636,24.786,8,6,1,8,215
2025-08-03 09:00:00,49.41,10.256,93.78,0.09378,39.154,9,6,1,8,215
2025-08-03 10:00:00,54.123,25.436,98.91,0.09891,28.687,10,6,1,8,215
2025-08-03 11:00:00,46.616,27.956,53.53,0.05353,18.66,11,6,1,8,215
2025-08-03 12:00:00,49.057,35.906,80.27,0.08027,13.151,12,6,1,8,215
2025-08-03 13:00:00,44.877,27.766,59.69,0.05969,17.111,13,6,1,8,215
2025-08-03 14:00:00,54.257,32.328,50.41,0.05041,21.929,14,6,1,8,215
2025-08-03 15:00:00,48.783,15.729,46.81,0.04681,33.054,15,6,1,8,215
2025-08-03 16:00:00,49.199,11.482,65.45,0.06545,37.717,16,6,1,8,215
2025-08-03 17:00:00,53.384,18.882,98.5,0.0985,34.502,17,6,1,8,215
2025-08-03 18:00:00,51.167,8.454,106.74,0.10674,42.713,18,6,1,8,215
2025-08-03 19:00:00,29.17,0.0,126.31,0.12631,29.17,19,6,1,8,215
2025-08-03 20:00:00,29.901,0.0,114.55,0.11455,29.901,20,6,1,8,215
2025-08-03 21:00:00,33.556,0.0,112.83,0.11283,33.556,21,6,1,8,215
2025-08-03 22:00:00,29.975,0.0,85.67,0.08567,29.975,22,6,1,8,215
2025-08-03 23:00:00,18.987,0.0,75.01,0.07501,18.987,23,6,1,8,215
2025-08-04 00:00:00,29.247,0.0,83.97,0.08397,29.247,0,0,0,8,216
2025-08-04 01:00:00,24.681,0.0,71.69,0.07169,24.681,1,0,0,8,216
2025-08-04 02:00:00,34.59,0.0,76.96,0.07696,34.59,2,0,0,8,216
2025-08-04 03:00:00,29.983,0.0,86.25,0.08625,29.983,3,0,0,8,216
2025-08-04 04:00:00,26.521,0.0,99.36,0.09936,26.521,4,0,0,8,216
2025-08-04 05:00:00,27.182,0.0,88.57,0.08857,27.182,5,0,0,8,216
2025-08-04 06:00:00,37.073,0.0,78.07,0.07807,37.073,6,0,0,8,216
2025-08-04 07:00:00,39.6,8.764,77.54,0.07754,30.836,7,0,0,8,216
2025-08-04 08:00:00,66.922,13.054,100.26,0.10026,53.868,8,0,0,8,216
2025-08-04 09:00:00,70.812,18.282,93.08,0.09308,52.53,9,0,0,8,216
2025-08-04 10:00:00,65.995,20.146,96.53,0.09653,45.849,10,0,0,8,216
2025-08-04 11:00:00,63.376,37.632,85.73,0.08573,25.744,11,0,0,8,216
2025-08-04 12:00:00,62.288,29.904,78.33,0.07833,32.384,12,0,0,8,216
2025-08-04 13:00:00,60.609,34.884,84.09,0.08409,25.725,13,0,0,8,216
2025-08-04 14:00:00,70.261,24.143,79.59,0.07959,46.118,14,0,0,8,216
2025-08-04 15:00:00,63.066,27.032,74.67,0.07467,36.034,15,0,0,8,216
2025-08-04 16:00:00,70.44,17.01,69.0,0.069,53.43,16,0,0,8,216
2025-08-04 17:00:00,68.129,17.287,84.03,0.08403,50.842,17,0,0,8,216
2025-08-04 18:00:00,58.1,8.798,111.62,0.11162,49.302,18,0,0,8,216
2025-08-04 19:00:00,36.421,0.0,129.92,0.12992,36.421,19,0,0,8,216
2025-08-04 20:00:00,36.411,0.0,109.9,0.1099,36.411,20,0,0,8,216
2025-08-04 21:00:00,38.296,0.0,133.98,0.13398,38.296,21,0,0,8,216
2025-08-04 22:00:00,38.359,0.0,100.61,0.10061,38.359,22,0,0,8,216
2025-08-04 23:00:00,39.006,0.0,104.44,0.10444,39.006,23,0,0,8,216
2025-08-05 00:00:00,25.973,0.0,113.38,0.11338,25.973,0,1,0,8,217
2025-08-05 01:00:00,30.153,0.0,69.49,0.06949,30.153,1,1,0,8,217
2025-08-05 02:00:00,31.393,0.0,90.52,0.09052,31.393,2,1,0,8,217
2025-08-05 03:00:00,29.415,0.0,82.62,0.08262,29.415,3,1,0,8,217
2025-08-05 04:00:00,29.772,0.0,91.05,0.09105,29.772,4,1,0,8,217
2025-08-05 05:00:00,26.076,0.0,82.23,0.08223,26.076,5,1,0,8,217
2025-08-05 06:00:00,43.464,0.0,66.82,0.06682,43.464,6,1,0,8,217
2025-08-05 07:00:00,44.76,9.495,88.16,0.08816,35.265,7,1,0,8,217
2025-08-05 08:00:00,64.728,15.405,102.48,0.10248,49.323,8,1,0,8,217
2025-08-05 09:00:00,65.504,16.886,112.8,0.1128,48.618,9,1,0,8,217
2025-08-05 10:00:00,68.2,23.798,99.36,0.09936,44.402,10,1,0,8,217
2025-08-05 11:00:00,66.678,33.998,102.44,0.10244,32.68,11,1,0,8,217
2025-08-05 12:00:00,63.908,28.706,74.04,0.07404,35.202,12,1,0,8,217
2025-08-05 13:00:00,59.93,35.685,66.26,0.06626,24.245,13,1,0,8,217
2025-08-05 14:00:00,61.759,29.03,72.43,0.07243,32.729,14,1,0,8,217
2025-08-05 15:00:00,62.977,32.803,67.17,0.06717,30.174,15,1,0,8,217
2025-08-05 16:00:00,64.487,26.431,89.12,0.08912,38.056,16,1,0,8,217
2025-08-05 17:00:00,62.149,14.39,75.43,0.07543,47.759,17,1,0,8,217
2025-08-05 18:00:00,60.685,7.142,112.56,0.11256,53.543,18,1,0,8,217
2025-08-05 19:00:00,34.754,0.0,128.93,0.12893,34.754,19,1,0,8,217
2025-08-05 20:00:00,33.272,0.0,126.23,0.12623,33.272,20,1,0,8,217
2025-08-05 21:00:00,37.804,0.0,127.77,0.12777,37.804,21,1,0,8,217
2025-08-05 22:00:00,33.853,0.0,101.85,0.10185,33.853,22,1,0,8,217
2025-08-05 23:00:00,26.218,0.0,89.37,0.08937,26.218,23,1,0,8,217
2025-08-06 00:00:00,28.162,0.0,88.83,0.08883,28.162,0,2,0,8,218
2025-08-06 01:00:00,25.147,0.0,78.11,0.07811,25.147,1,2,0,8,218
2025-08-06 02:00:00,30.637,0.0,88.41,0.08841,30.637,2,2,0,8,218
2025-08-06 03:00:00,31.791,0.0,88.71,0.08871,31.791,3,2,0,8,218
2025-08-06 04:00:00,27.664,0.0,85.84,0.08584,27.664,4,2,0,8,218
2025-08-06 05:00:00,28.024,0.0,91.18,0.09118,28.024,5,2,0,8,218
2025-08-06 06:00:00,44.849,0.0,97.9,0.0979,44.849,6,2,0,8,218
2025-08-06 07:00:00,40.844,4.605,94.63,0.09463,36.239,7,2,0,8,218
2025-08-06 08:00:00,61.184,17.305,94.18,0.09418,43.879,8,2,0,8,218
2025-08-06 09:00:00,67.518,11.789,107.48,0.10748,55.729,9,2,0,8,218
2025-08-06 10:00:00,66.518,18.133,97.98,0.09798,48.385,10,2,0,8,218
2025-08-06 11:00:00,65.614,36.9,92.16,0.09216,28.714,11,2,0,8,218
2025-08-06 12:00:00,66.651,30.186,84.74,0.08474,36.465,12,2,0,8,218
2025-08-06 13:00:00,57.362,33.549,73.44,0.07344,23.813,13,2,0,8,218
2025-08-06 14:00:00,68.021,22.198,65.5,0.0655,45.823,14,2,0,8,218
2025-08-06 15:00:00,64.944,32.479,64.69,0.06469,32.465,15,2,0,8,218
2025-08-06 16:00:00,66.924,26.17,76.95,0.07695,40.754,16,2,0,8,218
2025-08-06 17:00:00,64.928,18.23,94.24,0.09424,46.698,17,2,0,8,218
2025-08-06 18:00:00,63.846,9.097,109.15,0.10915,54.749,18,2,0,8,218
2025-08-06 19:00:00,37.679,0.0,118.23,0.11823,37.679,19,2,0,8,218
2025-08-06 20:00:00,39.735,0.0,126.04,0.12604,39.735,20,2,0,8,218
2025-08-06 21:00:00,37.562,0.0,107.54,0.10754,37.562,21,2,0,8,218
2025-08-06 22:00:00,41.337,0.0,103.64,0.10364,41.337,22,2,0,8,218
2025-08-06 23:00:00,24.346,0.0,104.34,0.10434,24.346,23,2,0,8,218
2025-08-07 00:00:00,27.692,0.0,76.91,0.07691,27.692,0,3,0,8,219
2025-08-07 01:00:00,35.968,0.0,86.68,0.08668,35.968,1,3,0,8,219
2025-08-07 02:00:00,27.421,0.0,85.86,0.08586,27.421,2,3,0,8,219
2025-08-07 03:00:00,28.661,0.0,84.49,0.08449,28.661,3,3,0,8,219
2025-08-07 04:00:00,26.6,0.0,93.24,0.09324,26.6,4,3,0,8,219
2025-08-07 05:00:00,30.499,0.0,90.56,0.09056,30.499,5,3,0,8,219
2025-08-07 06:00:00,40.778,0.0,79.51,0.07951,40.778,6,3,0,8,219
2025-08-07 07:00:00,42.54,7.228,100.73,0.10073,35.312,7,3,0,8,219
2025-08-07 08:00:00,66.415,14.624,93.81,0.09381,51.791,8,3,0,8,219
2025-08-07 09:00:00,61.463,16.116,85.55,0.08555,45.347,9,3,0,8,219
2025-08-07 10:00:00,66.223,25.034,102.61,0.10261,41.189,10,3,0,8,219
2025-08-07 11:00:00,66.33,36.527,75.73,0.07573,29.803,11,3,0,8,219
2025-08-07 12:00:00,67.075,31.666,75.3,0.0753,35.409,12,3,0,8,219
2025-08-07 13:00:00,64.149,37.299,74.82,0.07482,26.85,13,3,0,8,219
2025-08-07 14:00:00,74.071,17.457,68.14,0.06814,56.614,14,3,0,8,219
2025-08-07 15:00:00,67.073,32.15,64.55,0.06455,34.923,15,3,0,8,219
2025-08-07 16:00:00,64.739,15.641,67.83,0.06783,49.098,16,3,0,8,219
2025-08-07 17:00:00,60.896,11.964,81.76,0.08176,48.932,17,3,0,8,219
2025-08-07 18:00:00,63.388,6.251,93.03,0.09303,57.137,18,3,0,8,219
2025-08-07 19:00:00,43.129,0.0,115.46,0.11546,43.129,19,3,0,8,219
2025-08-07 20:00:00,44.035,0.0,117.0,0.117,44.035,20,3,0,8,219
2025-08-07 21:00:00,43.295,0.0,104.73,0.10473,43.295,21,3,0,8,219
2025-08-07 22:00:00,41.077,0.0,105.33,0.10533,41.077,22,3,0,8,219
2025-08-07 23:00:00,25.407,0.0,91.13,0.09113,25.407,23,3,0,8,219
2025-08-08 00:00:00,30.986,0.0,87.86,0.08786,30.986,0,4,0,8,220
2025-08-08 01:00:00,25.455,0.0,88.82,0.08882,25.455,1,4,0,8,220
2025-08-08 02:00:00,24.667,0.0,98.7,0.0987,24.667,2,4,0,8,220
2025-08-08 03:00:00,30.193,0.0,92.04,0.09204,30.193,3,4,0,8,220
2025-08-08 04:00:00,31.102,0.0,75.5,0.0755,31.102,4,4,0,8,220
2025-08-08 05:00:00,32.318,0.0,66.49,0.06649,32.318,5,4,0,8,220
2025-08-08 06:00:00,44.731,0.0,76.23,0.07623,44.731,6,4,0,8,220
2025-08-08 07:00:00,44.841,8.185,90.48,0.09048,36.656,7,4,0,8,220
2025-08-08 08:00:00,60.558,14.615,82.74,0.08274,45.943,8,4,0,8,220
2025-08-08 09:00:00,63.373,18.156,92.96,0.09296,45.217,9,4,0,8,220
2025-08-08 10:00:00,58.887,28.945,95.44,0.09544,29.942,10,4,0,8,220
2025-08-08 11:00:00,57.299,33.93,81.89,0.08189,23.369,11,4,0,8,220
2025-08-08 12:00:00,66.079,38.381,81.57,0.08157,27.698,12,4,0,8,220
2025-08-08 13:00:00,61.299,25.546,65.74,0.06574,35.753,13,4,0,8,220
2025-08-08 14:00:00,66.501,16.204,61.19,0.06119,50.297,14,4,0,8,220
2025-08-08 15:00:00,67.256,20.741,87.81,0.08781,46.515,15,4,0,8,220
2025-08-08 16:00:00,61.728,18.986,77.37,0.07737,42.742,16,4,0,8,220
2025-08-08 17:00:00,65.598,13.941,90.41,0.09041,51.657,17,4,0,8,220
2025-08-08 18:00:00,61.594,7.412,112.18,0.11218,54.182,18,4,0,8,220
2025-08-08 19:00:00,32.662,0.0,125.43,0.12543,32.662,19,4,0,8,220
2025-08-08 20:00:00,38.964,0.0,118.73,0.11873,38.964,20,4,0,8,220
2025-08-08 21:00:00,37.062,0.0,128.92,0.12892,37.062,21,4,0,8,220
2025-08-08 22:00:00,37.161,0.0,103.67,0.10367,37.161,22,4,0,8,220
2025-08-08 23:00:00,35.748,0.0,107.66,0.10766,35.748,23,4,0,8,220
2025-08-09 00:00:00,20.89,0.0,65.78,0.06578,20.89,0,5,1,8,221
2025-08-09 01:00:00,26.998,0.0,75.06,0.07506,26.998,1,5,1,8,221
2025-08-09 02:00:00,22.589,0.0,80.44,0.08044,22.589,2,5,1,8,221
2025-08-09 03:00:00,28.679,0.0,82.11,0.08211,28.679,3,5,1,8,221
2025-08-09 04:00:00,26.727,0.0,70.88,0.07088,26.727,4,5,1,8,221
2025-08-09 05:00:00,26.986,0.0,64.67,0.06467,26.986,5,5,1,8,221
2025-08-09 06:00:00,32.076,0.0,88.96,0.08896,32.076,6,5,1,8,221
2025-08-09 07:00:00,32.649,9.155,86.37,0.08637,23.494,7,5,1,8,221
2025-08-09 08:00:00,52.057,17.27,87.84,0.08784,34.787,8,5,1,8,221
2025-08-09 09:00:00,54.756,14.774,108.6,0.1086,39.982,9,5,1,8,221
2025-08-09 10:00:00,50.627,29.255,85.12,0.08512,21.372,10,5,1,8,221
2025-08-09 11:00:00,46.218,35.769,75.29,0.07529,10.449,11,5,1,8,221
2025-08-09 12:00:00,50.174,19.962,53.72,0.05372,30.212,12,5,1,8,221
2025-08-09 13:00:00,56.858,37.976,53.93,0.05393,18.882,13,5,1,8,221
2025-08-09 14:00:00,49.417,34.333,70.5,0.0705,15.084,14,5,1,8,221
2025-08-09 15:00:00,53.768,16.933,56.41,0.05641,36.835,15,5,1,8,221
2025-08-09 16:00:00,46.721,19.359,178.77,0.17877,27.362,16,5,1,8,221
2025-08-09 17:00:00,48.955,12.483,69.3,0.0693,36.472,17,5,1,8,221
2025-08-09 18:00:00,51.072,9.144,87.98,0.08798,41.928,18,5,1,8,221
2025-08-09 19:00:00,33.262,0.0,100.64,0.10064,33.262,19,5,1,8,221
2025-08-09 20:00:00,29.538,0.0,120.09,0.12009,29.538,20,5,1,8,221
2025-08-09 21:00:00,29.4,0.0,109.27,0.10927,29.4,21,5,1,8,221
2025-08-09 22:00:00,35.153,0.0,89.98,0.08998,35.153,22,5,1,8,221
2025-08-09 23:00:00,29.585,0.0,97.58,0.09758,29.585,23,5,1,8,221
2025-08-10 00:00:00,30.613,0.0,82.99,0.08299,30.613,0,6,1,8,222
2025-08-10 01:00:00,31.547,0.0,81.47,0.08147,31.547,1,6,1,8,222
2025-08-10 02:00:00,26.205,0.0,81.09,0.08109,26.205,2,6,1,8,222
2025-08-10 03:00:00,24.778,0.0,69.89,0.06989,24.778,3,6,1,8,222
2025-08-10 04:00:00,30.097,0.0,91.83,0.09183,30.097,4,6,1,8,222
2025-08-10 05:00:00,28.056,0.0,80.08,0.08008,28.056,5,6,1,8,222
2025-08-10 06:00:00,31.96,0.0,86.97,0.08697,31.96,6,6,1,8,222
2025-08-10 07:00:00,31.796,5.374,92.2,0.0922,26.422,7,6,1,8,222
2025-08-10 08:00:00,50.671,12.867,82.23,0.08223,37.804,8,6,1,8,222
2025-08-10 09:00:00,48.53,19.106,110.95,0.11095,29.424,9,6,1,8,222
2025-08-10 10:00:00,49.013,26.043,87.71,0.08771,22.97,10,6,1,8,222
2025-08-10 11:00:00,52.529,29.17,80.72,0.08072,23.359,11,6,1,8,222
2025-08-10 12:00:00,51.526,37.567,67.52,0.06752,13.959,12,6,1,8,222
2025-08-10 13:00:00,53.353,34.408,76.18,0.07618,18.945,13,6,1,8,222
2025-08-10 14:00:00,42.916,19.427,73.59,0.07359,23.489,14,6,1,8,222
2025-08-10 15:00:00,49.908,24.164,-10.35,-0.01035,25.744,15,6,1,8,222
2025-08-10 16:00:00,51.32,22.022,55.91,0.05591,29.298,16,6,1,8,222
2025-08-10 17:00:00,44.212,6.976,80.51,0.08051,37.236,17,6,1,8,222
2025-08-10 18:00:00,47.002,6.954,95.95,0.09595,40.048,18,6,1,8,222
2025-08-10 19:00:00,29.304,0.0,105.0,0.105,29.304,19,6,1,8,222
2025-08-10 20:00:00,32.063,0.0,105.42,0.10542,32.063,20,6,1,8,222
2025-08-10 21:00:00,37.203,0.0,95.78,0.09578,37.203,21,6,1,8,222
2025-08-10 22:00:00,38.466,0.0,115.73,0.11573,38.466,22,6,1,8,222
2025-08-10 23:00:00,23.169,0.0,97.78,0.09778,23.169,23,6,1,8,222
2025-08-11 00:00:00,31.121,0.0,85.32,0.08532,31.121,0,0,0,8,223
2025-08-11 01:00:00,31.224,0.0,78.49,0.07849,31.224,1,0,0,8,223
2025-08-11 02:00:00,30.676,0.0,88.67,0.08867,30.676,2,0,0,8,223
2025-08-11 03:00:00,30.712,0.0,87.4,0.0874,30.712,3,0,0,8,223
2025-08-11 04:00:00,30.408,0.0,82.16,0.08216,30.408,4,0,0,8,223
2025-08-11 05:00:00,34.836,0.0,91.92,0.09192,34.836,5,0,0,8,223
2025-08-11 06:00:00,46.686,0.0,96.34,0.09634,46.686,6,0,0,8,223
2025-08-11 07:00:00,39.766,4.056,102.17,0.10217,35.71,7,0,0,8,223
2025-08-11 08:00:00,66.289,10.221,89.73,0.08973,56.068,8,0,0,8,223
2025-08-11 09:00:00,66.598,23.365,103.23,0.10323,43.233,9,0,0,8,223
2025-08-11 10:00:00,64.751,28.915,106.69,0.10669,35.836,10,0,0,8,223
2025-08-11 11:00:00,67.363,22.032,90.28,0.09028,45.331,11,0,0,8,223
2025-08-11 12:00:00,64.345,32.417,100.66,0.10066,31.928,12,0,0,8,223
2025-08-11 13:00:00,64.384,26.714,69.81,0.06981,37.67,13,0,0,8,223
2025-08-11 14:00:00,64.131,27.137,51.42,0.05142,36.994,14,0,0,8,223
2025-08-11 15:00:00,57.284,24.626,62.04,0.06204,32.658,15,0,0,8,223
2025-08-11 16:00:00,63.485,20.196,70.8,0.0708,43.289,16,0,0,8,223
2025-08-11 17:00:00,61.604,17.394,94.67,0.09467,44.21,17,0,0,8,223
2025-08-11 18:00:00,59.946,8.421,111.85,0.11185,51.525,18,0,0,8,223
2025-08-11 19:00:00,43.173,0.0,117.81,0.11781,43.173,19,0,0,8,223
2025-08-11 20:00:00,40.198,0.0,125.11,0.12511,40.198,20,0,0,8,223
2025-08-11 21:00:00,38.489,0.0,137.4,0.1374,38.489,21,0,0,8,223
2025-08-11 22:00:00,36.777,0.0,99.64,0.09964,36.777,22,0,0,8,223
2025-08-11 23:00:00,30.383,0.0,96.56,0.09656,30.383,23,0,0,8,223
2025-08-12 00:00:00,32.611,0.0,80.38,0.08038,32.611,0,1,0,8,224
2025-08-12 01:00:00,26.792,0.0,73.18,0.07318,26.792,1,1,0,8,224
2025-08-12 02:00:00,29.423,0.0,64.75,0.06475,29.423,2,1,0,8,224
2025-08-12 03:00:00,32.216,0.0,98.25,0.09825,32.216,3,1,0,8,224
2025-08-12 04:00:00,23.243,0.0,78.46,0.07846,23.243,4,1,0,8,224
2025-08-12 05:00:00,29.254,0.0,85.44,0.08544,29.254,5,1,0,8,224
2025-08-12 06:00:00,41.791,0.0,95.45,0.09545,41.791,6,1,0,8,224
2025-08-12 07:00:00,42.737,6.492,83.33,0.08333,36.245,7,1,0,8,224
2025-08-12 08:00:00,62.149,17.199,90.19,0.09019,44.95,8,1,0,8,224
2025-08-12 09:00:00,64.195,18.541,98.63,0.09863,45.654,9,1,0,8,224
2025-08-12 10:00:00,69.91,30.458,90.46,0.09046,39.452,10,1,0,8,224
2025-08-12 11:00:00,62.718,24.441,74.48,0.07448,38.277,11,1,0,8,224
2025-08-12 12:00:00,64.688,20.621,84.58,0.08458,44.067,12,1,0,8,224
2025-08-12 13:00:00,70.138,30.291,66.9,0.0669,39.847,13,1,0,8,224
2025-08-12 14:00:00,61.995,13.353,69.9,0.0699,48.642,14,1,0,8,224
2025-08-12 15:00:00,69.562,13.667,71.02,0.07102,55.895,15,1,0,8,224
2025-08-12 16:00:00,63.772,21.787,87.12,0.08712,41.985,16,1,0,8,224
2025-08-12 17:00:00,69.457,13.82,92.55,0.09255,55.637,17,1,0,8,224
2025-08-12 18:00:00,66.155,5.257,94.84,0.09484,60.898,18,1,0,8,224
2025-08-12 19:00:00,39.572,0.0,128.0,0.128,39.572,19,1,0,8,224
2025-08-12 20:00:00,38.38,0.0,117.37,0.11737,38.38,20,1,0,8,224
2025-08-12 21:00:00,36.593,0.0,110.04,0.11004,36.593,21,1,0,8,224
2025-08-12 22:00:00,38.832,0.0,98.26,0.09826,38.832,22,1,0,8,224
2025-08-12 23:00:00,32.31,0.0,73.78,0.07378,32.31,23,1,0,8,224
2025-08-13 00:00:00,29.4,0.0,78.74,0.07874,29.4,0,2,0,8,225
2025-08-13 01:00:00,28.429,0.0,88.81,0.08881,28.429,1,2,0,8,225
2025-08-13 02:00:00,28.639,0.0,71.31,0.07131,28.639,2,2,0,8,225
2025-08-13 03:00:00,32.618,0.0,102.3,0.1023,32.618,3,2,0,8,225
2025-08-13 04:00:00,33.362,0.0,63.62,0.06362,33.362,4,2,0,8,225
2025-08-13 05:00:00,27.307,0.0,80.04,0.08004,27.307,5,2,0,8,225
2025-08-13 06:00:00,41.032,0.0,76.19,0.07619,41.032,6,2,0,8,225
2025-08-13 07:00:00,44.386,5.419,104.33,0.10433,38.967,7,2,0,8,225
2025-08-13 08:00:00,68.655,14.941,104.99,0.10499,53.714,8,2,0,8,225
2025-08-13 09:00:00,67.434,24.261,96.11,0.09611,43.173,9,2,0,8,225
2025-08-13 10:00:00,59.761,25.16,80.55,0.08055,34.601,10,2,0,8,225
2025-08-13 11:00:00,62.922,21.047,75.19,0.07519,41.875,11,2,0,8,225
2025-08-13 12:00:00,60.789,33.708,80.93,0.08093,27.081,12,2,0,8,225
2025-08-13 13:00:00,62.911,34.943,64.71,0.06471,27.968,13,2,0,8,225
2025-08-13 14:00:00,68.901,27.111,62.84,0.06284,41.79,14,2,0,8,225
2025-08-13 15:00:00,59.214,30.051,69.64,0.06964,29.163,15,2,0,8,225
2025-08-13 16:00:00,58.586,24.261,73.22,0.07322,34.325,16,2,0,8,225
2025-08-13 17:00:00,61.115,10.729,71.45,0.07145,50.386,17,2,0,8,225
2025-08-13 18:00:00,64.686,3.592,90.08,0.09008,61.094,18,2,0,8,225
2025-08-13 19:00:00,40.581,0.0,103.24,0.10324,40.581,19,2,0,8,225
2025-08-13 20:00:00,39.995,0.0,114.76,0.11476,39.995,20,2,0,8,225
2025-08-13 21:00:00,42.357,0.0,119.01,0.11901,42.357,21,2,0,8,225
2025-08-13 22:00:00,32.953,0.0,108.29,0.10829,32.953,22,2,0,8,225
2025-08-13 23:00:00,33.244,0.0,109.01,0.10901,33.244,23,2,0,8,225
2025-08-14 00:00:00,28.446,0.0,70.68,0.07068,28.446,0,3,0,8,226
2025-08-14 01:00:00,31.786,0.0,87.84,0.08784,31.786,1,3,0,8,226
2025-08-14 02:00:00,25.21,0.0,76.99,0.07699,25.21,2,3,0,8,226
2025-08-14 03:00:00,29.461,0.0,104.89,0.10489,29.461,3,3,0,8,226
2025-08-14 04:00:00,30.201,0.0,84.9,0.0849,30.201,4,3,0,8,226
2025-08-14 05:00:00,33.143,0.0,82.18,0.08218,33.143,5,3,0,8,226
2025-08-14 06:00:00,38.106,0.0,93.74,0.09374,38.106,6,3,0,8,226
2025-08-14 07:00:00,43.277,7.733,97.05,0.09705,35.544,7,3,0,8,226
2025-08-14 08:00:00,60.307,3.695,94.59,0.09459,56.612,8,3,0,8,226
2025-08-14 09:00:00,65.397,23.967,104.64,0.10464,41.43,9,3,0,8,226
2025-08-14 10:00:00,66.266,24.761,109.8,0.1098,41.505,10,3,0,8,226
2025-08-14 11:00:00,67.898,32.127,96.28,0.09628,35.771,11,3,0,8,226
2025-08-14 12:00:00,62.067,35.896,76.87,0.07687,26.171,12,3,0,8,226
2025-08-14 13:00:00,66.747,35.896,89.16,0.08916,30.851,13,3,0,8,226
2025-08-14 14:00:00,68.134,33.81,73.2,0.0732,34.324,14,3,0,8,226
2025-08-14 15:00:00,58.521,29.463,59.33,0.05933,29.058,15,3,0,8,226
2025-08-14 16:00:00,65.739,20.269,77.83,0.07783,45.47,16,3,0,8,226
2025-08-14 17:00:00,66.847,16.238,86.7,0.0867,50.609,17,3,0,8,226
2025-08-14 18:00:00,62.951,4.695,97.9,0.0979,58.256,18,3,0,8,226
2025-08-14 19:00:00,34.726,0.0,119.38,0.11938,34.726,19,3,0,8,226
2025-08-14 20:00:00,41.618,0.0,103.17,0.10317,41.618,20,3,0,8,226
2025-08-14 21:00:00,34.762,0.0,134.06,0.13406,34.762,21,3,0,8,226
2025-08-14 22:00:00,38.03,0.0,113.85,0.11385,38.03,22,3,0,8,226
2025-08-14 23:00:00,29.316,0.0,78.66,0.07866,29.316,23,3,0,8,226
2025-08-15 00:00:00,31.738,0.0,90.68,0.09068,31.738,0,4,0,8,227
2025-08-15 01:00:00,27.443,0.0,89.13,0.08913,27.443,1,4,0,8,227
2025-08-15 02:00:00,27.257,0.0,99.43,0.09943,27.257,2,4,0,8,227
2025-08-15 03:00:00,29.765,0.0,102.3,0.1023,29.765,3,4,0,8,227
2025-08-15 04:00:00,32.669,0.0,104.81,0.10481,32.669,4,4,0,8,227
2025-08-15 05:00:00,36.768,0.0,84.95,0.08495,36.768,5,4,0,8,227
2025-08-15 06:00:00,38.362,0.0,96.33,0.09633,38.362,6,4,0,8,227
2025-08-15 07:00:00,44.195,8.551,90.2,0.0902,35.644,7,4,0,8,227
2025-08-15 08:00:00,60.315,5.18,108.1,0.1081,55.135,8,4,0,8,227
2025-08-15 09:00:00,67.053,18.804,77.01,0.07701,48.249,9,4,0,8,227
2025-08-15 10:00:00,60.789,25.242,81.86,0.08186,35.547,10,4,0,8,227
2025-08-15 11:00:00,61.633,25.402,82.68,0.08268,36.231,11,4,0,8,227
2025-08-15 12:00:00,61.907,27.357,77.68,0.07768,34.55,12,4,0,8,227
2025-08-15 13:00:00,63.549,33.88,72.96,0.07296,29.669,13,4,0,8,227
2025-08-15 14:00:00,64.827,29.477,169.07,0.16907,35.35,14,4,0,8,227
2025-08-15 15:00:00,65.34,25.663,63.73,0.06373,39.677,15,4,0,8,227
2025-08-15 16:00:00,63.774,19.369,64.28,0.06428,44.405,16,4,0,8,227
2025-08-15 17:00:00,59.537,10.183,84.92,0.08492,49.354,17,4,0,8,227
2025-08-15 18:00:00,66.121,8.551,97.18,0.09718,57.57,18,4,0,8,227
2025-08-15 19:00:00,38.437,0.0,121.69,0.12169,38.437,19,4,0,8,227
2025-08-15 20:00:00,42.324,0.0,137.14,0.13714,42.324,20,4,0,8,227
2025-08-15 21:00:00,36.342,0.0,132.31,0.13231,36.342,21,4,0,8,227
2025-08-15 22:00:00,33.479,0.0,118.55,0.11855,33.479,22,4,0,8,227
2025-08-15 23:00:00,29.339,0.0,91.3,0.0913,29.339,23,4,0,8,227
2025-08-16 00:00:00,29.934,0.0,75.99,0.07599,29.934,0,5,1,8,228
2025-08-16 01:00:00,26.302,0.0,81.87,0.08187,26.302,1,5,1,8,228
2025-08-16 02:00:00,25.148,0.0,70.0,0.07,25.148,2,5,1,8,228
2025-08-16 03:00:00,23.002,0.0,71.21,0.07121,23.002,3,5,1,8,228
2025-08-16 04:00:00,31.412,0.0,82.55,0.08255,31.412,4,5,1,8,228
2025-08-16 05:00:00,22.492,0.0,67.01,0.06701,22.492,5,5,1,8,228
2025-08-16 06:00:00,32.81,0.0,94.77,0.09477,32.81,6,5,1,8,228
2025-08-16 07:00:00,36.955,4.764,83.91,0.08391,32.191,7,5,1,8,228
2025-08-16 08:00:00,43.209,14.976,96.65,0.09665,28.233,8,5,1,8,228
2025-08-16 09:00:00,53.227,23.408,93.61,0.09361,29.819,9,5,1,8,228
2025-08-16 10:00:00,51.145,28.672,100.08,0.10008,22.473,10,5,1,8,228
2025-08-16 11:00:00,52.025,26.464,58.66,0.05866,25.561,11,5,1,8,228
2025-08-16 12:00:00,50.934,20.722,83.81,0.08381,30.212,12,5,1,8,228
2025-08-16 13:00:00,48.632,28.935,76.63,0.07663,19.697,13,5,1,8,228
2025-08-16 14:00:00,45.746,30.923,64.04,0.06404,14.823,14,5,1,8,228
2025-08-16 15:00:00,48.7,29.051,68.37,0.06837,19.649,15,5,1,8,228
2025-08-16 16:00:00,46.027,21.005,76.09,0.07609,25.022,16,5,1,8,228
2025-08-16 17:00:00,50.704,13.202,72.71,0.07271,37.502,17,5,1,8,228
2025-08-16 18:00:00,51.73,5.51,96.71,0.09671,46.22,18,5,1,8,228
2025-08-16 19:00:00,36.742,0.0,117.98,0.11798,36.742,19,5,1,8,228
2025-08-16 20:00:00,33.206,0.0,96.93,0.09693,33.206,20,5,1,8,228
2025-08-16 21:00:00,34.975,0.0,115.59,0.11559,34.975,21,5,1,8,228
2025-08-16 22:00:00,31.066,0.0,101.45,0.10145,31.066,22,5,1,8,228
2025-08-16 23:00:00,24.256,0.0,96.2,0.0962,24.256,23,5,1,8,228
2025-08-17 00:00:00,27.305,0.0,64.81,0.06481,27.305,0,6,1,8,229
2025-08-17 01:00:00,24.553,0.0,70.11,0.07011,24.553,1,6,1,8,229
2025-08-17 02:00:00,26.651,0.0,63.67,0.06367,26.651,2,6,1,8,229
2025-08-17 03:00:00,22.393,0.0,63.84,0.06384,22.393,3,6,1,8,229
2025-08-17 04:00:00,22.968,0.0,87.04,0.08704,22.968,4,6,1,8,229
2025-08-17 05:00:00,27.823,0.0,74.68,0.07468,27.823,5,6,1,8,229
2025-08-17 06:00:00,37.974,0.0,77.15,0.07715,37.974,6,6,1,8,229
2025-08-17 07:00:00,31.982,7.618,98.76,0.09876,24.364,7,6,1,8,229
2025-08-17 08:00:00,51.303,13.122,87.73,0.08773,38.181,8,6,1,8,229
2025-08-17 09:00:00,47.452,22.538,101.11,0.10111,24.914,9,6,1,8,229
2025-08-17 10:00:00,49.21,25.175,76.97,0.07697,24.035,10,6,1,8,229
2025-08-17 11:00:00,53.691,25.902,76.41,0.07641,27.789,11,6,1,8,229
2025-08-17 12:00:00,51.741,34.611,62.08,0.06208,17.13,12,6,1,8,229
2025-08-17 13:00:00,51.704,34.611,69.65,0.06965,17.093,13,6,1,8,229
2025-08-17 14:00:00,55.265,24.389,59.09,0.05909,30.876,14,6,1,8,229
2025-08-17 15:00:00,46.905,24.26,70.39,0.07039,22.645,15,6,1,8,229
2025-08-17 16:00:00,46.002,9.201,71.58,0.07158,36.801,16,6,1,8,229
2025-08-17 17:00:00,46.846,11.32,62.18,0.06218,35.526,17,6,1,8,229
2025-08-17 18:00:00,48.343,5.688,93.45,0.09345,42.655,18,6,1,8,229
2025-08-17 19:00:00,24.486,0.0,93.65,0.09365,24.486,19,6,1,8,229
2025-08-17 20:00:00,31.357,0.0,118.2,0.1182,31.357,20,6,1,8,229
2025-08-17 21:00:00,30.278,0.0,116.36,0.11636,30.278,21,6,1,8,229
2025-08-17 22:00:00,34.529,0.0,107.09,0.10709,34.529,22,6,1,8,229
2025-08-17 23:00:00,26.917,0.0,88.62,0.08862,26.917,23,6,1,8,229
2025-08-18 00:00:00,27.536,0.0,68.13,0.06813,27.536,0,0,0,8,230
2025-08-18 01:00:00,31.346,0.0,86.57,0.08657,31.346,1,0,0,8,230
2025-08-18 02:00:00,31.773,0.0,88.62,0.08862,31.773,2,0,0,8,230
2025-08-18 03:00:00,26.999,0.0,83.01,0.08301,26.999,3,0,0,8,230
2025-08-18 04:00:00,27.881,0.0,86.51,0.08651,27.881,4,0,0,8,230
2025-08-18 05:00:00,22.337,0.0,68.62,0.06862,22.337,5,0,0,8,230
2025-08-18 06:00:00,39.718,0.0,91.36,0.09136,39.718,6,0,0,8,230
2025-08-18 07:00:00,40.832,3.672,93.69,0.09369,37.16,7,0,0,8,230
2025-08-18 08:00:00,64.071,13.216,195.16,0.19516,50.855,8,0,0,8,230
2025-08-18 09:00:00,60.808,13.257,103.68,0.10368,47.551,9,0,0,8,230
2025-08-18 10:00:00,62.19,26.87,89.45,0.08945,35.32,10,0,0,8,230
2025-08-18 11:00:00,59.912,20.596,89.09,0.08909,39.316,11,0,0,8,230
2025-08-18 12:00:00,64.381,21.591,82.94,0.08294,42.79,12,0,0,8,230
2025-08-18 13:00:00,65.196,28.363,74.38,0.07438,36.833,13,0,0,8,230
2025-08-18 14:00:00,65.121,20.028,54.67,0.05467,45.093,14,0,0,8,230
2025-08-18 15:00:00,63.873,16.095,66.16,0.06616,47.778,15,0,0,8,230
2025-08-18 16:00:00,58.902,9.431,98.27,0.09827,49.471,16,0,0,8,230
2025-08-18 17:00:00,61.85,13.876,102.52,0.10252,47.974,17,0,0,8,230
2025-08-18 18:00:00,62.53,8.163,111.36,0.11136,54.367,18,0,0,8,230
2025-08-18 19:00:00,37.334,0.0,118.67,0.11867,37.334,19,0,0,8,230
2025-08-18 20:00:00,38.865,0.0,111.78,0.11178,38.865,20,0,0,8,230
2025-08-18 21:00:00,43.187,0.0,116.11,0.11611,43.187,21,0,0,8,230
2025-08-18 22:00:00,41.224,0.0,103.2,0.1032,41.224,22,0,0,8,230
2025-08-18 23:00:00,26.298,0.0,95.92,0.09592,26.298,23,0,0,8,230
2025-08-19 00:00:00,31.633,0.0,69.91,0.06991,31.633,0,1,0,8,231
2025-08-19 01:00:00,31.511,0.0,93.94,0.09394,31.511,1,1,0,8,231
2025-08-19 02:00:00,26.883,0.0,57.61,0.05761,26.883,2,1,0,8,231
2025-08-19 03:00:00,32.178,0.0,93.33,0.09333,32.178,3,1,0,8,231
2025-08-19 04:00:00,28.949,0.0,94.34,0.09434,28.949,4,1,0,8,231
2025-08-19 05:00:00,24.95,0.0,110.69,0.11069,24.95,5,1,0,8,231
2025-08-19 06:00:00,44.673,0.0,88.12,0.08812,44.673,6,1,0,8,231
2025-08-19 07:00:00,43.911,6.431,89.5,0.0895,37.48,7,1,0,8,231
2025-08-19 08:00:00,63.119,13.255,99.22,0.09922,49.864,8,1,0,8,231
2025-08-19 09:00:00,63.728,17.602,103.92,0.10392,46.126,9,1,0,8,231
2025-08-19 10:00:00,61.547,26.128,93.41,0.09341,35.419,10,1,0,8,231
2025-08-19 11:00:00,65.8,31.78,74.89,0.07489,34.02,11,1,0,8,231
2025-08-19 12:00:00,63.709,14.456,83.57,0.08357,49.253,12,1,0,8,231
2025-08-19 13:00:00,64.38,15.821,71.01,0.07101,48.559,13,1,0,8,231
2025-08-19 14:00:00,64.991,22.802,57.92,0.05792,42.189,14,1,0,8,231
2025-08-19 15:00:00,60.153,27.972,53.68,0.05368,32.181,15,1,0,8,231
2025-08-19 16:00:00,60.986,22.539,101.59,0.10159,38.447,16,1,0,8,231
2025-08-19 17:00:00,56.776,14.844,96.81,0.09681,41.932,17,1,0,8,231
2025-08-19 18:00:00,65.655,2.941,108.53,0.10853,62.714,18,1,0,8,231
2025-08-19 19:00:00,34.752,0.0,242.98,0.24298,34.752,19,1,0,8,231
2025-08-19 20:00:00,39.056,0.0,128.48,0.12848,39.056,20,1,0,8,231
2025-08-19 21:00:00,39.819,0.0,107.13,0.10713,39.819,21,1,0,8,231
2025-08-19 22:00:00,40.559,0.0,109.35,0.10935,40.559,22,1,0,8,231
2025-08-19 23:00:00,25.609,0.0,99.12,0.09912,25.609,23,1,0,8,231
2025-08-20 00:00:00,29.257,0.0,74.03,0.07403,29.257,0,2,0,8,232
2025-08-20 01:00:00,34.811,0.0,83.27,0.08327,34.811,1,2,0,8,232
2025-08-20 02:00:00,34.951,0.0,80.27,0.08027,34.951,2,2,0,8,232
2025-08-20 03:00:00,32.625,0.0,77.05,0.07705,32.625,3,2,0,8,232
2025-08-20 04:00:00,30.546,0.0,80.11,0.08011,30.546,4,2,0,8,232
2025-08-20 05:00:00,26.249,0.0,70.28,0.07028,26.249,5,2,0,8,232
2025-08-20 06:00:00,45.524,0.0,101.17,0.10117,45.524,6,2,0,8,232
2025-08-20 07:00:00,42.719,6.757,110.25,0.11025,35.962,7,2,0,8,232
2025-08-20 08:00:00,65.656,9.697,88.67,0.08867,55.959,8,2,0,8,232
2025-08-20 09:00:00,61.837,18.044,109.34,0.10934,43.793,9,2,0,8,232
2025-08-20 10:00:00,63.309,27.609,93.92,0.09392,35.7,10,2,0,8,232
2025-08-20 11:00:00,64.388,31.368,86.54,0.08654,33.02,11,2,0,8,232
2025-08-20 12:00:00,64.651,27.423,64.95,0.06495,37.228,12,2,0,8,232
2025-08-20 13:00:00,65.442,32.893,65.36,0.06536,32.549,13,2,0,8,232
2025-08-20 14:00:00,62.009,26.693,73.26,0.07326,35.316,14,2,0,8,232
2025-08-20 15:00:00,59.564,21.396,60.1,0.0601,38.168,15,2,0,8,232
2025-08-20 16:00:00,69.062,15.908,69.4,0.0694,53.154,16,2,0,8,232
2025-08-20 17:00:00,71.828,13.38,83.33,0.08333,58.448,17,2,0,8,232
2025-08-20 18:00:00,65.294,7.494,68.79,0.06879,57.8,18,2,0,8,232
2025-08-20 19:00:00,34.401,0.0,119.06,0.11906,34.401,19,2,0,8,232
2025-08-20 20:00:00,36.164,0.0,127.88,0.12788,36.164,20,2,0,8,232
2025-08-20 21:00:00,40.267,0.0,121.22,0.12122,40.267,21,2,0,8,232
2025-08-20 22:00:00,42.93,0.0,116.7,0.1167,42.93,22,2,0,8,232
2025-08-20 23:00:00,25.584,0.0,92.18,0.09218,25.584,23,2,0,8,232
2025-08-21 00:00:00,29.072,0.0,102.34,0.10234,29.072,0,3,0,8,233
2025-08-21 01:00:00,30.096,0.0,75.79,0.07579,30.096,1,3,0,8,233
2025-08-21 02:00:00,32.236,0.0,82.08,0.08208,32.236,2,3,0,8,233
2025-08-21 03:00:00,28.37,0.0,81.38,0.08138,28.37,3,3,0,8,233
2025-08-21 04:00:00,24.465,0.0,87.29,0.08729,24.465,4,3,0,8,233
2025-08-21 05:00:00,31.457,0.0,84.87,0.08487,31.457,5,3,0,8,233
2025-08-21 06:00:00,46.832,0.0,89.44,0.08944,46.832,6,3,0,8,233
2025-08-21 07:00:00,42.968,6.684,87.76,0.08776,36.284,7,3,0,8,233
2025-08-21 08:00:00,65.174,14.161,93.48,0.09348,51.013,8,3,0,8,233
2025-08-21 09:00:00,62.359,6.9,75.82,0.07582,55.459,9,3,0,8,233
2025-08-21 10:00:00,61.171,23.536,102.19,0.10219,37.635,10,3,0,8,233
2025-08-21 11:00:00,67.162,21.304,76.35,0.07635,45.858,11,3,0,8,233
2025-08-21 12:00:00,65.117,31.3,72.92,0.07292,33.817,12,3,0,8,233
2025-08-21 13:00:00,65.447,29.948,60.27,0.06027,35.499,13,3,0,8,233
2025-08-21 14:00:00,68.684,26.267,12.48,0.01248,42.417,14,3,0,8,233
2025-08-21 15:00:00,60.502,12.434,64.34,0.06434,48.068,15,3,0,8,233
2025-08-21 16:00:00,62.111,21.153,52.31,0.05231,40.958,16,3,0,8,233
2025-08-21 17:00:00,64.383,8.82,91.15,0.09115,55.563,17,3,0,8,233
2025-08-21 18:00:00,62.072,6.924,95.31,0.09531,55.148,18,3,0,8,233
2025-08-21 19:00:00,41.151,0.0,115.47,0.11547,41.151,19,3,0,8,233
2025-08-21 20:00:00,38.045,0.0,129.75,0.12975,38.045,20,3,0,8,233
2025-08-21 21:00:00,35.469,0.0,107.62,0.10762,35.469,21,3,0,8,233
2025-08-21 22:00:00,38.855,0.0,106.69,0.10669,38.855,22,3,0,8,233
2025-08-21 23:00:00,30.014,0.0,88.83,0.08883,30.014,23,3,0,8,233
2025-08-22 00:00:00,32.464,0.0,94.02,0.09402,32.464,0,4,0,8,234
2025-08-22 01:00:00,30.731,0.0,84.96,0.08496,30.731,1,4,0,8,234
2025-08-22 02:00:00,30.949,0.0,84.02,0.08402,30.949,2,4,0,8,234
2025-08-22 03:00:00,30.498,0.0,72.12,0.07212,30.498,3,4,0,8,234
2025-08-22 04:00:00,28.871,0.0,92.85,0.09285,28.871,4,4,0,8,234
2025-08-22 05:00:00,27.181,0.0,95.96,0.09596,27.181,5,4,0,8,234
2025-08-22 06:00:00,44.165,0.0,82.73,0.08273,44.165,6,4,0,8,234
2025-08-22 07:00:00,42.175,5.741,96.01,0.09601,36.434,7,4,0,8,234
2025-08-22 08:00:00,69.3,7.859,103.66,0.10366,61.441,8,4,0,8,234
2025-08-22 09:00:00,68.188,21.658,120.27,0.12027,46.53,9,4,0,8,234
2025-08-22 10:00:00,65.918,19.352,98.0,0.098,46.566,10,4,0,8,234
2025-08-22 11:00:00,65.104,30.16,86.49,0.08649,34.944,11,4,0,8,234
2025-08-22 12:00:00,63.611,32.422,76.2,0.0762,31.189,12,4,0,8,234
2025-08-22 13:00:00,59.857,30.888,69.83,0.06983,28.969,13,4,0,8,234
2025-08-22 14:00:00,63.201,27.715,75.45,0.07545,35.486,14,4,0,8,234
2025-08-22 15:00:00,64.217,26.697,60.88,0.06088,37.52,15,4,0,8,234
2025-08-22 16:00:00,64.627,21.658,86.0,0.086,42.969,16,4,0,8,234
2025-08-22 17:00:00,65.395,15.178,72.85,0.07285,50.217,17,4,0,8,234
2025-08-22 18:00:00,66.841,7.518,109.37,0.10937,59.323,18,4,0,8,234
2025-08-22 19:00:00,36.437,0.0,125.07,0.12507,36.437,19,4,0,8,234
2025-08-22 20:00:00,36.466,0.0,129.42,0.12942,36.466,20,4,0,8,234
2025-08-22 21:00:00,43.295,0.0,120.13,0.12013,43.295,21,4,0,8,234
2025-08-22 22:00:00,41.119,0.0,111.07,0.11107,41.119,22,4,0,8,234
2025-08-22 23:00:00,28.223,0.0,92.46,0.09246,28.223,23,4,0,8,234
2025-08-23 00:00:00,25.461,0.0,65.83,0.06583,25.461,0,5,1,8,235
2025-08-23 01:00:00,25.476,0.0,79.59,0.07959,25.476,1,5,1,8,235
2025-08-23 02:00:00,25.905,0.0,77.86,0.07786,25.905,2,5,1,8,235
2025-08-23 03:00:00,27.317,0.0,86.7,0.0867,27.317,3,5,1,8,235
2025-08-23 04:00:00,33.916,0.0,76.86,0.07686,33.916,4,5,1,8,235
2025-08-23 05:00:00,26.412,0.0,81.71,0.08171,26.412,5,5,1,8,235
2025-08-23 06:00:00,37.29,0.0,86.19,0.08619,37.29,6,5,1,8,235
2025-08-23 07:00:00,29.773,4.212,93.12,0.09312,25.561,7,5,1,8,235
2025-08-23 08:00:00,47.666,10.404,100.2,0.1002,37.262,8,5,1,8,235
2025-08-23 09:00:00,53.15,15.644,81.48,0.08148,37.506,9,5,1,8,235
2025-08-23 10:00:00,50.505,21.053,94.03,0.09403,29.452,10,5,1,8,235
2025-08-23 11:00:00,35.173,20.562,77.61,0.07761,14.611,11,5,1,8,235
2025-08-23 12:00:00,51.375,31.98,77.1,0.0771,19.395,12,5,1,8,235
2025-08-23 13:00:00,55.356,27.915,78.5,0.0785,27.441,13,5,1,8,235
2025-08-23 14:00:00,42.831,22.499,39.62,0.03962,20.332,14,5,1,8,235
2025-08-23 15:00:00,54.08,12.901,74.77,0.07477,41.179,15,5,1,8,235
2025-08-23 16:00:00,40.348,16.661,68.41,0.06841,23.687,16,5,1,8,235
2025-08-23 17:00:00,52.219,6.715,72.63,0.07263,45.504,17,5,1,8,235
2025-08-23 18:00:00,49.19,3.115,91.26,0.09126,46.075,18,5,1,8,235
2025-08-23 19:00:00,24.528,0.0,98.24,0.09824,24.528,19,5,1,8,235
2025-08-23 20:00:00,33.476,0.0,119.36,0.11936,33.476,20,5,1,8,235
2025-08-23 21:00:00,35.731,0.0,100.0,0.1,35.731,21,5,1,8,235
2025-08-23 22:00:00,33.212,0.0,112.09,0.11209,33.212,22,5,1,8,235
2025-08-23 23:00:00,27.676,0.0,96.31,0.09631,27.676,23,5,1,8,235
2025-08-24 00:00:00,24.49,0.0,79.27,0.07927,24.49,0,6,1,8,236
2025-08-24 01:00:00,19.851,0.0,56.66,0.05666,19.851,1,6,1,8,236
2025-08-24 02:00:00,28.021,0.0,63.87,0.06387,28.021,2,6,1,8,236
2025-08-24 03:00:00,31.406,0.0,76.58,0.07658,31.406,3,6,1,8,236
2025-08-24 04:00:00,29.422,0.0,77.95,0.07795,29.422,4,6,1,8,236
2025-08-24 05:00:00,19.446,0.0,89.44,0.08944,19.446,5,6,1,8,236
2025-08-24 06:00:00,30.328,0.0,54.12,0.05412,30.328,6,6,1,8,236
2025-08-24 07:00:00,32.469,2.819,79.73,0.07973,29.65,7,6,1,8,236
2025-08-24 08:00:00,44.131,14.763,99.01,0.09901,29.368,8,6,1,8,236
2025-08-24 09:00:00,49.37,14.77,87.57,0.08757,34.6,9,6,1,8,236
2025-08-24 10:00:00,50.488,21.543,82.27,0.08227,28.945,10,6,1,8,236
2025-08-24 11:00:00,44.652,29.067,63.22,0.06322,15.585,11,6,1,8,236
2025-08-24 12:00:00,51.716,27.616,81.19,0.08119,24.1,12,6,1,8,236
2025-08-24 13:00:00,51.152,23.043,58.79,0.05879,28.109,13,6,1,8,236
2025-08-24 14:00:00,47.475,29.704,71.57,0.07157,17.771,14,6,1,8,236
2025-08-24 15:00:00,48.677,14.958,77.21,0.07721,33.719,15,6,1,8,236
2025-08-24 16:00:00,42.989,9.763,82.69,0.08269,33.226,16,6,1,8,236
2025-08-24 17:00:00,48.166,10.525,80.79,0.08079,37.641,17,6,1,8,236
2025-08-24 18:00:00,49.252,6.801,90.72,0.09072,42.451,18,6,1,8,236
2025-08-24 19:00:00,32.593,0.0,102.95,0.10295,32.593,19,6,1,8,236
2025-08-24 20:00:00,33.265,0.0,133.89,0.13389,33.265,20,6,1,8,236
2025-08-24 21:00:00,32.835,0.0,108.16,0.10816,32.835,21,6,1,8,236
2025-08-24 22:00:00,31.207,0.0,110.51,0.11051,31.207,22,6,1,8,236
2025-08-24 23:00:00,26.723,0.0,94.14,0.09414,26.723,23,6,1,8,236
2025-08-25 00:00:00,32.692,0.0,79.81,0.07981,32.692,0,0,0,8,237
2025-08-25 01:00:00,29.18,0.0,81.42,0.08142,29.18,1,0,0,8,237
2025-08-25 02:00:00,30.502,0.0,95.86,0.09586,30.502,2,0,0,8,237
2025-08-25 03:00:00,28.889,0.0,84.62,0.08462,28.889,3,0,0,8,237
2025-08-25 04:00:00,27.416,0.0,80.59,0.08059,27.416,4,0,0,8,237
2025-08-25 05:00:00,31.158,0.0,78.9,0.0789,31.158,5,0,0,8,237
2025-08-25 06:00:00,41.491,0.0,93.37,0.09337,41.491,6,0,0,8,237
2025-08-25 07:00:00,44.503,4.302,89.09,0.08909,40.201,7,0,0,8,237
2025-08-25 08:00:00,64.031,13.405,103.5,0.1035,50.626,8,0,0,8,237
2025-08-25 09:00:00,62.968,6.472,123.31,0.12331,56.496,9,0,0,8,237
2025-08-25 10:00:00,62.891,22.999,99.05,0.09905,39.892,10,0,0,8,237
2025-08-25 11:00:00,62.315,18.392,104.31,0.10431,43.923,11,0,0,8,237
2025-08-25 12:00:00,58.674,29.063,70.38,0.07038,29.611,12,0,0,8,237
2025-08-25 13:00:00,65.166,27.912,77.41,0.07741,37.254,13,0,0,8,237
2025-08-25 14:00:00,64.682,22.469,80.11,0.08011,42.213,14,0,0,8,237
2025-08-25 15:00:00,66.66,18.582,83.28,0.08328,48.078,15,0,0,8,237
2025-08-25 16:00:00,62.24,14.987,89.24,0.08924,47.253,16,0,0,8,237
2025-08-25 17:00:00,70.006,10.892,88.21,0.08821,59.114,17,0,0,8,237
2025-08-25 18:00:00,62.726,3.498,111.39,0.11139,59.228,18,0,0,8,237
2025-08-25 19:00:00,35.873,0.0,105.23,0.10523,35.873,19,0,0,8,237
2025-08-25 20:00:00,35.494,0.0,137.21,0.13721,35.494,20,0,0,8,237
2025-08-25 21:00:00,33.125,0.0,107.68,0.10768,33.125,21,0,0,8,237
2025-08-25 22:00:00,43.578,0.0,119.44,0.11944,43.578,22,0,0,8,237
2025-08-25 23:00:00,33.873,0.0,106.68,0.10668,33.873,23,0,0,8,237
2025-08-26 00:00:00,31.412,0.0,94.23,0.09423,31.412,0,1,0,8,238
2025-08-26 01:00:00,26.622,0.0,104.53,0.10453,26.622,1,1,0,8,238
2025-08-26 02:00:00,35.285,0.0,94.48,0.09448,35.285,2,1,0,8,238
2025-08-26 03:00:00,28.364,0.0,70.98,0.07098,28.364,3,1,0,8,238
2025-08-26 04:00:00,28.629,0.0,90.96,0.09096,28.629,4,1,0,8,238
2025-08-26 05:00:00,34.089,0.0,68.01,0.06801,34.089,5,1,0,8,238
2025-08-26 06:00:00,45.385,0.0,89.19,0.08919,45.385,6,1,0,8,238
2025-08-26 07:00:00,50.32,3.307,89.96,0.08996,47.013,7,1,0,8,238
2025-08-26 08:00:00,64.754,14.347,103.87,0.10387,50.407,8,1,0,8,238
2025-08-26 09:00:00,62.687,15.003,89.57,0.08957,47.684,9,1,0,8,238
2025-08-26 10:00:00,62.0,24.444,85.86,0.08586,37.556,10,1,0,8,238
2025-08-26 11:00:00,58.047,16.726,91.21,0.09121,41.321,11,1,0,8,238
2025-08-26 12:00:00,63.066,19.207,89.21,0.08921,43.859,12,1,0,8,238
2025-08-26 13:00:00,67.62,26.828,70.52,0.07052,40.792,13,1,0,8,238
2025-08-26 14:00:00,65.874,28.865,90.72,0.09072,37.009,14,1,0,8,238
2025-08-26 15:00:00,64.023,22.025,65.97,0.06597,41.998,15,1,0,8,238
2025-08-26 16:00:00,60.774,12.484,83.18,0.08318,48.29,16,1,0,8,238
2025-08-26 17:00:00,64.684,11.879,91.38,0.09138,52.805,17,1,0,8,238
2025-08-26 18:00:00,67.199,7.388,98.99,0.09899,59.811,18,1,0,8,238
2025-08-26 19:00:00,40.059,0.0,128.45,0.12845,40.059,19,1,0,8,238
2025-08-26 20:00:00,39.214,0.0,112.16,0.11216,39.214,20,1,0,8,238
2025-08-26 21:00:00,36.131,0.0,96.37,0.09637,36.131,21,1,0,8,238
2025-08-26 22:00:00,41.456,0.0,105.57,0.10557,41.456,22,1,0,8,238
2025-08-26 23:00:00,19.467,0.0,93.61,0.09361,19.467,23,1,0,8,238
2025-08-27 00:00:00,30.719,0.0,94.42,0.09442,30.719,0,2,0,8,239
2025-08-27 01:00:00,37.719,0.0,71.31,0.07131,37.719,1,2,0,8,239
2025-08-27 02:00:00,24.667,0.0,89.12,0.08912,24.667,2,2,0,8,239
2025-08-27 03:00:00,28.721,0.0,88.2,0.0882,28.721,3,2,0,8,239
2025-08-27 04:00:00,29.468,0.0,88.22,0.08822,29.468,4,2,0,8,239
2025-08-27 05:00:00,28.013,0.0,97.27,0.09727,28.013,5,2,0,8,239
2025-08-27 06:00:00,46.602,0.0,89.79,0.08979,46.602,6,2,0,8,239
2025-08-27 07:00:00,44.798,7.046,94.63,0.09463,37.752,7,2,0,8,239
2025-08-27 08:00:00,64.462,13.085,101.92,0.10192,51.377,8,2,0,8,239
2025-08-27 09:00:00,66.526,12.307,96.71,0.09671,54.219,9,2,0,8,239
2025-08-27 10:00:00,64.028,16.931,80.19,0.08019,47.097,10,2,0,8,239
2025-08-27 11:00:00,74.15,25.782,82.02,0.08202,48.368,11,2,0,8,239
2025-08-27 12:00:00,64.459,30.2,74.8,0.0748,34.259,12,2,0,8,239
2025-08-27 13:00:00,64.6,16.051,64.8,0.0648,48.549,13,2,0,8,239
2025-08-27 14:00:00,58.501,24.604,64.25,0.06425,33.897,14,2,0,8,239
2025-08-27 15:00:00,62.236,15.758,71.13,0.07113,46.478,15,2,0,8,239
2025-08-27 16:00:00,67.646,16.418,73.57,0.07357,51.228,16,2,0,8,239
2025-08-27 17:00:00,59.701,7.338,96.44,0.09644,52.363,17,2,0,8,239
2025-08-27 18:00:00,57.07,6.835,111.04,0.11104,50.235,18,2,0,8,239
2025-08-27 19:00:00,38.792,0.0,91.48,0.09148,38.792,19,2,0,8,239
2025-08-27 20:00:00,43.075,0.0,106.66,0.10666,43.075,20,2,0,8,239
2025-08-27 21:00:00,38.824,0.0,93.01,0.09301,38.824,21,2,0,8,239
2025-08-27 22:00:00,37.613,0.0,104.02,0.10402,37.613,22,2,0,8,239
2025-08-27 23:00:00,23.546,0.0,92.74,0.09274,23.546,23,2,0,8,239
2025-08-28 00:00:00,30.945,0.0,85.23,0.08523,30.945,0,3,0,8,240
2025-08-28 01:00:00,31.614,0.0,92.16,0.09216,31.614,1,3,0,8,240
2025-08-28 02:00:00,23.796,0.0,83.39,0.08339,23.796,2,3,0,8,240
2025-08-28 03:00:00,33.128,0.0,78.07,0.07807,33.128,3,3,0,8,240
2025-08-28 04:00:00,31.948,0.0,84.88,0.08488,31.948,4,3,0,8,240
2025-08-28 05:00:00,33.121,0.0,81.82,0.08182,33.121,5,3,0,8,240
2025-08-28 06:00:00,45.163,0.0,75.19,0.07519,45.163,6,3,0,8,240
2025-08-28 07:00:00,45.387,3.623,103.62,0.10362,41.764,7,3,0,8,240
2025-08-28 08:00:00,65.658,10.478,101.6,0.1016,55.18,8,3,0,8,240
2025-08-28 09:00:00,66.771,8.928,112.15,0.11215,57.843,9,3,0,8,240
2025-08-28 10:00:00,58.172,24.667,81.29,0.08129,33.505,10,3,0,8,240
2025-08-28 11:00:00,59.189,12.705,69.91,0.06991,46.484,11,3,0,8,240
2025-08-28 12:00:00,61.637,28.875,67.96,0.06796,32.762,12,3,0,8,240
2025-08-28 13:00:00,63.576,27.165,74.35,0.07435,36.411,13,3,0,8,240
2025-08-28 14:00:00,65.234,10.495,75.94,0.07594,54.739,14,3,0,8,240
2025-08-28 15:00:00,65.031,15.186,72.13,0.07213,49.845,15,3,0,8,240
2025-08-28 16:00:00,67.567,14.088,77.68,0.07768,53.479,16,3,0,8,240
2025-08-28 17:00:00,67.667,10.277,96.38,0.09638,57.39,17,3,0,8,240
2025-08-28 18:00:00,61.2,6.309,97.68,0.09768,54.891,18,3,0,8,240
2025-08-28 19:00:00,39.46,0.0,125.76,0.12576,39.46,19,3,0,8,240
2025-08-28 20:00:00,35.983,0.0,140.77,0.14077,35.983,20,3,0,8,240
2025-08-28 21:00:00,38.094,0.0,106.37,0.10637,38.094,21,3,0,8,240
2025-08-28 22:00:00,39.726,0.0,104.15,0.10415,39.726,22,3,0,8,240
2025-08-28 23:00:00,18.59,0.0,160.51,0.16051,18.59,23,3,0,8,240
2025-08-29 00:00:00,37.218,0.0,74.0,0.074,37.218,0,4,0,8,241
2025-08-29 01:00:00,31.315,0.0,87.6,0.0876,31.315,1,4,0,8,241
2025-08-29 02:00:00,27.596,0.0,66.89,0.06689,27.596,2,4,0,8,241
2025-08-29 03:00:00,35.67,0.0,76.24,0.07624,35.67,3,4,0,8,241
2025-08-29 04:00:00,28.391,0.0,95.39,0.09539,28.391,4,4,0,8,241
2025-08-29 05:00:00,29.926,0.0,88.93,0.08893,29.926,5,4,0,8,241
2025-08-29 06:00:00,41.746,0.0,97.57,0.09757,41.746,6,4,0,8,241
2025-08-29 07:00:00,48.592,6.666,81.04,0.08104,41.926,7,4,0,8,241
2025-08-29 08:00:00,63.674,12.684,97.96,0.09796,50.99,8,4,0,8,241
2025-08-29 09:00:00,64.488,18.294,116.46,0.11646,46.194,9,4,0,8,241
2025-08-29 10:00:00,67.862,22.235,86.97,0.08697,45.627,10,4,0,8,241
2025-08-29 11:00:00,65.882,27.605,81.11,0.08111,38.277,11,4,0,8,241
2025-08-29 12:00:00,63.836,29.308,83.07,0.08307,34.528,12,4,0,8,241
2025-08-29 13:00:00,67.563,16.514,61.29,0.06129,51.049,13,4,0,8,241
2025-08-29 14:00:00,72.133,24.917,74.45,0.07445,47.216,14,4,0,8,241
2025-08-29 15:00:00,65.025,23.813,51.24,0.05124,41.212,15,4,0,8,241
2025-08-29 16:00:00,64.383,10.693,51.92,0.05192,53.69,16,4,0,8,241
2025-08-29 17:00:00,64.555,6.395,90.91,0.09091,58.16,17,4,0,8,241
2025-08-29 18:00:00,68.203,5.453,92.41,0.09241,62.75,18,4,0,8,241
2025-08-29 19:00:00,36.787,0.0,109.47,0.10947,36.787,19,4,0,8,241
2025-08-29 20:00:00,37.814,0.0,129.62,0.12962,37.814,20,4,0,8,241
2025-08-29 21:00:00,33.784,0.0,123.17,0.12317,33.784,21,4,0,8,241
2025-08-29 22:00:00,34.916,0.0,94.35,0.09435,34.916,22,4,0,8,241
2025-08-29 23:00:00,27.845,0.0,101.17,0.10117,27.845,23,4,0,8,241
2025-08-30 00:00:00,25.646,0.0,73.59,0.07359,25.646,0,5,1,8,242
2025-08-30 01:00:00,31.486,0.0,80.78,0.08078,31.486,1,5,1,8,242
2025-08-30 02:00:00,27.54,0.0,76.48,0.07648,27.54,2,5,1,8,242
2025-08-30 03:00:00,22.906,0.0,61.94,0.06194,22.906,3,5,1,8,242
2025-08-30 04:00:00,23.495,0.0,70.66,0.07066,23.495,4,5,1,8,242
2025-08-30 05:00:00,30.224,0.0,55.51,0.05551,30.224,5,5,1,8,242
2025-08-30 06:00:00,38.819,0.0,84.68,0.08468,38.819,6,5,1,8,242
2025-08-30 07:00:00,35.304,6.958,90.88,0.09088,28.346,7,5,1,8,242
2025-08-30 08:00:00,47.883,11.398,83.18,0.08318,36.485,8,5,1,8,242
2025-08-30 09:00:00,52.898,12.605,89.37,0.08937,40.293,9,5,1,8,242
2025-08-30 10:00:00,46.12,19.767,76.79,0.07679,26.353,10,5,1,8,242
2025-08-30 11:00:00,50.553,27.184,91.49,0.09149,23.369,11,5,1,8,242
2025-08-30 12:00:00,56.571,27.039,57.33,0.05733,29.532,12,5,1,8,242
2025-08-30 13:00:00,49.956,19.23,60.12,0.06012,30.726,13,5,1,8,242
2025-08-30 14:00:00,46.817,23.091,47.23,0.04723,23.726,14,5,1,8,242
2025-08-30 15:00:00,50.612,15.445,64.49,0.06449,35.167,15,5,1,8,242
2025-08-30 16:00:00,47.795,17.225,79.49,0.07949,30.57,16,5,1,8,242
2025-08-30 17:00:00,44.837,13.511,59.94,0.05994,31.326,17,5,1,8,242
2025-08-30 18:00:00,51.542,5.976,101.69,0.10169,45.566,18,5,1,8,242
2025-08-30 19:00:00,35.661,0.0,124.38,0.12438,35.661,19,5,1,8,242
2025-08-30 20:00:00,31.089,0.0,115.08,0.11508,31.089,20,5,1,8,242
2025-08-30 21:00:00,30.877,0.0,103.12,0.10312,30.877,21,5,1,8,242
2025-08-30 22:00:00,29.007,0.0,99.18,0.09918,29.007,22,5,1,8,242
2025-08-30 23:00:00,25.345,0.0,83.45,0.08345,25.345,23,5,1,8,242
2025-08-31 00:00:00,24.028,0.0,96.17,0.09617,24.028,0,6,1,8,243
2025-08-31 01:00:00,22.592,0.0,84.89,0.08489,22.592,1,6,1,8,243
2025-08-31 02:00:00,31.883,0.0,85.63,0.08563,31.883,2,6,1,8,243
2025-08-31 03:00:00,27.321,0.0,98.46,0.09846,27.321,3,6,1,8,243
2025-08-31 04:00:00,27.659,0.0,91.17,0.09117,27.659,4,6,1,8,243
2025-08-31 05:00:00,28.655,0.0,78.36,0.07836,28.655,5,6,1,8,243
2025-08-31 06:00:00,37.688,0.0,83.02,0.08302,37.688,6,6,1,8,243
2025-08-31 07:00:00,33.899,4.707,110.45,0.11045,29.192,7,6,1,8,243
2025-08-31 08:00:00,50.183,10.551,82.77,0.08277,39.632,8,6,1,8,243
2025-08-31 09:00:00,48.45,12.199,88.75,0.08875,36.251,9,6,1,8,243
2025-08-31 10:00:00,50.714,18.445,76.33,0.07633,32.269,10,6,1,8,243
2025-08-31 11:00:00,50.404,22.78,60.68,0.06068,27.624,11,6,1,8,243
2025-08-31 12:00:00,48.086,25.849,61.33,0.06133,22.237,12,6,1,8,243
2025-08-31 13:00:00,45.057,17.386,54.56,0.05456,27.671,13,6,1,8,243
2025-08-31 14:00:00,49.779,15.756,53.9,0.0539,34.023,14,6,1,8,243
2025-08-31 15:00:00,48.657,13.192,68.2,0.0682,35.465,15,6,1,8,243
2025-08-31 16:00:00,43.262,18.121,68.93,0.06893,25.141,16,6,1,8,243
2025-08-31 17:00:00,50.935,13.287,90.75,0.09075,37.648,17,6,1,8,243
2025-08-31 18:00:00,52.4,5.505,96.6,0.0966,46.895,18,6,1,8,243
2025-08-31 19:00:00,40.181,0.0,109.79,0.10979,40.181,19,6,1,8,243
2025-08-31 20:00:00,30.838,0.0,110.82,0.11082,30.838,20,6,1,8,243
2025-08-31 21:00:00,30.366,0.0,129.27,0.12927,30.366,21,6,1,8,243
2025-08-31 22:00:00,28.54,0.0,95.27,0.09527,28.54,22,6,1,8,243
2025-08-31 23:00:00,26.495,0.0,98.01,0.09801,26.495,23,6,1,8,243
2025-09-01 00:00:00,30.163,0.0,71.64,0.07164,30.163,0,0,0,9,244
2025-09-01 01:00:00,26.92,0.0,81.05,0.08105,26.92,1,0,0,9,244
2025-09-01 02:00:00,28.956,0.0,103.64,0.10364,28.956,2,0,0,9,244
2025-09-01 03:00:00,23.184,0.0,90.7,0.0907,23.184,3,0,0,9,244
2025-09-01 04:00:00,32.48,0.0,70.67,0.07067,32.48,4,0,0,9,244
2025-09-01 05:00:00,27.05,0.0,76.19,0.07619,27.05,5,0,0,9,244
2025-09-01 06:00:00,43.224,0.0,105.73,0.10573,43.224,6,0,0,9,244
2025-09-01 07:00:00,38.77,6.555,94.67,0.09467,32.215,7,0,0,9,244
2025-09-01 08:00:00,62.2,9.329,94.35,0.09435,52.871,8,0,0,9,244
2025-09-01 09:00:00,63.169,18.684,89.62,0.08962,44.485,9,0,0,9,244
2025-09-01 10:00:00,64.028,20.848,90.23,0.09023,43.18,10,0,0,9,244
2025-09-01 11:00:00,65.599,26.344,99.95,0.09995,39.255,11,0,0,9,244
2025-09-01 12:00:00,68.669,27.213,70.07,0.07007,41.456,12,0,0,9,244
2025-09-01 13:00:00,66.409,23.348,164.82,0.16482,43.061,13,0,0,9,244
2025-09-01 14:00:00,67.143,26.344,73.09,0.07309,40.799,14,0,0,9,244
2025-09-01 15:00:00,68.691,6.589,58.62,0.05862,62.102,15,0,0,9,244
2025-09-01 16:00:00,65.887,18.429,66.64,0.06664,47.458,16,0,0,9,244
2025-09-01 17:00:00,63.946,12.069,87.64,0.08764,51.877,17,0,0,9,244
2025-09-01 18:00:00,67.293,6.743,102.34,0.10234,60.55,18,0,0,9,244
2025-09-01 19:00:00,42.162,0.0,106.85,0.10685,42.162,19,0,0,9,244
2025-09-01 20:00:00,40.804,0.0,125.4,0.1254,40.804,20,0,0,9,244
2025-09-01 21:00:00,34.074,0.0,118.93,0.11893,34.074,21,0,0,9,244
2025-09-01 22:00:00,36.036,0.0,86.71,0.08671,36.036,22,0,0,9,244
2025-09-01 23:00:00,28.636,0.0,103.59,0.10359,28.636,23,0,0,9,244
2025-09-02 00:00:00,32.015,0.0,77.71,0.07771,32.015,0,1,0,9,245
2025-09-02 01:00:00,29.452,0.0,91.49,0.09149,29.452,1,1,0,9,245
2025-09-02 02:00:00,33.159,0.0,104.3,0.1043,33.159,2,1,0,9,245
2025-09-02 03:00:00,33.729,0.0,83.12,0.08312,33.729,3,1,0,9,245
2025-09-02 04:00:00,33.358,0.0,78.16,0.07816,33.358,4,1,0,9,245
2025-09-02 05:00:00,33.378,0.0,100.24,0.10024,33.378,5,1,0,9,245
2025-09-02 06:00:00,40.027,0.0,81.26,0.08126,40.027,6,1,0,9,245
2025-09-02 07:00:00,44.89,3.199,112.66,0.11266,41.691,7,1,0,9,245
2025-09-02 08:00:00,62.139,9.991,92.41,0.09241,52.148,8,1,0,9,245
2025-09-02 09:00:00,58.806,14.855,204.93,0.20493,43.951,9,1,0,9,245
2025-09-02 10:00:00,63.163,22.819,117.01,0.11701,40.344,10,1,0,9,245
2025-09-02 11:00:00,68.322,25.823,89.38,0.08938,42.499,11,1,0,9,245
2025-09-02 12:00:00,65.557,10.055,93.23,0.09323,55.502,12,1,0,9,245
2025-09-02 13:00:00,70.54,27.525,69.79,0.06979,43.015,13,1,0,9,245
2025-09-02 14:00:00,64.65,24.168,66.06,0.06606,40.482,14,1,0,9,245
2025-09-02 15:00:00,71.916,16.427,39.71,0.03971,55.489,15,1,0,9,245
2025-09-02 16:00:00,64.651,16.67,86.05,0.08605,47.981,16,1,0,9,245
2025-09-02 17:00:00,64.155,8.882,91.38,0.09138,55.273,17,1,0,9,245
2025-09-02 18:00:00,59.989,2.746,100.85,0.10085,57.243,18,1,0,9,245
2025-09-02 19:00:00,42.291,0.0,120.81,0.12081,42.291,19,1,0,9,245
2025-09-02 20:00:00,37.13,0.0,121.0,0.121,37.13,20,1,0,9,245
2025-09-02 21:00:00,36.667,0.0,107.25,0.10725,36.667,21,1,0,9,245
2025-09-02 22:00:00,42.837,0.0,110.01,0.11001,42.837,22,1,0,9,245
2025-09-02 23:00:00,33.227,0.0,93.82,0.09382,33.227,23,1,0,9,245
2025-09-03 00:00:00,33.148,0.0,90.77,0.09077,33.148,0,2,0,9,246
2025-09-03 01:00:00,28.366,0.0,80.57,0.08057,28.366,1,2,0,9,246
2025-09-03 02:00:00,29.362,0.0,209.67,0.20967,29.362,2,2,0,9,246
2025-09-03 03:00:00,29.334,0.0,78.3,0.0783,29.334,3,2,0,9,246
2025-09-03 04:00:00,32.029,0.0,75.72,0.07572,32.029,4,2,0,9,246
2025-09-03 05:00:00,34.497,0.0,81.17,0.08117,34.497,5,2,0,9,246
2025-09-03 06:00:00,44.534,0.0,93.92,0.09392,44.534,6,2,0,9,246
2025-09-03 07:00:00,49.676,6.306,86.18,0.08618,43.37,7,2,0,9,246
2025-09-03 08:00:00,66.973,12.677,85.24,0.08524,54.296,8,2,0,9,246
2025-09-03 09:00:00,63.35,13.772,105.19,0.10519,49.578,9,2,0,9,246
2025-09-03 10:00:00,66.754,13.853,91.91,0.09191,52.901,10,2,0,9,246
2025-09-03 11:00:00,69.561,25.358,93.38,0.09338,44.203,11,2,0,9,246
2025-09-03 12:00:00,70.496,21.047,74.76,0.07476,49.449,12,2,0,9,246
2025-09-03 13:00:00,67.9,16.882,64.28,0.06428,51.018,13,2,0,9,246
2025-09-03 14:00:00,64.184,20.767,49.55,0.04955,43.417,14,2,0,9,246
2025-09-03 15:00:00,63.408,19.745,57.61,0.05761,43.663,15,2,0,9,246
2025-09-03 16:00:00,65.945,16.806,67.15,0.06715,49.139,16,2,0,9,246
2025-09-03 17:00:00,69.458,5.807,90.28,0.09028,63.651,17,2,0,9,246
2025-09-03 18:00:00,65.49,5.591,100.83,0.10083,59.899,18,2,0,9,246
2025-09-03 19:00:00,40.2,0.0,104.58,0.10458,40.2,19,2,0,9,246
2025-09-03 20:00:00,38.91,0.0,92.75,0.09275,38.91,20,2,0,9,246
2025-09-03 21:00:00,37.696,0.0,121.26,0.12126,37.696,21,2,0,9,246
2025-09-03 22:00:00,38.227,0.0,115.1,0.1151,38.227,22,2,0,9,246
2025-09-03 23:00:00,29.959,0.0,105.32,0.10532,29.959,23,2,0,9,246
2025-09-04 00:00:00,35.028,0.0,73.66,0.07366,35.028,0,3,0,9,247
2025-09-04 01:00:00,28.763,0.0,93.59,0.09359,28.763,1,3,0,9,247
2025-09-04 02:00:00,29.699,0.0,89.06,0.08906,29.699,2,3,0,9,247
2025-09-04 03:00:00,26.761,0.0,89.3,0.0893,26.761,3,3,0,9,247
2025-09-04 04:00:00,31.823,0.0,78.41,0.07841,31.823,4,3,0,9,247
2025-09-04 05:00:00,33.904,0.0,253.04,0.25304,33.904,5,3,0,9,247
2025-09-04 06:00:00,48.565,0.0,107.86,0.10786,48.565,6,3,0,9,247
2025-09-04 07:00:00,44.017,5.543,110.4,0.1104,38.474,7,3,0,9,247
2025-09-04 08:00:00,65.959,7.326,96.46,0.09646,58.633,8,3,0,9,247
2025-09-04 09:00:00,63.63,12.468,99.16,0.09916,51.162,9,3,0,9,247
2025-09-04 10:00:00,65.811,8.057,185.95,0.18595,57.754,10,3,0,9,247
2025-09-04 11:00:00,65.126,16.788,97.69,0.09769,48.338,11,3,0,9,247
2025-09-04 12:00:00,64.307,17.094,84.36,0.08436,47.213,12,3,0,9,247
2025-09-04 13:00:00,64.562,25.199,73.4,0.0734,39.363,13,3,0,9,247
2025-09-04 14:00:00,65.567,18.814,60.91,0.06091,46.753,14,3,0,9,247
2025-09-04 15:00:00,63.18,20.496,69.52,0.06952,42.684,15,3,0,9,247
2025-09-04 16:00:00,63.345,11.703,90.48,0.09048,51.642,16,3,0,9,247
2025-09-04 17:00:00,69.584,10.531,91.04,0.09104,59.053,17,3,0,9,247
2025-09-04 18:00:00,72.795,4.415,128.18,0.12818,68.38,18,3,0,9,247
2025-09-04 19:00:00,34.9,0.0,122.9,0.1229,34.9,19,3,0,9,247
2025-09-04 20:00:00,34.724,0.0,111.32,0.11132,34.724,20,3,0,9,247
2025-09-04 21:00:00,35.692,0.0,112.47,0.11247,35.692,21,3,0,9,247
2025-09-04 22:00:00,38.424,0.0,99.18,0.09918,38.424,22,3,0,9,247
2025-09-04 23:00:00,32.397,0.0,104.2,0.1042,32.397,23,3,0,9,247
2025-09-05 00:00:00,31.427,0.0,94.79,0.09479,31.427,0,4,0,9,248
2025-09-05 01:00:00,30.086,0.0,100.44,0.10044,30.086,1,4,0,9,248
2025-09-05 02:00:00,31.228,0.0,80.03,0.08003,31.228,2,4,0,9,248
2025-09-05 03:00:00,27.32,0.0,88.32,0.08832,27.32,3,4,0,9,248
2025-09-05 04:00:00,28.754,0.0,97.26,0.09726,28.754,4,4,0,9,248
2025-09-05 05:00:00,29.471,0.0,101.8,0.1018,29.471,5,4,0,9,248
2025-09-05 06:00:00,38.308,0.0,77.19,0.07719,38.308,6,4,0,9,248
2025-09-05 07:00:00,39.661,5.385,99.78,0.09978,34.276,7,4,0,9,248
2025-09-05 08:00:00,60.551,8.779,84.96,0.08496,51.772,8,4,0,9,248
2025-09-05 09:00:00,66.586,12.732,91.18,0.09118,53.854,9,4,0,9,248
2025-09-05 10:00:00,64.926,14.405,80.13,0.08013,50.521,10,4,0,9,248
2025-09-05 11:00:00,66.096,20.789,79.39,0.07939,45.307,11,4,0,9,248
2025-09-05 12:00:00,58.254,21.229,62.36,0.06236,37.025,12,4,0,9,248
2025-09-05 13:00:00,59.393,25.913,58.08,0.05808,33.48,13,4,0,9,248
2025-09-05 14:00:00,66.263,11.263,57.84,0.05784,55.0,14,4,0,9,248
2025-09-05 15:00:00,55.249,21.716,71.84,0.07184,33.533,15,4,0,9,248
2025-09-05 16:00:00,68.059,6.271,76.12,0.07612,61.788,16,4,0,9,248
2025-09-05 17:00:00,58.306,5.529,70.93,0.07093,52.777,17,4,0,9,248
2025-09-05 18:00:00,66.839,2.425,129.23,0.12923,64.414,18,4,0,9,248
2025-09-05 19:00:00,35.92,0.0,109.85,0.10985,35.92,19,4,0,9,248
2025-09-05 20:00:00,42.12,0.0,107.17,0.10717,42.12,20,4,0,9,248
2025-09-05 21:00:00,49.029,0.0,122.36,0.12236,49.029,21,4,0,9,248
2025-09-05 22:00:00,31.489,0.0,106.19,0.10619,31.489,22,4,0,9,248
2025-09-05 23:00:00,31.76,0.0,87.45,0.08745,31.76,23,4,0,9,248
2025-09-06 00:00:00,20.061,0.0,80.12,0.08012,20.061,0,5,1,9,249
2025-09-06 01:00:00,27.213,0.0,69.51,0.06951,27.213,1,5,1,9,249
2025-09-06 02:00:00,25.186,0.0,73.35,0.07335,25.186,2,5,1,9,249
2025-09-06 03:00:00,26.263,0.0,91.25,0.09125,26.263,3,5,1,9,249
2025-09-06 04:00:00,22.93,0.0,78.65,0.07865,22.93,4,5,1,9,249
2025-09-06 05:00:00,28.345,0.0,85.4,0.0854,28.345,5,5,1,9,249
2025-09-06 06:00:00,30.629,0.0,77.23,0.07723,30.629,6,5,1,9,249
2025-09-06 07:00:00,39.237,3.775,88.07,0.08807,35.462,7,5,1,9,249
2025-09-06 08:00:00,48.079,9.817,82.14,0.08214,38.262,8,5,1,9,249
2025-09-06 09:00:00,44.9,17.204,82.0,0.082,27.696,9,5,1,9,249
2025-09-06 10:00:00,54.493,17.327,82.03,0.08203,37.166,10,5,1,9,249
2025-09-06 11:00:00,49.173,20.657,71.61,0.07161,28.516,11,5,1,9,249
2025-09-06 12:00:00,55.493,24.59,80.2,0.0802,30.903,12,5,1,9,249
2025-09-06 13:00:00,53.297,22.808,68.64,0.06864,30.489,13,5,1,9,249
2025-09-06 14:00:00,46.835,18.991,36.92,0.03692,27.844,14,5,1,9,249
2025-09-06 15:00:00,49.117,18.574,79.01,0.07901,30.543,15,5,1,9,249
2025-09-06 16:00:00,49.776,13.088,8.36,0.00836,36.688,16,5,1,9,249
2025-09-06 17:00:00,54.273,11.552,91.77,0.09177,42.721,17,5,1,9,249
2025-09-06 18:00:00,50.789,5.389,93.06,0.09306,45.4,18,5,1,9,249
2025-09-06 19:00:00,32.689,0.0,92.75,0.09275,32.689,19,5,1,9,249
2025-09-06 20:00:00,31.485,0.0,100.18,0.10018,31.485,20,5,1,9,249
2025-09-06 21:00:00,31.963,0.0,126.56,0.12656,31.963,21,5,1,9,249
2025-09-06 22:00:00,36.3,0.0,82.92,0.08292,36.3,22,5,1,9,249
2025-09-06 23:00:00,25.859,0.0,74.07,0.07407,25.859,23,5,1,9,249
2025-09-07 00:00:00,24.587,0.0,71.84,0.07184,24.587,0,6,1,9,250
2025-09-07 01:00:00,24.044,0.0,150.64,0.15064,24.044,1,6,1,9,250
2025-09-07 02:00:00,24.079,0.0,81.6,0.0816,24.079,2,6,1,9,250
2025-09-07 03:00:00,21.364,0.0,82.66,0.08266,21.364,3,6,1,9,250
2025-09-07 04:00:00,23.449,0.0,81.51,0.08151,23.449,4,6,1,9,250
2025-09-07 05:00:00,30.646,0.0,73.08,0.07308,30.646,5,6,1,9,250
2025-09-07 06:00:00,34.61,0.0,85.3,0.0853,34.61,6,6,1,9,250
2025-09-07 07:00:00,37.526,4.983,104.33,0.10433,32.543,7,6,1,9,250
2025-09-07 08:00:00,41.471,8.326,75.47,0.07547,33.145,8,6,1,9,250
2025-09-07 09:00:00,51.221,15.293,101.28,0.10128,35.928,9,6,1,9,250
2025-09-07 10:00:00,48.886,20.628,94.19,0.09419,28.258,10,6,1,9,250
2025-09-07 11:00:00,47.862,16.405,77.46,0.07746,31.457,11,6,1,9,250
2025-09-07 12:00:00,49.982,11.662,71.44,0.07144,38.32,12,6,1,9,250
2025-09-07 13:00:00,47.816,21.344,66.38,0.06638,26.472,13,6,1,9,250
2025-09-07 14:00:00,42.606,23.746,50.04,0.05004,18.86,14,6,1,9,250
2025-09-07 15:00:00,52.354,20.987,45.4,0.0454,31.367,15,6,1,9,250
2025-09-07 16:00:00,50.18,12.103,77.76,0.07776,38.077,16,6,1,9,250
2025-09-07 17:00:00,48.398,11.436,67.84,0.06784,36.962,17,6,1,9,250
2025-09-07 18:00:00,46.311,4.845,83.8,0.0838,41.466,18,6,1,9,250
2025-09-07 19:00:00,27.428,0.0,102.49,0.10249,27.428,19,6,1,9,250
2025-09-07 20:00:00,32.848,0.0,116.22,0.11622,32.848,20,6,1,9,250
2025-09-07 21:00:00,37.294,0.0,104.45,0.10445,37.294,21,6,1,9,250
2025-09-07 22:00:00,32.781,0.0,91.91,0.09191,32.781,22,6,1,9,250
2025-09-07 23:00:00,21.426,0.0,98.02,0.09802,21.426,23,6,1,9,250
2025-09-08 00:00:00,30.27,0.0,79.8,0.0798,30.27,0,0,0,9,251
2025-09-08 01:00:00,29.379,0.0,75.17,0.07517,29.379,1,0,0,9,251
2025-09-08 02:00:00,32.315,0.0,87.18,0.08718,32.315,2,0,0,9,251
2025-09-08 03:00:00,31.492,0.0,84.11,0.08411,31.492,3,0,0,9,251
2025-09-08 04:00:00,19.995,0.0,84.63,0.08463,19.995,4,0,0,9,251
2025-09-08 05:00:00,31.295,0.0,90.61,0.09061,31.295,5,0,0,9,251
2025-09-08 06:00:00,40.199,0.0,88.0,0.088,40.199,6,0,0,9,251
2025-09-08 07:00:00,38.861,4.04,101.91,0.10191,34.821,7,0,0,9,251
2025-09-08 08:00:00,63.597,11.646,82.49,0.08249,51.951,8,0,0,9,251
2025-09-08 09:00:00,65.516,16.618,109.49,0.10949,48.898,9,0,0,9,251
2025-09-08 10:00:00,58.95,11.549,83.94,0.08394,47.401,10,0,0,9,251
2025-09-08 11:00:00,66.455,13.229,69.11,0.06911,53.226,11,0,0,9,251
2025-09-08 12:00:00,66.643,19.094,68.86,0.06886,47.549,12,0,0,9,251
2025-09-08 13:00:00,64.351,24.877,66.28,0.06628,39.474,13,0,0,9,251
2025-09-08 14:00:00,61.424,21.293,59.41,0.05941,40.131,14,0,0,9,251
2025-09-08 15:00:00,61.066,20.378,190.91,0.19091,40.688,15,0,0,9,251
2025-09-08 16:00:00,67.483,12.95,85.76,0.08576,54.533,16,0,0,9,251
2025-09-08 17:00:00,59.365,7.963,151.17,0.15117,51.402,17,0,0,9,251
2025-09-08 18:00:00,67.607,5.563,79.12,0.07912,62.044,18,0,0,9,251
2025-09-08 19:00:00,38.262,0.0,111.11,0.11111,38.262,19,0,0,9,251
2025-09-08 20:00:00,38.484,0.0,140.8,0.1408,38.484,20,0,0,9,251
2025-09-08 21:00:00,33.324,0.0,105.77,0.10577,33.324,21,0,0,9,251
2025-09-08 22:00:00,38.321,0.0,97.11,0.09711,38.321,22,0,0,9,251
2025-09-08 23:00:00,31.514,0.0,91.42,0.09142,31.514,23,0,0,9,251
2025-09-09 00:00:00,25.279,0.0,98.55,0.09855,25.279,0,1,0,9,252
2025-09-09 01:00:00,31.151,0.0,79.53,0.07953,31.151,1,1,0,9,252
2025-09-09 02:00:00,29.84,0.0,72.97,0.07297,29.84,2,1,0,9,252
2025-09-09 03:00:00,27.495,0.0,87.12,0.08712,27.495,3,1,0,9,252
2025-09-09 04:00:00,32.29,0.0,87.19,0.08719,32.29,4,1,0,9,252
2025-09-09 05:00:00,22.508,0.0,91.01,0.09101,22.508,5,1,0,9,252
2025-09-09 06:00:00,44.531,0.0,78.72,0.07872,44.531,6,1,0,9,252
2025-09-09 07:00:00,48.604,5.174,87.78,0.08778,43.43,7,1,0,9,252
2025-09-09 08:00:00,68.829,11.442,108.0,0.108,57.387,8,1,0,9,252
2025-09-09 09:00:00,65.468,12.969,101.14,0.10114,52.499,9,1,0,9,252
2025-09-09 10:00:00,63.256,8.954,101.13,0.10113,54.302,10,1,0,9,252
2025-09-09 11:00:00,62.186,19.33,84.9,0.0849,42.856,11,1,0,9,252
2025-09-09 12:00:00,63.252,13.608,87.27,0.08727,49.644,12,1,0,9,252
2025-09-09 13:00:00,65.961,15.579,72.68,0.07268,50.382,13,1,0,9,252
2025-09-09 14:00:00,61.638,16.208,61.5,0.0615,45.43,14,1,0,9,252
2025-09-09 15:00:00,66.645,20.263,76.11,0.07611,46.382,15,1,0,9,252
2025-09-09 16:00:00,71.047,13.745,66.87,0.06687,57.302,16,1,0,9,252
2025-09-09 17:00:00,64.023,9.948,102.65,0.10265,54.075,17,1,0,9,252
2025-09-09 18:00:00,59.919,5.591,111.74,0.11174,54.328,18,1,0,9,252
2025-09-09 19:00:00,34.496,0.0,111.65,0.11165,34.496,19,1,0,9,252
2025-09-09 20:00:00,41.284,0.0,118.46,0.11846,41.284,20,1,0,9,252
2025-09-09 21:00:00,38.608,0.0,117.7,0.1177,38.608,21,1,0,9,252
2025-09-09 22:00:00,41.605,0.0,104.35,0.10435,41.605,22,1,0,9,252
2025-09-09 23:00:00,27.848,0.0,108.61,0.10861,27.848,23,1,0,9,252
2025-09-10 00:00:00,32.218,0.0,77.69,0.07769,32.218,0,2,0,9,253
2025-09-10 01:00:00,29.054,0.0,68.07,0.06807,29.054,1,2,0,9,253
2025-09-10 02:00:00,27.216,0.0,80.59,0.08059,27.216,2,2,0,9,253
2025-09-10 03:00:00,28.277,0.0,90.98,0.09098,28.277,3,2,0,9,253
2025-09-10 04:00:00,25.73,0.0,94.42,0.09442,25.73,4,2,0,9,253
2025-09-10 05:00:00,35.926,0.0,87.26,0.08726,35.926,5,2,0,9,253
2025-09-10 06:00:00,43.125,0.0,82.98,0.08298,43.125,6,2,0,9,253
2025-09-10 07:00:00,45.495,5.788,92.96,0.09296,39.707,7,2,0,9,253
2025-09-10 08:00:00,62.524,6.408,90.16,0.09016,56.116,8,2,0,9,253
2025-09-10 09:00:00,60.876,8.229,73.96,0.07396,52.647,9,2,0,9,253
2025-09-10 10:00:00,63.493,12.182,84.49,0.08449,51.311,10,2,0,9,253
2025-09-10 11:00:00,67.766,22.385,90.52,0.09052,45.381,11,2,0,9,253
2025-09-10 12:00:00,62.575,24.008,73.97,0.07397,38.567,12,2,0,9,253
2025-09-10 13:00:00,61.456,10.251,66.63,0.06663,51.205,13,2,0,9,253
2025-09-10 14:00:00,64.739,21.68,-15.61,-0.01561,43.059,14,2,0,9,253
2025-09-10 15:00:00,65.839,14.549,58.99,0.05899,51.29,15,2,0,9,253
2025-09-10 16:00:00,69.499,8.703,66.93,0.06693,60.796,16,2,0,9,253
2025-09-10 17:00:00,65.374,11.239,90.5,0.0905,54.135,17,2,0,9,253
2025-09-10 18:00:00,66.302,5.317,94.52,0.09452,60.985,18,2,0,9,253
2025-09-10 19:00:00,41.11,0.0,107.38,0.10738,41.11,19,2,0,9,253
2025-09-10 20:00:00,35.119,0.0,135.77,0.13577,35.119,20,2,0,9,253
2025-09-10 21:00:00,35.726,0.0,105.63,0.10563,35.726,21,2,0,9,253
2025-09-10 22:00:00,35.34,0.0,98.73,0.09873,35.34,22,2,0,9,253
2025-09-10 23:00:00,25.298,0.0,99.78,0.09978,25.298,23,2,0,9,253
2025-09-11 00:00:00,32.111,0.0,82.56,0.08256,32.111,0,3,0,9,254
2025-09-11 01:00:00,30.494,0.0,69.33,0.06933,30.494,1,3,0,9,254
2025-09-11 02:00:00,29.82,0.0,100.99,0.10099,29.82,2,3,0,9,254
2025-09-11 03:00:00,21.269,0.0,75.49,0.07549,21.269,3,3,0,9,254
2025-09-11 04:00:00,36.143,0.0,81.8,0.0818,36.143,4,3,0,9,254
2025-09-11 05:00:00,26.704,0.0,90.46,0.09046,26.704,5,3,0,9,254
2025-09-11 06:00:00,50.01,0.0,110.92,0.11092,50.01,6,3,0,9,254
2025-09-11 07:00:00,38.807,3.162,89.28,0.08928,35.645,7,3,0,9,254
2025-09-11 08:00:00,61.663,4.232,87.49,0.08749,57.431,8,3,0,9,254
2025-09-11 09:00:00,57.214,8.333,101.97,0.10197,48.881,9,3,0,9,254
2025-09-11 10:00:00,65.421,17.009,113.87,0.11387,48.412,10,3,0,9,254
2025-09-11 11:00:00,60.739,21.979,86.75,0.08675,38.76,11,3,0,9,254
2025-09-11 12:00:00,60.829,22.927,73.8,0.0738,37.902,12,3,0,9,254
2025-09-11 13:00:00,59.871,18.899,73.6,0.0736,40.972,13,3,0,9,254
2025-09-11 14:00:00,66.75,13.581,45.93,0.04593,53.169,14,3,0,9,254
2025-09-11 15:00:00,66.539,17.933,62.45,0.06245,48.606,15,3,0,9,254
2025-09-11 16:00:00,70.061,12.322,57.32,0.05732,57.739,16,3,0,9,254
2025-09-11 17:00:00,62.068,11.037,144.18,0.14418,51.031,17,3,0,9,254
2025-09-11 18:00:00,64.963,3.705,96.48,0.09648,61.258,18,3,0,9,254
2025-09-11 19:00:00,34.692,0.0,88.15,0.08815,34.692,19,3,0,9,254
2025-09-11 20:00:00,37.746,0.0,122.05,0.12205,37.746,20,3,0,9,254
2025-09-11 21:00:00,37.158,0.0,122.51,0.12251,37.158,21,3,0,9,254
2025-09-11 22:00:00,40.304,0.0,104.09,0.10409,40.304,22,3,0,9,254
2025-09-11 23:00:00,32.82,0.0,80.08,0.08008,32.82,23,3,0,9,254
2025-09-12 00:00:00,32.742,0.0,95.68,0.09568,32.742,0,4,0,9,255
2025-09-12 01:00:00,26.874,0.0,102.02,0.10202,26.874,1,4,0,9,255
2025-09-12 02:00:00,32.766,0.0,87.13,0.08713,32.766,2,4,0,9,255
2025-09-12 03:00:00,29.43,0.0,79.87,0.07987,29.43,3,4,0,9,255
2025-09-12 04:00:00,28.532,0.0,80.82,0.08082,28.532,4,4,0,9,255
2025-09-12 05:00:00,27.304,0.0,90.41,0.09041,27.304,5,4,0,9,255
2025-09-12 06:00:00,41.664,0.0,90.17,0.09017,41.664,6,4,0,9,255
2025-09-12 07:00:00,49.032,2.53,97.71,0.09771,46.502,7,4,0,9,255
2025-09-12 08:00:00,65.268,9.452,101.17,0.10117,55.816,8,4,0,9,255
2025-09-12 09:00:00,64.843,13.493,89.59,0.08959,51.35,9,4,0,9,255
2025-09-12 10:00:00,63.445,17.894,84.74,0.08474,45.551,10,4,0,9,255
2025-09-12 11:00:00,72.111,17.002,82.57,0.08257,55.109,11,4,0,9,255
2025-09-12 12:00:00,68.46,23.147,81.31,0.08131,45.313,12,4,0,9,255
2025-09-12 13:00:00,61.976,22.68,54.08,0.05408,39.296,13,4,0,9,255
2025-09-12 14:00:00,63.408,21.802,64.37,0.06437,41.606,14,4,0,9,255
2025-09-12 15:00:00,63.598,13.542,68.22,0.06822,50.056,15,4,0,9,255
2025-09-12 16:00:00,64.751,13.996,70.69,0.07069,50.755,16,4,0,9,255
2025-09-12 17:00:00,62.04,8.684,101.17,0.10117,53.356,17,4,0,9,255
2025-09-12 18:00:00,65.688,3.484,113.91,0.11391,62.204,18,4,0,9,255
2025-09-12 19:00:00,43.474,0.0,118.66,0.11866,43.474,19,4,0,9,255
2025-09-12 20:00:00,34.624,0.0,137.94,0.13794,34.624,20,4,0,9,255
2025-09-12 21:00:00,35.218,0.0,125.09,0.12509,35.218,21,4,0,9,255
2025-09-12 22:00:00,37.282,0.0,107.35,0.10735,37.282,22,4,0,9,255
2025-09-12 23:00:00,28.173,0.0,90.58,0.09058,28.173,23,4,0,9,255
2025-09-13 00:00:00,32.267,0.0,72.07,0.07207,32.267,0,5,1,9,256
2025-09-13 01:00:00,29.077,0.0,79.84,0.07984,29.077,1,5,1,9,256
2025-09-13 02:00:00,28.894,0.0,72.4,0.0724,28.894,2,5,1,9,256
2025-09-13 03:00:00,25.026,0.0,61.23,0.06123,25.026,3,5,1,9,256
2025-09-13 04:00:00,24.956,0.0,73.41,0.07341,24.956,4,5,1,9,256
2025-09-13 05:00:00,21.226,0.0,89.34,0.08934,21.226,5,5,1,9,256
2025-09-13 06:00:00,37.82,0.0,56.52,0.05652,37.82,6,5,1,9,256
2025-09-13 07:00:00,36.89,3.715,100.37,0.10037,33.175,7,5,1,9,256
2025-09-13 08:00:00,53.603,10.636,95.39,0.09539,42.967,8,5,1,9,256
2025-09-13 09:00:00,48.813,10.092,87.62,0.08762,38.721,9,5,1,9,256
2025-09-13 10:00:00,49.034,11.868,88.83,0.08883,37.166,10,5,1,9,256
2025-09-13 11:00:00,50.032,10.927,87.97,0.08797,39.105,11,5,1,9,256
2025-09-13 12:00:00,52.342,22.72,69.96,0.06996,29.622,12,5,1,9,256
2025-09-13 13:00:00,44.783,20.997,72.14,0.07214,23.786,13,5,1,9,256
2025-09-13 14:00:00,51.843,18.808,68.15,0.06815,33.035,14,5,1,9,256
2025-09-13 15:00:00,49.422,14.065,63.32,0.06332,35.357,15,5,1,9,256
2025-09-13 16:00:00,46.1,8.337,57.43,0.05743,37.763,16,5,1,9,256
2025-09-13 17:00:00,42.817,9.555,79.15,0.07915,33.262,17,5,1,9,256
2025-09-13 18:00:00,49.051,4.602,74.16,0.07416,44.449,18,5,1,9,256
2025-09-13 19:00:00,36.802,0.0,111.95,0.11195,36.802,19,5,1,9,256
2025-09-13 20:00:00,37.528,0.0,109.03,0.10903,37.528,20,5,1,9,256
2025-09-13 21:00:00,33.307,0.0,103.14,0.10314,33.307,21,5,1,9,256
2025-09-13 22:00:00,38.448,0.0,105.55,0.10555,38.448,22,5,1,9,256
2025-09-13 23:00:00,25.734,0.0,75.63,0.07563,25.734,23,5,1,9,256
2025-09-14 00:00:00,28.926,0.0,77.13,0.07713,28.926,0,6,1,9,257
2025-09-14 01:00:00,24.432,0.0,72.63,0.07263,24.432,1,6,1,9,257
2025-09-14 02:00:00,24.229,0.0,74.3,0.0743,24.229,2,6,1,9,257
2025-09-14 03:00:00,23.708,0.0,79.24,0.07924,23.708,3,6,1,9,257
2025-09-14 04:00:00,19.282,0.0,95.45,0.09545,19.282,4,6,1,9,257
2025-09-14 05:00:00,29.994,0.0,83.04,0.08304,29.994,5,6,1,9,257
2025-09-14 06:00:00,33.273,0.0,95.83,0.09583,33.273,6,6,1,9,257
2025-09-14 07:00:00,32.762,4.141,100.29,0.10029,28.621,7,6,1,9,257
2025-09-14 08:00:00,45.726,7.916,97.34,0.09734,37.81,8,6,1,9,257
2025-09-14 09:00:00,48.848,14.894,71.51,0.07151,33.954,9,6,1,9,257
2025-09-14 10:00:00,55.145,17.231,83.55,0.08355,37.914,10,6,1,9,257
2025-09-14 11:00:00,56.202,14.609,67.44,0.06744,41.593,11,6,1,9,257
2025-09-14 12:00:00,44.187,20.267,98.25,0.09825,23.92,12,6,1,9,257
2025-09-14 13:00:00,48.368,14.969,52.61,0.05261,33.399,13,6,1,9,257
2025-09-14 14:00:00,46.192,21.0,44.66,0.04466,25.192,14,6,1,9,257
2025-09-14 15:00:00,52.665,15.001,33.86,0.03386,37.664,15,6,1,9,257
2025-09-14 16:00:00,50.419,13.089,58.17,0.05817,37.33,16,6,1,9,257
2025-09-14 17:00:00,47.465,5.025,81.35,0.08135,42.44,17,6,1,9,257
2025-09-14 18:00:00,49.734,5.011,105.44,0.10544,44.723,18,6,1,9,257
2025-09-14 19:00:00,30.648,0.0,96.78,0.09678,30.648,19,6,1,9,257
2025-09-14 20:00:00,37.342,0.0,124.93,0.12493,37.342,20,6,1,9,257
2025-09-14 21:00:00,33.926,0.0,108.65,0.10865,33.926,21,6,1,9,257
2025-09-14 22:00:00,34.319,0.0,94.13,0.09413,34.319,22,6,1,9,257
2025-09-14 23:00:00,17.341,0.0,90.05,0.09005,17.341,23,6,1,9,257
2025-09-15 00:00:00,29.373,0.0,97.18,0.09718,29.373,0,0,0,9,258
2025-09-15 01:00:00,36.253,0.0,83.53,0.08353,36.253,1,0,0,9,258
2025-09-15 02:00:00,33.831,0.0,72.02,0.07202,33.831,2,0,0,9,258
2025-09-15 03:00:00,23.676,0.0,87.63,0.08763,23.676,3,0,0,9,258
2025-09-15 04:00:00,28.584,0.0,88.29,0.08829,28.584,4,0,0,9,258
2025-09-15 05:00:00,25.742,0.0,84.15,0.08415,25.742,5,0,0,9,258
2025-09-15 06:00:00,48.967,0.0,99.46,0.09946,48.967,6,0,0,9,258
2025-09-15 07:00:00,44.273,5.273,70.44,0.07044,39.0,7,0,0,9,258
2025-09-15 08:00:00,61.892,6.523,100.21,0.10021,55.369,8,0,0,9,258
2025-09-15 09:00:00,64.458,14.399,104.79,0.10479,50.059,9,0,0,9,258
2025-09-15 10:00:00,56.005,18.021,78.45,0.07845,37.984,10,0,0,9,258
2025-09-15 11:00:00,60.877,18.593,70.51,0.07051,42.284,11,0,0,9,258
2025-09-15 12:00:00,64.465,12.172,86.59,0.08659,52.293,12,0,0,9,258
2025-09-15 13:00:00,67.055,15.351,22.02,0.02202,51.704,13,0,0,9,258
2025-09-15 14:00:00,58.136,18.17,181.61,0.18161,39.966,14,0,0,9,258
2025-09-15 15:00:00,63.129,18.135,61.62,0.06162,44.994,15,0,0,9,258
2025-09-15 16:00:00,67.58,14.612,77.54,0.07754,52.968,16,0,0,9,258
2025-09-15 17:00:00,59.704,6.924,90.45,0.09045,52.78,17,0,0,9,258
2025-09-15 18:00:00,65.082,4.102,84.49,0.08449,60.98,18,0,0,9,258
2025-09-15 19:00:00,39.068,0.0,116.05,0.11605,39.068,19,0,0,9,258
2025-09-15 20:00:00,44.343,0.0,121.6,0.1216,44.343,20,0,0,9,258
2025-09-15 21:00:00,38.12,0.0,123.73,0.12373,38.12,21,0,0,9,258
2025-09-15 22:00:00,38.308,0.0,100.26,0.10026,38.308,22,0,0,9,258
2025-09-15 23:00:00,32.323,0.0,107.83,0.10783,32.323,23,0,0,9,258
2025-09-16 00:00:00,25.348,0.0,83.81,0.08381,25.348,0,1,0,9,259
2025-09-16 01:00:00,28.886,0.0,100.12,0.10012,28.886,1,1,0,9,259
2025-09-16 02:00:00,28.134,0.0,90.57,0.09057,28.134,2,1,0,9,259
2025-09-16 03:00:00,29.148,0.0,86.17,0.08617,29.148,3,1,0,9,259
2025-09-16 04:00:00,32.308,0.0,72.39,0.07239,32.308,4,1,0,9,259
2025-09-16 05:00:00,31.366,0.0,72.85,0.07285,31.366,5,1,0,9,259
2025-09-16 06:00:00,41.108,0.0,105.25,0.10525,41.108,6,1,0,9,259
2025-09-16 07:00:00,43.941,2.982,102.11,0.10211,40.959,7,1,0,9,259
2025-09-16 08:00:00,69.14,10.044,93.79,0.09379,59.096,8,1,0,9,259
2025-09-16 09:00:00,61.71,14.293,92.78,0.09278,47.417,9,1,0,9,259
2025-09-16 10:00:00,64.835,17.788,95.16,0.09516,47.047,10,1,0,9,259
2025-09-16 11:00:00,63.752,15.694,71.89,0.07189,48.058,11,1,0,9,259
2025-09-16 12:00:00,64.169,20.809,71.93,0.07193,43.36,12,1,0,9,259
2025-09-16 13:00:00,59.152,21.456,75.77,0.07577,37.696,13,1,0,9,259
2025-09-16 14:00:00,68.885,15.362,74.1,0.0741,53.523,14,1,0,9,259
2025-09-16 15:00:00,61.893,15.698,64.87,0.06487,46.195,15,1,0,9,259
2025-09-16 16:00:00,67.654,12.516,91.53,0.09153,55.138,16,1,0,9,259
2025-09-16 17:00:00,62.382,8.308,97.57,0.09757,54.074,17,1,0,9,259
2025-09-16 18:00:00,62.369,3.959,93.88,0.09388,58.41,18,1,0,9,259
2025-09-16 19:00:00,42.749,0.0,101.72,0.10172,42.749,19,1,0,9,259
2025-09-16 20:00:00,42.047,0.0,126.16,0.12616,42.047,20,1,0,9,259
2025-09-16 21:00:00,39.535,0.0,111.78,0.11178,39.535,21,1,0,9,259
2025-09-16 22:00:00,41.302,0.0,99.58,0.09958,41.302,22,1,0,9,259
2025-09-16 23:00:00,28.669,0.0,97.55,0.09755,28.669,23,1,0,9,259
2025-09-17 00:00:00,29.571,0.0,90.21,0.09021,29.571,0,2,0,9,260
2025-09-17 01:00:00,27.481,0.0,90.95,0.09095,27.481,1,2,0,9,260
2025-09-17 02:00:00,32.491,0.0,83.66,0.08366,32.491,2,2,0,9,260
2025-09-17 03:00:00,27.379,0.0,60.46,0.06046,27.379,3,2,0,9,260
2025-09-17 04:00:00,34.351,0.0,93.76,0.09376,34.351,4,2,0,9,260
2025-09-17 05:00:00,28.588,0.0,77.99,0.07799,28.588,5,2,0,9,260
2025-09-17 06:00:00,43.582,0.0,92.34,0.09234,43.582,6,2,0,9,260
2025-09-17 07:00:00,45.944,3.034,92.11,0.09211,42.91,7,2,0,9,260
2025-09-17 08:00:00,64.469,7.39,119.09,0.11909,57.079,8,2,0,9,260
2025-09-17 09:00:00,63.439,11.915,117.53,0.11753,51.524,9,2,0,9,260
2025-09-17 10:00:00,64.297,15.028,88.35,0.08835,49.269,10,2,0,9,260
2025-09-17 11:00:00,67.253,16.796,71.91,0.07191,50.457,11,2,0,9,260
2025-09-17 12:00:00,62.272,13.61,63.95,0.06395,48.662,12,2,0,9,260
2025-09-17 13:00:00,63.989,19.478,72.37,0.07237,44.511,13,2,0,9,260
2025-09-17 14:00:00,64.426,16.27,61.24,0.06124,48.156,14,2,0,9,260
2025-09-17 15:00:00,67.159,7.757,57.45,0.05745,59.402,15,2,0,9,260
2025-09-17 16:00:00,64.073,11.964,70.3,0.0703,52.109,16,2,0,9,260
2025-09-17 17:00:00,70.179,7.567,91.64,0.09164,62.612,17,2,0,9,260
2025-09-17 18:00:00,63.892,4.847,100.79,0.10079,59.045,18,2,0,9,260
2025-09-17 19:00:00,38.116,0.0,109.66,0.10966,38.116,19,2,0,9,260
2025-09-17 20:00:00,38.329,0.0,116.65,0.11665,38.329,20,2,0,9,260
2025-09-17 21:00:00,34.663,0.0,114.67,0.11467,34.663,21,2,0,9,260
2025-09-17 22:00:00,35.559,0.0,108.21,0.10821,35.559,22,2,0,9,260
2025-09-17 23:00:00,27.9,0.0,98.14,0.09814,27.9,23,2,0,9,260
2025-09-18 00:00:00,33.238,0.0,66.54,0.06654,33.238,0,3,0,9,261
2025-09-18 01:00:00,29.498,0.0,84.71,0.08471,29.498,1,3,0,9,261
2025-09-18 02:00:00,28.053,0.0,79.5,0.0795,28.053,2,3,0,9,261
2025-09-18 03:00:00,33.529,0.0,73.27,0.07327,33.529,3,3,0,9,261
2025-09-18 04:00:00,34.568,0.0,80.5,0.0805,34.568,4,3,0,9,261
2025-09-18 05:00:00,33.621,0.0,97.63,0.09763,33.621,5,3,0,9,261
2025-09-18 06:00:00,40.798,0.0,97.35,0.09735,40.798,6,3,0,9,261
2025-09-18 07:00:00,41.944,4.973,94.32,0.09432,36.971,7,3,0,9,261
2025-09-18 08:00:00,70.219,9.613,87.69,0.08769,60.606,8,3,0,9,261
2025-09-18 09:00:00,65.187,8.566,83.37,0.08337,56.621,9,3,0,9,261
2025-09-18 10:00:00,63.559,16.483,83.54,0.08354,47.076,10,3,0,9,261
2025-09-18 11:00:00,66.714,18.776,85.49,0.08549,47.938,11,3,0,9,261
2025-09-18 12:00:00,67.638,17.645,76.96,0.07696,49.993,12,3,0,9,261
2025-09-18 13:00:00,62.586,17.379,63.15,0.06315,45.207,13,3,0,9,261
2025-09-18 14:00:00,65.117,17.316,75.43,0.07543,47.801,14,3,0,9,261
2025-09-18 15:00:00,67.38,16.465,72.42,0.07242,50.915,15,3,0,9,261
2025-09-18 16:00:00,60.702,11.484,49.03,0.04903,49.218,16,3,0,9,261
2025-09-18 17:00:00,64.455,9.07,88.23,0.08823,55.385,17,3,0,9,261
2025-09-18 18:00:00,60.849,3.919,109.14,0.10914,56.93,18,3,0,9,261
2025-09-18 19:00:00,35.739,0.0,116.52,0.11652,35.739,19,3,0,9,261
2025-09-18 20:00:00,37.085,0.0,126.04,0.12604,37.085,20,3,0,9,261
2025-09-18 21:00:00,40.414,0.0,113.66,0.11366,40.414,21,3,0,9,261
2025-09-18 22:00:00,37.856,0.0,105.35,0.10535,37.856,22,3,0,9,261
2025-09-18 23:00:00,27.529,0.0,94.9,0.0949,27.529,23,3,0,9,261
2025-09-19 00:00:00,29.774,0.0,84.88,0.08488,29.774,0,4,0,9,262
2025-09-19 01:00:00,25.939,0.0,77.27,0.07727,25.939,1,4,0,9,262
2025-09-19 02:00:00,30.982,0.0,94.06,0.09406,30.982,2,4,0,9,262
2025-09-19 03:00:00,33.23,0.0,97.65,0.09765,33.23,3,4,0,9,262
2025-09-19 04:00:00,29.356,0.0,78.93,0.07893,29.356,4,4,0,9,262
2025-09-19 05:00:00,28.961,0.0,74.4,0.0744,28.961,5,4,0,9,262
2025-09-19 06:00:00,44.736,0.0,75.83,0.07583,44.736,6,4,0,9,262
2025-09-19 07:00:00,37.05,3.187,97.42,0.09742,33.863,7,4,0,9,262
2025-09-19 08:00:00,66.155,5.935,102.55,0.10255,60.22,8,4,0,9,262
2025-09-19 09:00:00,74.364,10.658,101.07,0.10107,63.706,9,4,0,9,262
2025-09-19 10:00:00,64.045,14.53,97.93,0.09793,49.515,10,4,0,9,262
2025-09-19 11:00:00,64.056,15.639,79.7,0.0797,48.417,11,4,0,9,262
2025-09-19 12:00:00,66.817,18.565,56.74,0.05674,48.252,12,4,0,9,262
2025-09-19 13:00:00,69.703,18.658,64.71,0.06471,51.045,13,4,0,9,262
2025-09-19 14:00:00,67.558,18.977,83.21,0.08321,48.581,14,4,0,9,262
2025-09-19 15:00:00,57.54,15.588,71.24,0.07124,41.952,15,4,0,9,262
2025-09-19 16:00:00,66.241,13.38,79.81,0.07981,52.861,16,4,0,9,262
2025-09-19 17:00:00,72.668,8.27,96.2,0.0962,64.398,17,4,0,9,262
2025-09-19 18:00:00,66.429,3.257,93.2,0.0932,63.172,18,4,0,9,262
2025-09-19 19:00:00,35.202,0.0,116.75,0.11675,35.202,19,4,0,9,262
2025-09-19 20:00:00,39.799,0.0,125.37,0.12537,39.799,20,4,0,9,262
2025-09-19 21:00:00,34.799,0.0,106.99,0.10699,34.799,21,4,0,9,262
2025-09-19 22:00:00,42.842,0.0,109.65,0.10965,42.842,22,4,0,9,262
2025-09-19 23:00:00,26.551,0.0,108.31,0.10831,26.551,23,4,0,9,262
2025-09-20 00:00:00,26.136,0.0,72.06,0.07206,26.136,0,5,1,9,263
2025-09-20 01:00:00,23.153,0.0,58.86,0.05886,23.153,1,5,1,9,263
2025-09-20 02:00:00,24.15,0.0,77.89,0.07789,24.15,2,5,1,9,263
2025-09-20 03:00:00,30.654,0.0,69.88,0.06988,30.654,3,5,1,9,263
2025-09-20 04:00:00,26.229,0.0,79.08,0.07908,26.229,4,5,1,9,263
2025-09-20 05:00:00,24.109,0.0,70.69,0.07069,24.109,5,5,1,9,263
2025-09-20 06:00:00,31.711,0.0,82.92,0.08292,31.711,6,5,1,9,263
2025-09-20 07:00:00,29.387,3.375,98.66,0.09866,26.012,7,5,1,9,263
2025-09-20 08:00:00,45.589,8.939,89.42,0.08942,36.65,8,5,1,9,263
2025-09-20 09:00:00,49.951,11.933,73.51,0.07351,38.018,9,5,1,9,263
2025-09-20 10:00:00,52.73,11.802,89.76,0.08976,40.928,10,5,1,9,263
2025-09-20 11:00:00,47.8,16.2,78.6,0.0786,31.6,11,5,1,9,263
2025-09-20 12:00:00,54.619,14.654,71.8,0.0718,39.965,12,5,1,9,263
2025-09-20 13:00:00,47.297,16.13,72.44,0.07244,31.167,13,5,1,9,263
2025-09-20 14:00:00,48.831,18.662,54.44,0.05444,30.169,14,5,1,9,263
2025-09-20 15:00:00,46.138,6.497,58.73,0.05873,39.641,15,5,1,9,263
2025-09-20 16:00:00,52.763,13.235,58.29,0.05829,39.528,16,5,1,9,263
2025-09-20 17:00:00,56.305,6.932,82.11,0.08211,49.373,17,5,1,9,263
2025-09-20 18:00:00,43.955,4.185,96.3,0.0963,39.77,18,5,1,9,263
2025-09-20 19:00:00,31.109,0.0,104.94,0.10494,31.109,19,5,1,9,263
2025-09-20 20:00:00,36.264,0.0,120.74,0.12074,36.264,20,5,1,9,263
2025-09-20 21:00:00,27.587,0.0,98.97,0.09897,27.587,21,5,1,9,263
2025-09-20 22:00:00,34.03,0.0,100.31,0.10031,34.03,22,5,1,9,263
2025-09-20 23:00:00,29.807,0.0,94.39,0.09439,29.807,23,5,1,9,263
2025-09-21 00:00:00,26.152,0.0,70.67,0.07067,26.152,0,6,1,9,264
2025-09-21 01:00:00,27.663,0.0,62.38,0.06238,27.663,1,6,1,9,264
2025-09-21 02:00:00,31.537,0.0,59.24,0.05924,31.537,2,6,1,9,264
2025-09-21 03:00:00,32.137,0.0,78.03,0.07803,32.137,3,6,1,9,264
2025-09-21 04:00:00,25.704,0.0,94.24,0.09424,25.704,4,6,1,9,264
2025-09-21 05:00:00,24.199,0.0,73.04,0.07304,24.199,5,6,1,9,264
2025-09-21 06:00:00,32.441,0.0,86.85,0.08685,32.441,6,6,1,9,264
2025-09-21 07:00:00,38.511,3.912,62.17,0.06217,34.599,7,6,1,9,264
2025-09-21 08:00:00,45.219,4.859,93.46,0.09346,40.36,8,6,1,9,264
2025-09-21 09:00:00,48.8,12.121,79.15,0.07915,36.679,9,6,1,9,264
2025-09-21 10:00:00,49.937,11.088,82.1,0.0821,38.849,10,6,1,9,264
2025-09-21 11:00:00,47.999,16.28,79.22,0.07922,31.719,11,6,1,9,264
2025-09-21 12:00:00,50.504,13.372,53.09,0.05309,37.132,12,6,1,9,264
2025-09-21 13:00:00,57.815,10.521,94.19,0.09419,47.294,13,6,1,9,264
2025-09-21 14:00:00,49.219,11.777,121.32,0.12132,37.442,14,6,1,9,264
2025-09-21 15:00:00,48.215,12.521,67.71,0.06771,35.694,15,6,1,9,264
2025-09-21 16:00:00,52.858,11.158,83.54,0.08354,41.7,16,6,1,9,264
2025-09-21 17:00:00,50.375,9.087,83.14,0.08314,41.288,17,6,1,9,264
2025-09-21 18:00:00,54.214,4.57,82.38,0.08238,49.644,18,6,1,9,264
2025-09-21 19:00:00,32.751,0.0,108.6,0.1086,32.751,19,6,1,9,264
2025-09-21 20:00:00,31.429,0.0,94.92,0.09492,31.429,20,6,1,9,264
2025-09-21 21:00:00,26.516,0.0,106.06,0.10606,26.516,21,6,1,9,264
2025-09-21 22:00:00,27.041,0.0,115.84,0.11584,27.041,22,6,1,9,264
2025-09-21 23:00:00,20.028,0.0,74.3,0.0743,20.028,23,6,1,9,264
2025-09-22 00:00:00,30.84,0.0,74.89,0.07489,30.84,0,0,0,9,265
2025-09-22 01:00:00,25.267,0.0,101.68,0.10168,25.267,1,0,0,9,265
2025-09-22 02:00:00,33.644,0.0,81.48,0.08148,33.644,2,0,0,9,265
2025-09-22 03:00:00,29.723,0.0,74.58,0.07458,29.723,3,0,0,9,265
2025-09-22 04:00:00,28.845,0.0,88.22,0.08822,28.845,4,0,0,9,265
2025-09-22 05:00:00,26.926,0.0,81.49,0.08149,26.926,5,0,0,9,265
2025-09-22 06:00:00,45.57,0.0,62.21,0.06221,45.57,6,0,0,9,265
2025-09-22 07:00:00,41.004,3.346,79.85,0.07985,37.658,7,0,0,9,265
2025-09-22 08:00:00,61.353,8.252,117.33,0.11733,53.101,8,0,0,9,265
2025-09-22 09:00:00,68.309,9.856,100.35,0.10035,58.453,9,0,0,9,265
2025-09-22 10:00:00,65.641,15.706,107.7,0.1077,49.935,10,0,0,9,265
2025-09-22 11:00:00,63.754,17.908,75.18,0.07518,45.846,11,0,0,9,265
2025-09-22 12:00:00,66.559,13.424,76.18,0.07618,53.135,12,0,0,9,265
2025-09-22 13:00:00,64.535,6.902,68.08,0.06808,57.633,13,0,0,9,265
2025-09-22 14:00:00,65.732,9.461,61.28,0.06128,56.271,14,0,0,9,265
2025-09-22 15:00:00,61.892,10.695,70.78,0.07078,51.197,15,0,0,9,265
2025-09-22 16:00:00,71.131,11.101,64.5,0.0645,60.03,16,0,0,9,265
2025-09-22 17:00:00,62.651,8.219,99.34,0.09934,54.432,17,0,0,9,265
2025-09-22 18:00:00,69.485,4.161,106.36,0.10636,65.324,18,0,0,9,265
2025-09-22 19:00:00,38.323,0.0,112.87,0.11287,38.323,19,0,0,9,265
2025-09-22 20:00:00,41.51,0.0,121.67,0.12167,41.51,20,0,0,9,265
2025-09-22 21:00:00,41.277,0.0,113.38,0.11338,41.277,21,0,0,9,265
2025-09-22 22:00:00,42.598,0.0,88.87,0.08887,42.598,22,0,0,9,265
2025-09-22 23:00:00,26.937,0.0,85.54,0.08554,26.937,23,0,0,9,265
2025-09-23 00:00:00,33.074,0.0,81.37,0.08137,33.074,0,1,0,9,266
2025-09-23 01:00:00,35.541,0.0,79.66,0.07966,35.541,1,1,0,9,266
2025-09-23 02:00:00,28.805,0.0,89.75,0.08975,28.805,2,1,0,9,266
2025-09-23 03:00:00,29.743,0.0,89.16,0.08916,29.743,3,1,0,9,266
2025-09-23 04:00:00,27.957,0.0,78.78,0.07878,27.957,4,1,0,9,266
2025-09-23 05:00:00,28.524,0.0,76.65,0.07665,28.524,5,1,0,9,266
2025-09-23 06:00:00,49.068,0.0,96.96,0.09696,49.068,6,1,0,9,266
2025-09-23 07:00:00,40.378,2.187,95.39,0.09539,38.191,7,1,0,9,266
2025-09-23 08:00:00,61.515,7.444,90.59,0.09059,54.071,8,1,0,9,266
2025-09-23 09:00:00,69.684,7.351,85.69,0.08569,62.333,9,1,0,9,266
2025-09-23 10:00:00,66.528,10.284,86.35,0.08635,56.244,10,1,0,9,266
2025-09-23 11:00:00,71.315,13.767,89.43,0.08943,57.548,11,1,0,9,266
2025-09-23 12:00:00,63.088,17.195,93.64,0.09364,45.893,12,1,0,9,266
2025-09-23 13:00:00,64.933,18.133,67.69,0.06769,46.8,13,1,0,9,266
2025-09-23 14:00:00,62.415,14.633,58.47,0.05847,47.782,14,1,0,9,266
2025-09-23 15:00:00,64.988,13.523,90.29,0.09029,51.465,15,1,0,9,266
2025-09-23 16:00:00,58.852,9.785,71.97,0.07197,49.067,16,1,0,9,266
2025-09-23 17:00:00,66.721,8.716,79.34,0.07934,58.005,17,1,0,9,266
2025-09-23 18:00:00,65.564,4.364,97.66,0.09766,61.2,18,1,0,9,266
2025-09-23 19:00:00,38.754,0.0,110.08,0.11008,38.754,19,1,0,9,266
2025-09-23 20:00:00,37.689,0.0,133.08,0.13308,37.689,20,1,0,9,266
2025-09-23 21:00:00,36.075,0.0,99.71,0.09971,36.075,21,1,0,9,266
2025-09-23 22:00:00,41.267,0.0,112.09,0.11209,41.267,22,1,0,9,266
2025-09-23 23:00:00,25.885,0.0,95.38,0.09538,25.885,23,1,0,9,266
2025-09-24 00:00:00,31.276,0.0,77.65,0.07765,31.276,0,2,0,9,267
2025-09-24 01:00:00,36.276,0.0,79.88,0.07988,36.276,1,2,0,9,267
2025-09-24 02:00:00,34.392,0.0,80.81,0.08081,34.392,2,2,0,9,267
2025-09-24 03:00:00,24.822,0.0,84.48,0.08448,24.822,3,2,0,9,267
2025-09-24 04:00:00,27.921,0.0,79.91,0.07991,27.921,4,2,0,9,267
2025-09-24 05:00:00,30.987,0.0,85.61,0.08561,30.987,5,2,0,9,267
2025-09-24 06:00:00,43.379,0.0,81.69,0.08169,43.379,6,2,0,9,267
2025-09-24 07:00:00,39.126,3.798,115.36,0.11536,35.328,7,2,0,9,267
2025-09-24 08:00:00,65.786,7.962,106.95,0.10695,57.824,8,2,0,9,267
2025-09-24 09:00:00,64.521,12.176,102.05,0.10205,52.345,9,2,0,9,267
2025-09-24 10:00:00,70.678,6.96,88.72,0.08872,63.718,10,2,0,9,267
2025-09-24 11:00:00,63.742,15.692,93.78,0.09378,48.05,11,2,0,9,267
2025-09-24 12:00:00,68.29,18.228,79.82,0.07982,50.062,12,2,0,9,267
2025-09-24 13:00:00,60.498,18.228,71.05,0.07105,42.27,13,2,0,9,267
2025-09-24 14:00:00,61.263,6.144,61.52,0.06152,55.119,14,2,0,9,267
2025-09-24 15:00:00,66.862,14.717,71.52,0.07152,52.145,15,2,0,9,267
2025-09-24 16:00:00,68.021,8.251,92.58,0.09258,59.77,16,2,0,9,267
2025-09-24 17:00:00,61.489,6.68,88.14,0.08814,54.809,17,2,0,9,267
2025-09-24 18:00:00,64.63,3.88,99.14,0.09914,60.75,18,2,0,9,267
2025-09-24 19:00:00,34.528,0.0,115.69,0.11569,34.528,19,2,0,9,267
2025-09-24 20:00:00,38.369,0.0,120.86,0.12086,38.369,20,2,0,9,267
2025-09-24 21:00:00,41.627,0.0,111.02,0.11102,41.627,21,2,0,9,267
2025-09-24 22:00:00,37.557,0.0,98.78,0.09878,37.557,22,2,0,9,267
2025-09-24 23:00:00,28.841,0.0,103.47,0.10347,28.841,23,2,0,9,267
2025-09-25 00:00:00,26.029,0.0,95.33,0.09533,26.029,0,3,0,9,268
2025-09-25 01:00:00,27.569,0.0,105.95,0.10595,27.569,1,3,0,9,268
2025-09-25 02:00:00,35.27,0.0,87.96,0.08796,35.27,2,3,0,9,268
2025-09-25 03:00:00,29.877,0.0,84.83,0.08483,29.877,3,3,0,9,268
2025-09-25 04:00:00,26.437,0.0,93.5,0.0935,26.437,4,3,0,9,268
2025-09-25 05:00:00,28.637,0.0,77.24,0.07724,28.637,5,3,0,9,268
2025-09-25 06:00:00,38.505,0.0,95.94,0.09594,38.505,6,3,0,9,268
2025-09-25 07:00:00,40.372,3.577,103.99,0.10399,36.795,7,3,0,9,268
2025-09-25 08:00:00,68.929,7.398,107.15,0.10715,61.531,8,3,0,9,268
2025-09-25 09:00:00,64.12,10.419,113.89,0.11389,53.701,9,3,0,9,268
2025-09-25 10:00:00,70.626,7.547,87.23,0.08723,63.079,10,3,0,9,268
2025-09-25 11:00:00,64.271,16.804,80.69,0.08069,47.467,11,3,0,9,268
2025-09-25 12:00:00,64.461,16.056,74.73,0.07473,48.405,12,3,0,9,268
2025-09-25 13:00:00,66.627,17.841,58.76,0.05876,48.786,13,3,0,9,268
2025-09-25 14:00:00,56.024,13.729,72.29,0.07229,42.295,14,3,0,9,268
2025-09-25 15:00:00,65.232,11.221,75.58,0.07558,54.011,15,3,0,9,268
2025-09-25 16:00:00,64.419,9.138,81.41,0.08141,55.281,16,3,0,9,268
2025-09-25 17:00:00,69.331,7.818,88.88,0.08888,61.513,17,3,0,9,268
2025-09-25 18:00:00,67.663,2.643,111.89,0.11189,65.02,18,3,0,9,268
2025-09-25 19:00:00,35.331,0.0,120.5,0.1205,35.331,19,3,0,9,268
2025-09-25 20:00:00,42.934,0.0,114.46,0.11446,42.934,20,3,0,9,268
2025-09-25 21:00:00,38.12,0.0,87.05,0.08705,38.12,21,3,0,9,268
2025-09-25 22:00:00,36.065,0.0,102.94,0.10294,36.065,22,3,0,9,268
2025-09-25 23:00:00,30.275,0.0,95.98,0.09598,30.275,23,3,0,9,268
2025-09-26 00:00:00,29.001,0.0,83.81,0.08381,29.001,0,4,0,9,269
2025-09-26 01:00:00,34.573,0.0,81.56,0.08156,34.573,1,4,0,9,269
2025-09-26 02:00:00,30.74,0.0,78.07,0.07807,30.74,2,4,0,9,269
2025-09-26 03:00:00,30.308,0.0,75.25,0.07525,30.308,3,4,0,9,269
2025-09-26 04:00:00,32.532,0.0,74.21,0.07421,32.532,4,4,0,9,269
2025-09-26 05:00:00,33.147,0.0,90.73,0.09073,33.147,5,4,0,9,269
2025-09-26 06:00:00,46.137,0.0,100.46,0.10046,46.137,6,4,0,9,269
2025-09-26 07:00:00,48.172,4.01,81.15,0.08115,44.162,7,4,0,9,269
2025-09-26 08:00:00,66.547,5.068,96.36,0.09636,61.479,8,4,0,9,269
2025-09-26 09:00:00,65.136,9.94,105.17,0.10517,55.196,9,4,0,9,269
2025-09-26 10:00:00,68.565,13.814,91.39,0.09139,54.751,10,4,0,9,269
2025-09-26 11:00:00,64.309,12.934,92.84,0.09284,51.375,11,4,0,9,269
2025-09-26 12:00:00,64.706,17.271,87.72,0.08772,47.435,12,4,0,9,269
2025-09-26 13:00:00,70.109,13.985,186.42,0.18642,56.124,13,4,0,9,269
2025-09-26 14:00:00,69.79,14.358,62.01,0.06201,55.432,14,4,0,9,269
2025-09-26 15:00:00,64.573,12.924,82.04,0.08204,51.649,15,4,0,9,269
2025-09-26 16:00:00,63.148,10.94,73.18,0.07318,52.208,16,4,0,9,269
2025-09-26 17:00:00,69.282,5.68,84.78,0.08478,63.602,17,4,0,9,269
2025-09-26 18:00:00,67.161,3.112,107.05,0.10705,64.049,18,4,0,9,269
2025-09-26 19:00:00,39.98,0.0,111.8,0.1118,39.98,19,4,0,9,269
2025-09-26 20:00:00,37.94,0.0,118.3,0.1183,37.94,20,4,0,9,269
2025-09-26 21:00:00,40.031,0.0,112.87,0.11287,40.031,21,4,0,9,269
2025-09-26 22:00:00,38.9,0.0,104.5,0.1045,38.9,22,4,0,9,269
2025-09-26 23:00:00,27.524,0.0,97.62,0.09762,27.524,23,4,0,9,269
2025-09-27 00:00:00,26.339,0.0,56.68,0.05668,26.339,0,5,1,9,270
2025-09-27 01:00:00,26.775,0.0,75.44,0.07544,26.775,1,5,1,9,270
2025-09-27 02:00:00,24.725,0.0,58.85,0.05885,24.725,2,5,1,9,270
2025-09-27 03:00:00,28.818,0.0,72.72,0.07272,28.818,3,5,1,9,270
2025-09-27 04:00:00,30.05,0.0,80.99,0.08099,30.05,4,5,1,9,270
2025-09-27 05:00:00,29.03,0.0,76.17,0.07617,29.03,5,5,1,9,270
2025-09-27 06:00:00,34.553,0.0,89.68,0.08968,34.553,6,5,1,9,270
2025-09-27 07:00:00,37.856,3.041,90.21,0.09021,34.815,7,5,1,9,270
2025-09-27 08:00:00,49.953,4.09,68.48,0.06848,45.863,8,5,1,9,270
2025-09-27 09:00:00,45.749,7.708,102.33,0.10233,38.041,9,5,1,9,270
2025-09-27 10:00:00,51.857,13.269,88.84,0.08884,38.588,10,5,1,9,270
2025-09-27 11:00:00,50.171,12.184,73.05,0.07305,37.987,11,5,1,9,270
2025-09-27 12:00:00,58.003,5.183,65.31,0.06531,52.82,12,5,1,9,270
2025-09-27 13:00:00,54.367,12.357,42.2,0.0422,42.01,13,5,1,9,270
2025-09-27 14:00:00,51.98,14.137,62.21,0.06221,37.843,14,5,1,9,270
2025-09-27 15:00:00,50.501,11.576,68.47,0.06847,38.925,15,5,1,9,270
2025-09-27 16:00:00,50.228,6.072,62.13,0.06213,44.156,16,5,1,9,270
2025-09-27 17:00:00,46.492,4.632,71.47,0.07147,41.86,17,5,1,9,270
2025-09-27 18:00:00,44.139,4.118,96.37,0.09637,40.021,18,5,1,9,270
2025-09-27 19:00:00,29.475,0.0,119.83,0.11983,29.475,19,5,1,9,270
2025-09-27 20:00:00,32.114,0.0,124.52,0.12452,32.114,20,5,1,9,270
2025-09-27 21:00:00,25.529,0.0,117.97,0.11797,25.529,21,5,1,9,270
2025-09-27 22:00:00,30.525,0.0,119.58,0.11958,30.525,22,5,1,9,270
2025-09-27 23:00:00,25.134,0.0,97.97,0.09797,25.134,23,5,1,9,270
2025-09-28 00:00:00,25.241,0.0,88.05,0.08805,25.241,0,6,1,9,271
2025-09-28 01:00:00,23.812,0.0,77.37,0.07737,23.812,1,6,1,9,271
2025-09-28 02:00:00,24.837,0.0,73.11,0.07311,24.837,2,6,1,9,271
2025-09-28 03:00:00,31.446,0.0,88.21,0.08821,31.446,3,6,1,9,271
2025-09-28 04:00:00,28.049,0.0,67.87,0.06787,28.049,4,6,1,9,271
2025-09-28 05:00:00,24.137,0.0,83.76,0.08376,24.137,5,6,1,9,271
2025-09-28 06:00:00,35.227,0.0,76.64,0.07664,35.227,6,6,1,9,271
2025-09-28 07:00:00,35.355,2.896,90.2,0.0902,32.459,7,6,1,9,271
2025-09-28 08:00:00,47.263,5.873,92.79,0.09279,41.39,8,6,1,9,271
2025-09-28 09:00:00,47.259,7.81,92.05,0.09205,39.449,9,6,1,9,271
2025-09-28 10:00:00,52.954,13.849,86.24,0.08624,39.105,10,6,1,9,271
2025-09-28 11:00:00,48.377,14.336,84.15,0.08415,34.041,11,6,1,9,271
2025-09-28 12:00:00,46.217,11.602,77.01,0.07701,34.615,12,6,1,9,271
2025-09-28 13:00:00,49.582,15.97,49.13,0.04913,33.612,13,6,1,9,271
2025-09-28 14:00:00,50.098,15.52,59.65,0.05965,34.578,14,6,1,9,271
2025-09-28 15:00:00,43.407,9.635,57.85,0.05785,33.772,15,6,1,9,271
2025-09-28 16:00:00,49.59,9.517,70.94,0.07094,40.073,16,6,1,9,271
2025-09-28 17:00:00,52.498,7.204,76.43,0.07643,45.294,17,6,1,9,271
2025-09-28 18:00:00,51.164,3.05,107.79,0.10779,48.114,18,6,1,9,271
2025-09-28 19:00:00,39.409,0.0,107.27,0.10727,39.409,19,6,1,9,271
2025-09-28 20:00:00,36.278,0.0,123.55,0.12355,36.278,20,6,1,9,271
2025-09-28 21:00:00,36.911,0.0,100.23,0.10023,36.911,21,6,1,9,271
2025-09-28 22:00:00,41.234,0.0,96.65,0.09665,41.234,22,6,1,9,271
2025-09-28 23:00:00,28.356,0.0,82.65,0.08265,28.356,23,6,1,9,271
2025-09-29 00:00:00,30.19,0.0,87.5,0.0875,30.19,0,0,0,9,272
2025-09-29 01:00:00,32.784,0.0,71.73,0.07173,32.784,1,0,0,9,272
2025-09-29 02:00:00,27.878,0.0,66.57,0.06657,27.878,2,0,0,9,272
2025-09-29 03:00:00,30.012,0.0,77.69,0.07769,30.012,3,0,0,9,272
2025-09-29 04:00:00,27.595,0.0,90.38,0.09038,27.595,4,0,0,9,272
2025-09-29 05:00:00,30.941,0.0,78.51,0.07851,30.941,5,0,0,9,272
2025-09-29 06:00:00,41.583,0.0,92.46,0.09246,41.583,6,0,0,9,272
2025-09-29 07:00:00,41.471,3.69,87.41,0.08741,37.781,7,0,0,9,272
2025-09-29 08:00:00,65.994,5.08,79.67,0.07967,60.914,8,0,0,9,272
2025-09-29 09:00:00,64.23,8.581,106.02,0.10602,55.649,9,0,0,9,272
2025-09-29 10:00:00,58.503,13.543,99.99,0.09999,44.96,10,0,0,9,272
2025-09-29 11:00:00,60.013,8.529,85.5,0.0855,51.484,11,0,0,9,272
2025-09-29 12:00:00,61.0,11.409,77.59,0.07759,49.591,12,0,0,9,272
2025-09-29 13:00:00,61.845,14.848,68.13,0.06813,46.997,13,0,0,9,272
2025-09-29 14:00:00,65.997,7.918,56.86,0.05686,58.079,14,0,0,9,272
2025-09-29 15:00:00,65.372,9.203,82.17,0.08217,56.169,15,0,0,9,272
2025-09-29 16:00:00,68.08,10.584,75.08,0.07508,57.496,16,0,0,9,272
2025-09-29 17:00:00,67.08,5.362,91.29,0.09129,61.718,17,0,0,9,272
2025-09-29 18:00:00,68.101,3.652,97.13,0.09713,64.449,18,0,0,9,272
2025-09-29 19:00:00,40.949,0.0,119.47,0.11947,40.949,19,0,0,9,272
2025-09-29 20:00:00,39.673,0.0,132.22,0.13222,39.673,20,0,0,9,272
2025-09-29 21:00:00,42.52,0.0,118.5,0.1185,42.52,21,0,0,9,272
2025-09-29 22:00:00,41.944,0.0,110.14,0.11014,41.944,22,0,0,9,272
2025-09-29 23:00:00,30.871,0.0,104.66,0.10466,30.871,23,0,0,9,272
2025-09-30 00:00:00,33.741,0.0,90.72,0.09072,33.741,0,1,0,9,273
2025-09-30 01:00:00,22.167,0.0,94.11,0.09411,22.167,1,1,0,9,273
2025-09-30 02:00:00,28.744,0.0,86.96,0.08696,28.744,2,1,0,9,273
2025-09-30 03:00:00,28.695,0.0,87.24,0.08724,28.695,3,1,0,9,273
2025-09-30 04:00:00,33.362,0.0,87.25,0.08725,33.362,4,1,0,9,273
2025-09-30 05:00:00,34.702,0.0,95.34,0.09534,34.702,5,1,0,9,273
2025-09-30 06:00:00,39.042,0.0,85.57,0.08557,39.042,6,1,0,9,273
2025-09-30 07:00:00,48.198,3.291,99.28,0.09928,44.907,7,1,0,9,273
2025-09-30 08:00:00,60.946,3.582,120.26,0.12026,57.364,8,1,0,9,273
2025-09-30 09:00:00,61.043,7.182,101.18,0.10118,53.861,9,1,0,9,273
2025-09-30 10:00:00,63.945,13.24,81.62,0.08162,50.705,10,1,0,9,273
2025-09-30 11:00:00,63.677,11.903,83.09,0.08309,51.774,11,1,0,9,273
2025-09-30 12:00:00,59.708,8.873,83.46,0.08346,50.835,12,1,0,9,273
2025-09-30 13:00:00,66.775,14.481,63.58,0.06358,52.294,13,1,0,9,273
2025-09-30 14:00:00,66.869,7.802,57.5,0.0575,59.067,14,1,0,9,273
2025-09-30 15:00:00,68.068,12.108,55.41,0.05541,55.96,15,1,0,9,273
2025-09-30 16:00:00,63.308,10.462,74.09,0.07409,52.846,16,1,0,9,273
2025-09-30 17:00:00,64.568,7.435,103.88,0.10388,57.133,17,1,0,9,273
2025-09-30 18:00:00,64.598,2.696,96.9,0.0969,61.902,18,1,0,9,273
2025-09-30 19:00:00,44.414,0.0,123.89,0.12389,44.414,19,1,0,9,273
2025-09-30 20:00:00,29.943,0.0,118.07,0.11807,29.943,20,1,0,9,273
2025-09-30 21:00:00,35.95,0.0,113.05,0.11305,35.95,21,1,0,9,273
2025-09-30 22:00:00,39.03,0.0,111.8,0.1118,39.03,22,1,0,9,273
2025-09-30 23:00:00,26.2,0.0,80.63,0.08063,26.2,23,1,0,9,273
2025-10-01 00:00:00,28.853,0.0,100.44,0.10044,28.853,0,2,0,10,274
2025-10-01 01:00:00,29.276,0.0,89.14,0.08914,29.276,1,2,0,10,274
2025-10-01 02:00:00,27.575,0.0,94.36,0.09436,27.575,2,2,0,10,274
2025-10-01 03:00:00,29.886,0.0,81.55,0.08155,29.886,3,2,0,10,274
2025-10-01 04:00:00,31.69,0.0,89.91,0.08991,31.69,4,2,0,10,274
2025-10-01 05:00:00,28.924,0.0,96.12,0.09612,28.924,5,2,0,10,274
2025-10-01 06:00:00,42.245,0.0,89.08,0.08908,42.245,6,2,0,10,274
2025-10-01 07:00:00,43.165,3.763,85.34,0.08534,39.402,7,2,0,10,274
2025-10-01 08:00:00,64.695,6.919,87.95,0.08795,57.776,8,2,0,10,274
2025-10-01 09:00:00,59.15,10.154,93.46,0.09346,48.996,9,2,0,10,274
2025-10-01 10:00:00,66.196,11.563,95.95,0.09595,54.633,10,2,0,10,274
2025-10-01 11:00:00,63.276,7.35,84.46,0.08446,55.926,11,2,0,10,274
2025-10-01 12:00:00,68.756,10.432,72.46,0.07246,58.324,12,2,0,10,274
2025-10-01 13:00:00,66.61,5.499,77.17,0.07717,61.111,13,2,0,10,274
2025-10-01 14:00:00,68.463,11.428,62.76,0.06276,57.035,14,2,0,10,274
2025-10-01 15:00:00,61.484,11.168,63.32,0.06332,50.316,15,2,0,10,274
2025-10-01 16:00:00,63.531,5.148,85.66,0.08566,58.383,16,2,0,10,274
2025-10-01 17:00:00,60.743,3.675,93.37,0.09337,57.068,17,2,0,10,274
2025-10-01 18:00:00,62.462,3.612,90.06,0.09006,58.85,18,2,0,10,274
2025-10-01 19:00:00,43.03,0.0,101.91,0.10191,43.03,19,2,0,10,274
2025-10-01 20:00:00,43.784,0.0,109.87,0.10987,43.784,20,2,0,10,274
2025-10-01 21:00:00,35.35,0.0,116.72,0.11672,35.35,21,2,0,10,274
2025-10-01 22:00:00,37.557,0.0,118.51,0.11851,37.557,22,2,0,10,274
2025-10-01 23:00:00,29.436,0.0,110.54,0.11054,29.436,23,2,0,10,274
2025-10-02 00:00:00,31.56,0.0,91.35,0.09135,31.56,0,3,0,10,275
2025-10-02 01:00:00,24.054,0.0,103.0,0.103,24.054,1,3,0,10,275
2025-10-02 02:00:00,24.556,0.0,85.96,0.08596,24.556,2,3,0,10,275
2025-10-02 03:00:00,31.253,0.0,95.32,0.09532,31.253,3,3,0,10,275
2025-10-02 04:00:00,23.449,0.0,79.34,0.07934,23.449,4,3,0,10,275
2025-10-02 05:00:00,28.256,0.0,71.33,0.07133,28.256,5,3,0,10,275
2025-10-02 06:00:00,44.227,0.0,87.0,0.087,44.227,6,3,0,10,275
2025-10-02 07:00:00,45.039,3.677,92.92,0.09292,41.362,7,3,0,10,275
2025-10-02 08:00:00,64.29,7.141,123.33,0.12333,57.149,8,3,0,10,275
2025-10-02 09:00:00,63.573,8.854,97.79,0.09779,54.719,9,3,0,10,275
2025-10-02 10:00:00,67.446,9.148,83.61,0.08361,58.298,10,3,0,10,275
2025-10-02 11:00:00,65.656,9.413,95.84,0.09584,56.243,11,3,0,10,275
2025-10-02 12:00:00,62.673,15.036,69.86,0.06986,47.637,12,3,0,10,275
2025-10-02 13:00:00,64.864,14.614,71.92,0.07192,50.25,13,3,0,10,275
2025-10-02 14:00:00,65.969,8.127,172.2,0.1722,57.842,14,3,0,10,275
2025-10-02 15:00:00,70.242,9.05,60.08,0.06008,61.192,15,3,0,10,275
2025-10-02 16:00:00,67.259,8.607,91.54,0.09154,58.652,16,3,0,10,275
2025-10-02 17:00:00,68.63,6.849,99.23,0.09923,61.781,17,3,0,10,275
2025-10-02 18:00:00,62.789,3.08,105.94,0.10594,59.709,18,3,0,10,275
2025-10-02 19:00:00,37.357,0.0,132.84,0.13284,37.357,19,3,0,10,275
2025-10-02 20:00:00,38.281,0.0,117.23,0.11723,38.281,20,3,0,10,275
2025-10-02 21:00:00,38.575,0.0,125.07,0.12507,38.575,21,3,0,10,275
2025-10-02 22:00:00,35.809,0.0,109.61,0.10961,35.809,22,3,0,10,275
2025-10-02 23:00:00,33.737,0.0,89.79,0.08979,33.737,23,3,0,10,275
2025-10-03 00:00:00,32.519,0.0,77.88,0.07788,32.519,0,4,0,10,276
2025-10-03 01:00:00,28.714,0.0,104.29,0.10429,28.714,1,4,0,10,276
2025-10-03 02:00:00,31.745,0.0,94.65,0.09465,31.745,2,4,0,10,276
2025-10-03 03:00:00,30.405,0.0,93.24,0.09324,30.405,3,4,0,10,276
2025-10-03 04:00:00,31.995,0.0,78.91,0.07891,31.995,4,4,0,10,276
2025-10-03 05:00:00,25.39,0.0,94.08,0.09408,25.39,5,4,0,10,276
2025-10-03 06:00:00,43.256,0.0,86.52,0.08652,43.256,6,4,0,10,276
2025-10-03 07:00:00,43.536,3.464,111.26,0.11126,40.072,7,4,0,10,276
2025-10-03 08:00:00,66.763,6.933,109.72,0.10972,59.83,8,4,0,10,276
2025-10-03 09:00:00,62.756,9.954,107.09,0.10709,52.802,9,4,0,10,276
2025-10-03 10:00:00,56.768,11.352,102.08,0.10208,45.416,10,4,0,10,276
2025-10-03 11:00:00,61.306,7.294,85.42,0.08542,54.012,11,4,0,10,276
2025-10-03 12:00:00,64.572,11.255,82.44,0.08244,53.317,12,4,0,10,276
2025-10-03 13:00:00,64.972,14.901,86.01,0.08601,50.071,13,4,0,10,276
2025-10-03 14:00:00,70.155,9.383,72.25,0.07225,60.772,14,4,0,10,276
2025-10-03 15:00:00,66.632,9.247,61.1,0.0611,57.385,15,4,0,10,276
2025-10-03 16:00:00,65.028,6.143,89.03,0.08903,58.885,16,4,0,10,276
2025-10-03 17:00:00,64.664,6.976,81.28,0.08128,57.688,17,4,0,10,276
2025-10-03 18:00:00,68.301,3.344,102.22,0.10222,64.957,18,4,0,10,276
2025-10-03 19:00:00,37.157,0.0,110.7,0.1107,37.157,19,4,0,10,276
2025-10-03 20:00:00,38.596,0.0,95.08,0.09508,38.596,20,4,0,10,276
2025-10-03 21:00:00,35.56,0.0,118.99,0.11899,35.56,21,4,0,10,276
2025-10-03 22:00:00,43.586,0.0,128.66,0.12866,43.586,22,4,0,10,276
2025-10-03 23:00:00,30.948,0.0,99.48,0.09948,30.948,23,4,0,10,276
2025-10-04 00:00:00,23.691,0.0,106.71,0.10671,23.691,0,5,1,10,277
2025-10-04 01:00:00,25.588,0.0,75.56,0.07556,25.588,1,5,1,10,277
2025-10-04 02:00:00,27.585,0.0,79.39,0.07939,27.585,2,5,1,10,277
2025-10-04 03:00:00,25.152,0.0,76.42,0.07642,25.152,3,5,1,10,277
2025-10-04 04:00:00,24.244,0.0,78.88,0.07888,24.244,4,5,1,10,277
2025-10-04 05:00:00,23.861,0.0,83.82,0.08382,23.861,5,5,1,10,277
2025-10-04 06:00:00,36.585,0.0,98.42,0.09842,36.585,6,5,1,10,277
2025-10-04 07:00:00,34.354,2.905,79.01,0.07901,31.449,7,5,1,10,277
2025-10-04 08:00:00,48.366,5.919,90.8,0.0908,42.447,8,5,1,10,277
2025-10-04 09:00:00,45.543,9.256,97.18,0.09718,36.287,9,5,1,10,277
2025-10-04 10:00:00,50.067,10.7,99.82,0.09982,39.367,10,5,1,10,277
2025-10-04 11:00:00,49.238,9.195,57.84,0.05784,40.043,11,5,1,10,277
2025-10-04 12:00:00,48.789,11.938,56.7,0.0567,36.851,12,5,1,10,277
2025-10-04 13:00:00,50.454,10.067,64.12,0.06412,40.387,13,5,1,10,277
2025-10-04 14:00:00,52.212,7.653,71.9,0.0719,44.559,14,5,1,10,277
2025-10-04 15:00:00,52.063,11.505,57.82,0.05782,40.558,15,5,1,10,277
2025-10-04 16:00:00,51.587,5.789,76.29,0.07629,45.798,16,5,1,10,277
2025-10-04 17:00:00,49.048,5.238,100.97,0.10097,43.81,17,5,1,10,277
2025-10-04 18:00:00,48.004,2.978,95.74,0.09574,45.026,18,5,1,10,277
2025-10-04 19:00:00,28.978,0.0,106.27,0.10627,28.978,19,5,1,10,277
2025-10-04 20:00:00,30.42,0.0,119.0,0.119,30.42,20,5,1,10,277
2025-10-04 21:00:00,32.381,0.0,112.15,0.11215,32.381,21,5,1,10,277
2025-10-04 22:00:00,29.802,0.0,102.6,0.1026,29.802,22,5,1,10,277
2025-10-04 23:00:00,26.262,0.0,87.59,0.08759,26.262,23,5,1,10,277
2025-10-05 00:00:00,22.869,0.0,74.63,0.07463,22.869,0,6,1,10,278
2025-10-05 01:00:00,20.644,0.0,67.18,0.06718,20.644,1,6,1,10,278
2025-10-05 02:00:00,28.581,0.0,83.43,0.08343,28.581,2,6,1,10,278
2025-10-05 03:00:00,24.441,0.0,67.19,0.06719,24.441,3,6,1,10,278
2025-10-05 04:00:00,23.28,0.0,70.23,0.07023,23.28,4,6,1,10,278
2025-10-05 05:00:00,22.458,0.0,68.27,0.06827,22.458,5,6,1,10,278
2025-10-05 06:00:00,36.863,0.0,80.18,0.08018,36.863,6,6,1,10,278
2025-10-05 07:00:00,39.909,3.426,87.79,0.08779,36.483,7,6,1,10,278
2025-10-05 08:00:00,48.545,4.966,79.84,0.07984,43.579,8,6,1,10,278
2025-10-05 09:00:00,49.145,9.494,88.48,0.08848,39.651,9,6,1,10,278
2025-10-05 10:00:00,53.264,6.931,88.76,0.08876,46.333,10,6,1,10,278
2025-10-05 11:00:00,44.041,10.317,63.85,0.06385,33.724,11,6,1,10,278
2025-10-05 12:00:00,56.129,9.028,63.21,0.06321,47.101,12,6,1,10,278
2025-10-05 13:00:00,57.656,9.367,81.89,0.08189,48.289,13,6,1,10,278
2025-10-05 14:00:00,41.175,10.554,53.74,0.05374,30.621,14,6,1,10,278
2025-10-05 15:00:00,49.523,11.782,69.84,0.06984,37.741,15,6,1,10,278
2025-10-05 16:00:00,47.534,9.494,64.65,0.06465,38.04,16,6,1,10,278
2025-10-05 17:00:00,48.988,2.836,83.32,0.08332,46.152,17,6,1,10,278
2025-10-05 18:00:00,48.496,2.761,87.79,0.08779,45.735,18,6,1,10,278
2025-10-05 19:00:00,34.923,0.0,89.66,0.08966,34.923,19,6,1,10,278
2025-10-05 20:00:00,31.965,0.0,110.0,0.11,31.965,20,6,1,10,278
2025-10-05 21:00:00,29.411,0.0,114.9,0.1149,29.411,21,6,1,10,278
2025-10-05 22:00:00,31.775,0.0,106.96,0.10696,31.775,22,6,1,10,278
2025-10-05 23:00:00,27.606,0.0,90.95,0.09095,27.606,23,6,1,10,278
2025-10-06 00:00:00,25.922,0.0,76.56,0.07656,25.922,0,0,0,10,279
2025-10-06 01:00:00,24.442,0.0,93.55,0.09355,24.442,1,0,0,10,279
2025-10-06 02:00:00,36.087,0.0,77.21,0.07721,36.087,2,0,0,10,279
2025-10-06 03:00:00,27.654,0.0,78.11,0.07811,27.654,3,0,0,10,279
2025-10-06 04:00:00,29.271,0.0,75.73,0.07573,29.271,4,0,0,10,279
2025-10-06 05:00:00,28.437,0.0,83.15,0.08315,28.437,5,0,0,10,279
2025-10-06 06:00:00,45.516,0.0,87.62,0.08762,45.516,6,0,0,10,279
2025-10-06 07:00:00,49.435,1.76,97.59,0.09759,47.675,7,0,0,10,279
2025-10-06 08:00:00,66.696,3.986,84.44,0.08444,62.71,8,0,0,10,279
2025-10-06 09:00:00,59.982,7.53,93.67,0.09367,52.452,9,0,0,10,279
2025-10-06 10:00:00,60.411,10.73,86.27,0.08627,49.681,10,0,0,10,279
2025-10-06 11:00:00,63.564,6.955,90.95,0.09095,56.609,11,0,0,10,279
2025-10-06 12:00:00,63.982,13.492,80.96,0.08096,50.49,12,0,0,10,279
2025-10-06 13:00:00,59.33,12.956,60.68,0.06068,46.374,13,0,0,10,279
2025-10-06 14:00:00,67.462,11.162,72.88,0.07288,56.3,14,0,0,10,279
2025-10-06 15:00:00,61.364,8.69,69.36,0.06936,52.674,15,0,0,10,279
2025-10-06 16:00:00,69.619,8.486,84.79,0.08479,61.133,16,0,0,10,279
2025-10-06 17:00:00,70.666,3.016,81.99,0.08199,67.65,17,0,0,10,279
2025-10-06 18:00:00,64.046,3.159,108.8,0.1088,60.887,18,0,0,10,279
2025-10-06 19:00:00,40.483,0.0,124.46,0.12446,40.483,19,0,0,10,279
2025-10-06 20:00:00,35.136,0.0,122.23,0.12223,35.136,20,0,0,10,279
2025-10-06 21:00:00,41.074,0.0,138.59,0.13859,41.074,21,0,0,10,279
2025-10-06 22:00:00,37.484,0.0,112.22,0.11222,37.484,22,0,0,10,279
2025-10-06 23:00:00,26.231,0.0,114.28,0.11428,26.231,23,0,0,10,279
2025-10-07 00:00:00,28.79,0.0,109.69,0.10969,28.79,0,1,0,10,280
2025-10-07 01:00:00,28.226,0.0,67.76,0.06776,28.226,1,1,0,10,280
2025-10-07 02:00:00,28.676,0.0,96.09,0.09609,28.676,2,1,0,10,280
2025-10-07 03:00:00,32.755,0.0,90.02,0.09002,32.755,3,1,0,10,280
2025-10-07 04:00:00,27.203,0.0,88.11,0.08811,27.203,4,1,0,10,280
2025-10-07 05:00:00,35.268,0.0,80.91,0.08091,35.268,5,1,0,10,280
2025-10-07 06:00:00,39.536,0.0,81.8,0.0818,39.536,6,1,0,10,280
2025-10-07 07:00:00,48.945,2.076,84.27,0.08427,46.869,7,1,0,10,280
2025-10-07 08:00:00,61.612,5.181,120.34,0.12034,56.431,8,1,0,10,280
2025-10-07 09:00:00,64.862,6.17,103.29,0.10329,58.692,9,1,0,10,280
2025-10-07 10:00:00,63.296,7.742,80.82,0.08082,55.554,10,1,0,10,280
2025-10-07 11:00:00,63.765,7.715,76.29,0.07629,56.05,11,1,0,10,280
2025-10-07 12:00:00,67.429,8.366,57.83,0.05783,59.063,12,1,0,10,280
2025-10-07 13:00:00,69.664,8.721,83.02,0.08302,60.943,13,1,0,10,280
2025-10-07 14:00:00,68.675,11.506,68.55,0.06855,57.169,14,1,0,10,280
2025-10-07 15:00:00,63.569,8.281,75.12,0.07512,55.288,15,1,0,10,280
2025-10-07 16:00:00,65.455,8.015,77.02,0.07702,57.44,16,1,0,10,280
2025-10-07 17:00:00,62.362,6.34,98.06,0.09806,56.022,17,1,0,10,280
2025-10-07 18:00:00,61.692,2.617,99.06,0.09906,59.075,18,1,0,10,280
2025-10-07 19:00:00,35.421,0.0,118.9,0.1189,35.421,19,1,0,10,280
2025-10-07 20:00:00,37.689,0.0,124.42,0.12442,37.689,20,1,0,10,280
2025-10-07 21:00:00,39.888,0.0,106.15,0.10615,39.888,21,1,0,10,280
2025-10-07 22:00:00,32.971,0.0,100.22,0.10022,32.971,22,1,0,10,280
2025-10-07 23:00:00,29.568,0.0,93.76,0.09376,29.568,23,1,0,10,280
2025-10-08 00:00:00,34.574,0.0,87.83,0.08783,34.574,0,2,0,10,281
2025-10-08 01:00:00,33.312,0.0,98.52,0.09852,33.312,1,2,0,10,281
2025-10-08 02:00:00,27.85,0.0,85.87,0.08587,27.85,2,2,0,10,281
2025-10-08 03:00:00,25.252,0.0,84.13,0.08413,25.252,3,2,0,10,281
2025-10-08 04:00:00,31.194,0.0,88.92,0.08892,31.194,4,2,0,10,281
2025-10-08 05:00:00,22.307,0.0,86.09,0.08609,22.307,5,2,0,10,281
2025-10-08 06:00:00,47.342,0.0,90.63,0.09063,47.342,6,2,0,10,281
2025-10-08 07:00:00,43.106,1.696,110.1,0.1101,41.41,7,2,0,10,281
2025-10-08 08:00:00,70.75,4.131,96.02,0.09602,66.619,8,2,0,10,281
2025-10-08 09:00:00,59.363,7.428,101.18,0.10118,51.935,9,2,0,10,281
2025-10-08 10:00:00,67.827,8.754,88.11,0.08811,59.073,10,2,0,10,281
2025-10-08 11:00:00,64.568,10.044,257.93,0.25793,54.524,11,2,0,10,281
2025-10-08 12:00:00,63.83,13.016,69.11,0.06911,50.814,12,2,0,10,281
2025-10-08 13:00:00,60.506,12.61,70.54,0.07054,47.896,13,2,0,10,281
2025-10-08 14:00:00,66.796,12.447,78.07,0.07807,54.349,14,2,0,10,281
2025-10-08 15:00:00,67.053,3.84,61.51,0.06151,63.213,15,2,0,10,281
2025-10-08 16:00:00,70.602,4.594,85.82,0.08582,66.008,16,2,0,10,281
2025-10-08 17:00:00,68.115,6.0,68.24,0.06824,62.115,17,2,0,10,281
2025-10-08 18:00:00,62.989,2.557,92.26,0.09226,60.432,18,2,0,10,281
2025-10-08 19:00:00,35.888,0.0,115.15,0.11515,35.888,19,2,0,10,281
2025-10-08 20:00:00,34.721,0.0,145.92,0.14592,34.721,20,2,0,10,281
2025-10-08 21:00:00,43.815,0.0,119.35,0.11935,43.815,21,2,0,10,281
2025-10-08 22:00:00,36.61,0.0,109.26,0.10926,36.61,22,2,0,10,281
2025-10-08 23:00:00,34.459,0.0,108.41,0.10841,34.459,23,2,0,10,281
2025-10-09 00:00:00,31.409,0.0,73.91,0.07391,31.409,0,3,0,10,282
2025-10-09 01:00:00,30.784,0.0,54.46,0.05446,30.784,1,3,0,10,282
2025-10-09 02:00:00,28.747,0.0,102.21,0.10221,28.747,2,3,0,10,282
2025-10-09 03:00:00,31.843,0.0,91.2,0.0912,31.843,3,3,0,10,282
2025-10-09 04:00:00,29.679,0.0,81.52,0.08152,29.679,4,3,0,10,282
2025-10-09 05:00:00,28.547,0.0,88.39,0.08839,28.547,5,3,0,10,282
2025-10-09 06:00:00,46.03,0.0,101.54,0.10154,46.03,6,3,0,10,282
2025-10-09 07:00:00,43.342,3.108,93.81,0.09381,40.234,7,3,0,10,282
2025-10-09 08:00:00,62.359,6.035,99.86,0.09986,56.324,8,3,0,10,282
2025-10-09 09:00:00,66.833,4.998,119.07,0.11907,61.835,9,3,0,10,282
2025-10-09 10:00:00,64.709,9.488,82.28,0.08228,55.221,10,3,0,10,282
2025-10-09 11:00:00,66.478,9.46,92.29,0.09229,57.018,11,3,0,10,282
2025-10-09 12:00:00,63.462,8.827,66.16,0.06616,54.635,12,3,0,10,282
2025-10-09 13:00:00,61.045,7.723,87.05,0.08705,53.322,13,3,0,10,282
2025-10-09 14:00:00,70.466,5.709,71.33,0.07133,64.757,14,3,0,10,282
2025-10-09 15:00:00,69.863,4.331,63.46,0.06346,65.532,15,3,0,10,282
2025-10-09 16:00:00,67.742,7.757,62.29,0.06229,59.985,16,3,0,10,282
2025-10-09 17:00:00,63.673,4.301,85.39,0.08539,59.372,17,3,0,10,282
2025-10-09 18:00:00,63.953,2.723,105.19,0.10519,61.23,18,3,0,10,282
2025-10-09 19:00:00,43.535,0.0,127.83,0.12783,43.535,19,3,0,10,282
2025-10-09 20:00:00,37.979,0.0,111.04,0.11104,37.979,20,3,0,10,282
2025-10-09 21:00:00,37.087,0.0,109.8,0.1098,37.087,21,3,0,10,282
2025-10-09 22:00:00,45.102,0.0,102.78,0.10278,45.102,22,3,0,10,282
2025-10-09 23:00:00,29.576,0.0,89.34,0.08934,29.576,23,3,0,10,282
2025-10-10 00:00:00,35.394,0.0,79.79,0.07979,35.394,0,4,0,10,283
2025-10-10 01:00:00,25.26,0.0,75.5,0.0755,25.26,1,4,0,10,283
2025-10-10 02:00:00,31.393,0.0,89.2,0.0892,31.393,2,4,0,10,283
2025-10-10 03:00:00,36.362,0.0,80.49,0.08049,36.362,3,4,0,10,283
2025-10-10 04:00:00,29.83,0.0,86.25,0.08625,29.83,4,4,0,10,283
2025-10-10 05:00:00,28.89,0.0,91.02,0.09102,28.89,5,4,0,10,283
2025-10-10 06:00:00,40.079,0.0,77.38,0.07738,40.079,6,4,0,10,283
2025-10-10 07:00:00,47.28,2.741,101.2,0.1012,44.539,7,4,0,10,283
2025-10-10 08:00:00,62.474,3.331,100.66,0.10066,59.143,8,4,0,10,283
2025-10-10 09:00:00,64.635,7.39,100.98,0.10098,57.245,9,4,0,10,283
2025-10-10 10:00:00,60.988,8.633,93.54,0.09354,52.355,10,4,0,10,283
2025-10-10 11:00:00,69.921,10.12,84.58,0.08458,59.801,11,4,0,10,283
2025-10-10 12:00:00,68.634,12.575,79.08,0.07908,56.059,12,4,0,10,283
2025-10-10 13:00:00,64.837,10.157,72.53,0.07253,54.68,13,4,0,10,283
2025-10-10 14:00:00,61.245,11.754,56.76,0.05676,49.491,14,4,0,10,283
2025-10-10 15:00:00,69.853,6.174,86.24,0.08624,63.679,15,4,0,10,283
2025-10-10 16:00:00,63.768,4.538,70.5,0.0705,59.23,16,4,0,10,283
2025-10-10 17:00:00,61.402,4.902,89.72,0.08972,56.5,17,4,0,10,283
2025-10-10 18:00:00,59.3,2.797,115.15,0.11515,56.503,18,4,0,10,283
2025-10-10 19:00:00,37.055,0.0,112.99,0.11299,37.055,19,4,0,10,283
2025-10-10 20:00:00,34.467,0.0,124.51,0.12451,34.467,20,4,0,10,283
2025-10-10 21:00:00,37.129,0.0,96.3,0.0963,37.129,21,4,0,10,283
2025-10-10 22:00:00,41.504,0.0,88.09,0.08809,41.504,22,4,0,10,283
2025-10-10 23:00:00,28.533,0.0,97.0,0.097,28.533,23,4,0,10,283
2025-10-11 00:00:00,27.122,0.0,80.0,0.08,27.122,0,5,1,10,284
2025-10-11 01:00:00,23.669,0.0,89.18,0.08918,23.669,1,5,1,10,284
2025-10-11 02:00:00,26.192,0.0,86.21,0.08621,26.192,2,5,1,10,284
2025-10-11 03:00:00,32.131,0.0,62.57,0.06257,32.131,3,5,1,10,284
2025-10-11 04:00:00,24.869,0.0,91.99,0.09199,24.869,4,5,1,10,284
2025-10-11 05:00:00,27.214,0.0,69.24,0.06924,27.214,5,5,1,10,284
2025-10-11 06:00:00,30.555,0.0,92.97,0.09297,30.555,6,5,1,10,284
2025-10-11 07:00:00,40.429,2.048,83.91,0.08391,38.381,7,5,1,10,284
2025-10-11 08:00:00,48.408,4.141,118.9,0.1189,44.267,8,5,1,10,284
2025-10-11 09:00:00,53.297,4.541,86.14,0.08614,48.756,9,5,1,10,284
2025-10-11 10:00:00,49.541,8.699,87.3,0.0873,40.842,10,5,1,10,284
2025-10-11 11:00:00,51.892,11.55,82.03,0.08203,40.342,11,5,1,10,284
2025-10-11 12:00:00,52.082,7.198,69.28,0.06928,44.884,12,5,1,10,284
2025-10-11 13:00:00,48.487,11.618,54.77,0.05477,36.869,13,5,1,10,284
2025-10-11 14:00:00,53.429,8.982,83.77,0.08377,44.447,14,5,1,10,284
2025-10-11 15:00:00,47.506,5.532,57.55,0.05755,41.974,15,5,1,10,284
2025-10-11 16:00:00,52.424,6.447,64.16,0.06416,45.977,16,5,1,10,284
2025-10-11 17:00:00,48.686,5.741,81.12,0.08112,42.945,17,5,1,10,284
2025-10-11 18:00:00,51.053,2.233,98.6,0.0986,48.82,18,5,1,10,284
2025-10-11 19:00:00,30.892,0.0,102.73,0.10273,30.892,19,5,1,10,284
2025-10-11 20:00:00,32.531,0.0,124.84,0.12484,32.531,20,5,1,10,284
2025-10-11 21:00:00,28.932,0.0,112.91,0.11291,28.932,21,5,1,10,284
2025-10-11 22:00:00,33.163,0.0,101.28,0.10128,33.163,22,5,1,10,284
2025-10-11 23:00:00,26.125,0.0,96.0,0.096,26.125,23,5,1,10,284
2025-10-12 00:00:00,24.259,0.0,69.79,0.06979,24.259,0,6,1,10,285
2025-10-12 01:00:00,25.812,0.0,72.45,0.07245,25.812,1,6,1,10,285
2025-10-12 02:00:00,26.417,0.0,78.16,0.07816,26.417,2,6,1,10,285
2025-10-12 03:00:00,24.016,0.0,87.96,0.08796,24.016,3,6,1,10,285
2025-10-12 04:00:00,25.576,0.0,77.04,0.07704,25.576,4,6,1,10,285
2025-10-12 05:00:00,22.77,0.0,78.15,0.07815,22.77,5,6,1,10,285
2025-10-12 06:00:00,43.08,0.0,63.44,0.06344,43.08,6,6,1,10,285
2025-10-12 07:00:00,38.963,2.595,81.67,0.08167,36.368,7,6,1,10,285
2025-10-12 08:00:00,50.826,4.298,75.41,0.07541,46.528,8,6,1,10,285
2025-10-12 09:00:00,53.702,5.907,157.82,0.15782,47.795,9,6,1,10,285
2025-10-12 10:00:00,43.618,8.808,91.87,0.09187,34.81,10,6,1,10,285
2025-10-12 11:00:00,41.767,11.26,113.81,0.11381,30.507,11,6,1,10,285
2025-10-12 12:00:00,48.674,10.104,73.83,0.07383,38.57,12,6,1,10,285
2025-10-12 13:00:00,45.54,8.08,68.25,0.06825,37.46,13,6,1,10,285
2025-10-12 14:00:00,49.194,5.821,54.3,0.0543,43.373,14,6,1,10,285
2025-10-12 15:00:00,50.61,9.911,53.35,0.05335,40.699,15,6,1,10,285
2025-10-12 16:00:00,52.897,5.207,91.36,0.09136,47.69,16,6,1,10,285
2025-10-12 17:00:00,46.309,4.686,74.34,0.07434,41.623,17,6,1,10,285
2025-10-12 18:00:00,51.23,2.034,76.84,0.07684,49.196,18,6,1,10,285
2025-10-12 19:00:00,32.424,0.0,112.21,0.11221,32.424,19,6,1,10,285
2025-10-12 20:00:00,33.49,0.0,111.19,0.11119,33.49,20,6,1,10,285
2025-10-12 21:00:00,30.715,0.0,117.51,0.11751,30.715,21,6,1,10,285
2025-10-12 22:00:00,36.804,0.0,116.93,0.11693,36.804,22,6,1,10,285
2025-10-12 23:00:00,25.657,0.0,94.29,0.09429,25.657,23,6,1,10,285
2025-10-13 00:00:00,35.43,0.0,87.73,0.08773,35.43,0,0,0,10,286
2025-10-13 01:00:00,27.224,0.0,92.08,0.09208,27.224,1,0,0,10,286
2025-10-13 02:00:00,32.13,0.0,112.61,0.11261,32.13,2,0,0,10,286
2025-10-13 03:00:00,29.562,0.0,108.63,0.10863,29.562,3,0,0,10,286
2025-10-13 04:00:00,28.704,0.0,83.51,0.08351,28.704,4,0,0,10,286
2025-10-13 05:00:00,31.776,0.0,98.01,0.09801,31.776,5,0,0,10,286
2025-10-13 06:00:00,42.899,0.0,109.56,0.10956,42.899,6,0,0,10,286
2025-10-13 07:00:00,35.338,2.579,239.03,0.23903,32.759,7,0,0,10,286
2025-10-13 08:00:00,55.211,5.455,98.43,0.09843,49.756,8,0,0,10,286
2025-10-13 09:00:00,69.084,5.356,94.43,0.09443,63.728,9,0,0,10,286
2025-10-13 10:00:00,68.949,7.811,96.39,0.09639,61.138,10,0,0,10,286
2025-10-13 11:00:00,71.052,10.193,76.41,0.07641,60.859,11,0,0,10,286
2025-10-13 12:00:00,64.956,7.297,88.02,0.08802,57.659,12,0,0,10,286
2025-10-13 13:00:00,60.876,9.174,86.01,0.08601,51.702,13,0,0,10,286
2025-10-13 14:00:00,63.67,10.976,65.12,0.06512,52.694,14,0,0,10,286
2025-10-13 15:00:00,65.049,9.661,66.51,0.06651,55.388,15,0,0,10,286
2025-10-13 16:00:00,61.79,6.041,67.42,0.06742,55.749,16,0,0,10,286
2025-10-13 17:00:00,70.288,5.455,94.25,0.09425,64.833,17,0,0,10,286
2025-10-13 18:00:00,72.179,2.574,103.91,0.10391,69.605,18,0,0,10,286
2025-10-13 19:00:00,40.686,0.0,102.51,0.10251,40.686,19,0,0,10,286
2025-10-13 20:00:00,39.121,0.0,151.82,0.15182,39.121,20,0,0,10,286
2025-10-13 21:00:00,35.012,0.0,100.96,0.10096,35.012,21,0,0,10,286
2025-10-13 22:00:00,44.104,0.0,94.04,0.09404,44.104,22,0,0,10,286
2025-10-13 23:00:00,29.997,0.0,107.18,0.10718,29.997,23,0,0,10,286
2025-10-14 00:00:00,28.834,0.0,92.22,0.09222,28.834,0,1,0,10,287
2025-10-14 01:00:00,31.299,0.0,78.53,0.07853,31.299,1,1,0,10,287
2025-10-14 02:00:00,27.885,0.0,77.96,0.07796,27.885,2,1,0,10,287
2025-10-14 03:00:00,30.229,0.0,90.62,0.09062,30.229,3,1,0,10,287
2025-10-14 04:00:00,25.143,0.0,90.64,0.09064,25.143,4,1,0,10,287
2025-10-14 05:00:00,33.238,0.0,211.13,0.21113,33.238,5,1,0,10,287
2025-10-14 06:00:00,43.536,0.0,101.83,0.10183,43.536,6,1,0,10,287
2025-10-14 07:00:00,47.578,1.434,101.7,0.1017,46.144,7,1,0,10,287
2025-10-14 08:00:00,64.393,4.81,112.65,0.11265,59.583,8,1,0,10,287
2025-10-14 09:00:00,64.601,6.248,99.1,0.0991,58.353,9,1,0,10,287
2025-10-14 10:00:00,61.157,8.602,103.69,0.10369,52.555,10,1,0,10,287
2025-10-14 11:00:00,67.468,7.201,85.71,0.08571,60.267,11,1,0,10,287
2025-10-14 12:00:00,62.234,9.99,84.67,0.08467,52.244,12,1,0,10,287
2025-10-14 13:00:00,63.48,10.555,75.87,0.07587,52.925,13,1,0,10,287
2025-10-14 14:00:00,65.04,10.696,77.76,0.07776,54.344,14,1,0,10,287
2025-10-14 15:00:00,65.425,8.862,76.4,0.0764,56.563,15,1,0,10,287
2025-10-14 16:00:00,59.577,5.96,59.29,0.05929,53.617,16,1,0,10,287
2025-10-14 17:00:00,64.298,4.236,83.5,0.0835,60.062,17,1,0,10,287
2025-10-14 18:00:00,67.582,2.567,105.04,0.10504,65.015,18,1,0,10,287
2025-10-14 19:00:00,37.956,0.0,121.79,0.12179,37.956,19,1,0,10,287
2025-10-14 20:00:00,38.447,0.0,131.11,0.13111,38.447,20,1,0,10,287
2025-10-14 21:00:00,39.686,0.0,124.42,0.12442,39.686,21,1,0,10,287
2025-10-14 22:00:00,38.764,0.0,101.58,0.10158,38.764,22,1,0,10,287
2025-10-14 23:00:00,26.462,0.0,107.15,0.10715,26.462,23,1,0,10,287
2025-10-15 00:00:00,29.649,0.0,77.76,0.07776,29.649,0,2,0,10,288
2025-10-15 01:00:00,32.946,0.0,98.5,0.0985,32.946,1,2,0,10,288
2025-10-15 02:00:00,26.402,0.0,99.25,0.09925,26.402,2,2,0,10,288
2025-10-15 03:00:00,28.567,0.0,86.13,0.08613,28.567,3,2,0,10,288
2025-10-15 04:00:00,25.344,0.0,80.57,0.08057,25.344,4,2,0,10,288
2025-10-15 05:00:00,32.778,0.0,81.93,0.08193,32.778,5,2,0,10,288
2025-10-15 06:00:00,43.588,0.0,81.15,0.08115,43.588,6,2,0,10,288
2025-10-15 07:00:00,41.163,1.546,86.95,0.08695,39.617,7,2,0,10,288
2025-10-15 08:00:00,65.357,5.179,97.68,0.09768,60.178,8,2,0,10,288
2025-10-15 09:00:00,61.21,7.332,94.2,0.0942,53.878,9,2,0,10,288
2025-10-15 10:00:00,61.754,5.899,79.69,0.07969,55.855,10,2,0,10,288
2025-10-15 11:00:00,60.389,7.534,83.36,0.08336,52.855,11,2,0,10,288
2025-10-15 12:00:00,61.648,6.37,80.38,0.08038,55.278,12,2,0,10,288
2025-10-15 13:00:00,69.405,9.768,69.1,0.0691,59.637,13,2,0,10,288
2025-10-15 14:00:00,62.715,6.608,60.53,0.06053,56.107,14,2,0,10,288
2025-10-15 15:00:00,66.553,5.476,47.49,0.04749,61.077,15,2,0,10,288
2025-10-15 16:00:00,62.385,5.981,89.83,0.08983,56.404,16,2,0,10,288
2025-10-15 17:00:00,67.492,3.985,89.57,0.08957,63.507,17,2,0,10,288
2025-10-15 18:00:00,61.778,1.986,107.62,0.10762,59.792,18,2,0,10,288
2025-10-15 19:00:00,39.303,0.0,119.14,0.11914,39.303,19,2,0,10,288
2025-10-15 20:00:00,39.347,0.0,128.03,0.12803,39.347,20,2,0,10,288
2025-10-15 21:00:00,46.627,0.0,121.53,0.12153,46.627,21,2,0,10,288
2025-10-15 22:00:00,41.195,0.0,109.81,0.10981,41.195,22,2,0,10,288
2025-10-15 23:00:00,27.868,0.0,105.8,0.1058,27.868,23,2,0,10,288
2025-10-16 00:00:00,31.964,0.0,95.83,0.09583,31.964,0,3,0,10,289
2025-10-16 01:00:00,36.614,0.0,99.91,0.09991,36.614,1,3,0,10,289
2025-10-16 02:00:00,24.557,0.0,77.83,0.07783,24.557,2,3,0,10,289
2025-10-16 03:00:00,27.076,0.0,88.93,0.08893,27.076,3,3,0,10,289
2025-10-16 04:00:00,29.013,0.0,71.2,0.0712,29.013,4,3,0,10,289
2025-10-16 05:00:00,28.437,0.0,84.29,0.08429,28.437,5,3,0,10,289
2025-10-16 06:00:00,42.832,0.0,90.33,0.09033,42.832,6,3,0,10,289
2025-10-16 07:00:00,39.724,1.967,103.79,0.10379,37.757,7,3,0,10,289
2025-10-16 08:00:00,69.579,3.878,98.51,0.09851,65.701,8,3,0,10,289
2025-10-16 09:00:00,60.534,4.17,106.73,0.10673,56.364,9,3,0,10,289
2025-10-16 10:00:00,64.445,6.619,92.54,0.09254,57.826,10,3,0,10,289
2025-10-16 11:00:00,68.433,10.151,82.62,0.08262,58.282,11,3,0,10,289
2025-10-16 12:00:00,64.989,10.095,71.64,0.07164,54.894,12,3,0,10,289
2025-10-16 13:00:00,61.952,8.684,79.6,0.0796,53.268,13,3,0,10,289
2025-10-16 14:00:00,60.77,5.928,65.9,0.0659,54.842,14,3,0,10,289
2025-10-16 15:00:00,64.35,7.245,47.34,0.04734,57.105,15,3,0,10,289
2025-10-16 16:00:00,62.664,3.422,84.93,0.08493,59.242,16,3,0,10,289
2025-10-16 17:00:00,65.743,2.444,80.88,0.08088,63.299,17,3,0,10,289
2025-10-16 18:00:00,60.601,1.331,106.55,0.10655,59.27,18,3,0,10,289
2025-10-16 19:00:00,41.79,0.0,106.24,0.10624,41.79,19,3,0,10,289
2025-10-16 20:00:00,39.558,0.0,123.41,0.12341,39.558,20,3,0,10,289
2025-10-16 21:00:00,39.796,0.0,90.63,0.09063,39.796,21,3,0,10,289
2025-10-16 22:00:00,43.8,0.0,108.69,0.10869,43.8,22,3,0,10,289
2025-10-16 23:00:00,28.371,0.0,89.62,0.08962,28.371,23,3,0,10,289
2025-10-17 00:00:00,27.455,0.0,73.59,0.07359,27.455,0,4,0,10,290
2025-10-17 01:00:00,28.025,0.0,93.93,0.09393,28.025,1,4,0,10,290
2025-10-17 02:00:00,29.162,0.0,85.18,0.08518,29.162,2,4,0,10,290
2025-10-17 03:00:00,29.487,0.0,84.21,0.08421,29.487,3,4,0,10,290
2025-10-17 04:00:00,27.119,0.0,80.23,0.08023,27.119,4,4,0,10,290
2025-10-17 05:00:00,23.304,0.0,98.26,0.09826,23.304,5,4,0,10,290
2025-10-17 06:00:00,42.116,0.0,88.16,0.08816,42.116,6,4,0,10,290
2025-10-17 07:00:00,45.062,1.854,111.47,0.11147,43.208,7,4,0,10,290
2025-10-17 08:00:00,65.547,4.532,112.2,0.1122,61.015,8,4,0,10,290
2025-10-17 09:00:00,68.949,5.905,114.46,0.11446,63.044,9,4,0,10,290
2025-10-17 10:00:00,71.368,4.172,105.89,0.10589,67.196,10,4,0,10,290
2025-10-17 11:00:00,67.54,6.795,82.55,0.08255,60.745,11,4,0,10,290
2025-10-17 12:00:00,69.535,5.41,249.86,0.24986,64.125,12,4,0,10,290
2025-10-17 13:00:00,67.564,10.496,70.88,0.07088,57.068,13,4,0,10,290
2025-10-17 14:00:00,70.582,6.958,78.28,0.07828,63.624,14,4,0,10,290
2025-10-17 15:00:00,71.033,8.701,71.71,0.07171,62.332,15,4,0,10,290
2025-10-17 16:00:00,68.154,5.683,76.36,0.07636,62.471,16,4,0,10,290
2025-10-17 17:00:00,67.371,4.758,106.96,0.10696,62.613,17,4,0,10,290
2025-10-17 18:00:00,64.454,2.523,101.55,0.10155,61.931,18,4,0,10,290
2025-10-17 19:00:00,39.067,0.0,111.5,0.1115,39.067,19,4,0,10,290
2025-10-17 20:00:00,38.119,0.0,119.45,0.11945,38.119,20,4,0,10,290
2025-10-17 21:00:00,41.188,0.0,130.26,0.13026,41.188,21,4,0,10,290
2025-10-17 22:00:00,36.895,0.0,111.12,0.11112,36.895,22,4,0,10,290
2025-10-17 23:00:00,29.166,0.0,103.17,0.10317,29.166,23,4,0,10,290
2025-10-18 00:00:00,18.476,0.0,81.85,0.08185,18.476,0,5,1,10,291
2025-10-18 01:00:00,31.527,0.0,57.58,0.05758,31.527,1,5,1,10,291
2025-10-18 02:00:00,25.307,0.0,68.9,0.0689,25.307,2,5,1,10,291
2025-10-18 03:00:00,27.471,0.0,77.08,0.07708,27.471,3,5,1,10,291
2025-10-18 04:00:00,30.678,0.0,83.84,0.08384,30.678,4,5,1,10,291
2025-10-18 05:00:00,26.974,0.0,72.69,0.07269,26.974,5,5,1,10,291
2025-10-18 06:00:00,40.25,0.0,75.58,0.07558,40.25,6,5,1,10,291
2025-10-18 07:00:00,31.655,2.464,86.69,0.08669,29.191,7,5,1,10,291
2025-10-18 08:00:00,57.723,2.625,106.38,0.10638,55.098,8,5,1,10,291
2025-10-18 09:00:00,53.531,5.075,71.9,0.0719,48.456,9,5,1,10,291
2025-10-18 10:00:00,50.721,5.326,62.91,0.06291,45.395,10,5,1,10,291
2025-10-18 11:00:00,54.612,7.606,99.18,0.09918,47.006,11,5,1,10,291
2025-10-18 12:00:00,46.312,9.228,57.79,0.05779,37.084,12,5,1,10,291
2025-10-18 13:00:00,49.128,6.355,62.07,0.06207,42.773,13,5,1,10,291
2025-10-18 14:00:00,54.673,7.972,48.11,0.04811,46.701,14,5,1,10,291
2025-10-18 15:00:00,44.077,4.215,62.01,0.06201,39.862,15,5,1,10,291
2025-10-18 16:00:00,51.845,5.257,70.65,0.07065,46.588,16,5,1,10,291
2025-10-18 17:00:00,51.755,3.016,99.71,0.09971,48.739,17,5,1,10,291
2025-10-18 18:00:00,56.353,2.289,105.25,0.10525,54.064,18,5,1,10,291
2025-10-18 19:00:00,27.358,0.0,98.13,0.09813,27.358,19,5,1,10,291
2025-10-18 20:00:00,37.574,0.0,97.61,0.09761,37.574,20,5,1,10,291
2025-10-18 21:00:00,30.633,0.0,117.76,0.11776,30.633,21,5,1,10,291
2025-10-18 22:00:00,30.993,0.0,97.27,0.09727,30.993,22,5,1,10,291
2025-10-18 23:00:00,22.103,0.0,84.57,0.08457,22.103,23,5,1,10,291
2025-10-19 00:00:00,22.536,0.0,91.56,0.09156,22.536,0,6,1,10,292
2025-10-19 01:00:00,27.308,0.0,62.17,0.06217,27.308,1,6,1,10,292
2025-10-19 02:00:00,22.458,0.0,76.15,0.07615,22.458,2,6,1,10,292
2025-10-19 03:00:00,28.386,0.0,86.4,0.0864,28.386,3,6,1,10,292
2025-10-19 04:00:00,23.896,0.0,69.11,0.06911,23.896,4,6,1,10,292
2025-10-19 05:00:00,22.135,0.0,95.74,0.09574,22.135,5,6,1,10,292
2025-10-19 06:00:00,33.949,0.0,75.84,0.07584,33.949,6,6,1,10,292
2025-10-19 07:00:00,36.715,2.398,89.33,0.08933,34.317,7,6,1,10,292
2025-10-19 08:00:00,49.181,4.354,86.41,0.08641,44.827,8,6,1,10,292
2025-10-19 09:00:00,50.178,6.246,66.25,0.06625,43.932,9,6,1,10,292
2025-10-19 10:00:00,52.296,4.133,85.44,0.08544,48.163,10,6,1,10,292
2025-10-19 11:00:00,53.532,4.712,89.98,0.08998,48.82,11,6,1,10,292
2025-10-19 12:00:00,49.076,8.354,62.97,0.06297,40.722,12,6,1,10,292
2025-10-19 13:00:00,46.727,7.131,60.07,0.06007,39.596,13,6,1,10,292
2025-10-19 14:00:00,50.312,8.96,58.18,0.05818,41.352,14,6,1,10,292
2025-10-19 15:00:00,51.575,8.248,70.62,0.07062,43.327,15,6,1,10,292
2025-10-19 16:00:00,45.394,5.467,68.64,0.06864,39.927,16,6,1,10,292
2025-10-19 17:00:00,47.219,3.132,84.06,0.08406,44.087,17,6,1,10,292
2025-10-19 18:00:00,47.767,2.398,98.63,0.09863,45.369,18,6,1,10,292
2025-10-19 19:00:00,31.766,0.0,105.95,0.10595,31.766,19,6,1,10,292
2025-10-19 20:00:00,29.996,0.0,133.81,0.13381,29.996,20,6,1,10,292
2025-10-19 21:00:00,34.693,0.0,102.73,0.10273,34.693,21,6,1,10,292
2025-10-19 22:00:00,27.294,0.0,109.72,0.10972,27.294,22,6,1,10,292
2025-10-19 23:00:00,20.962,0.0,104.79,0.10479,20.962,23,6,1,10,292
2025-10-20 00:00:00,28.728,0.0,85.56,0.08556,28.728,0,0,0,10,293
2025-10-20 01:00:00,29.234,0.0,87.57,0.08757,29.234,1,0,0,10,293
2025-10-20 02:00:00,25.141,0.0,92.35,0.09235,25.141,2,0,0,10,293
2025-10-20 03:00:00,27.854,0.0,83.62,0.08362,27.854,3,0,0,10,293
2025-10-20 04:00:00,28.513,0.0,69.19,0.06919,28.513,4,0,0,10,293
2025-10-20 05:00:00,28.537,0.0,87.5,0.0875,28.537,5,0,0,10,293
2025-10-20 06:00:00,44.437,0.0,109.64,0.10964,44.437,6,0,0,10,293
2025-10-20 07:00:00,41.834,1.967,102.96,0.10296,39.867,7,0,0,10,293
2025-10-20 08:00:00,69.913,3.48,101.35,0.10135,66.433,8,0,0,10,293
2025-10-20 09:00:00,66.746,4.427,108.45,0.10845,62.319,9,0,0,10,293
2025-10-20 10:00:00,62.601,6.981,95.44,0.09544,55.62,10,0,0,10,293
2025-10-20 11:00:00,65.486,5.651,89.58,0.08958,59.835,11,0,0,10,293
2025-10-20 12:00:00,65.581,9.683,76.24,0.07624,55.898,12,0,0,10,293
2025-10-20 13:00:00,69.071,7.511,78.36,0.07836,61.56,13,0,0,10,293
2025-10-20 14:00:00,63.263,7.056,65.21,0.06521,56.207,14,0,0,10,293
2025-10-20 15:00:00,67.639,5.91,69.34,0.06934,61.729,15,0,0,10,293
2025-10-20 16:00:00,65.318,5.524,88.26,0.08826,59.794,16,0,0,10,293
2025-10-20 17:00:00,69.957,3.318,89.12,0.08912,66.639,17,0,0,10,293
2025-10-20 18:00:00,69.315,1.519,111.16,0.11116,67.796,18,0,0,10,293
2025-10-20 19:00:00,39.863,0.0,124.9,0.1249,39.863,19,0,0,10,293
2025-10-20 20:00:00,38.393,0.0,123.38,0.12338,38.393,20,0,0,10,293
2025-10-20 21:00:00,40.854,0.0,116.73,0.11673,40.854,21,0,0,10,293
2025-10-20 22:00:00,38.655,0.0,96.72,0.09672,38.655,22,0,0,10,293
2025-10-20 23:00:00,35.173,0.0,88.3,0.0883,35.173,23,0,0,10,293
2025-10-21 00:00:00,30.053,0.0,93.28,0.09328,30.053,0,1,0,10,294
2025-10-21 01:00:00,28.504,0.0,93.11,0.09311,28.504,1,1,0,10,294
2025-10-21 02:00:00,28.331,0.0,77.38,0.07738,28.331,2,1,0,10,294
2025-10-21 03:00:00,25.92,0.0,91.53,0.09153,25.92,3,1,0,10,294
2025-10-21 04:00:00,31.583,0.0,90.55,0.09055,31.583,4,1,0,10,294
2025-10-21 05:00:00,27.178,0.0,99.58,0.09958,27.178,5,1,0,10,294
2025-10-21 06:00:00,47.479,0.0,115.08,0.11508,47.479,6,1,0,10,294
2025-10-21 07:00:00,39.827,2.271,103.26,0.10326,37.556,7,1,0,10,294
2025-10-21 08:00:00,65.615,4.02,93.91,0.09391,61.595,8,1,0,10,294
2025-10-21 09:00:00,68.889,6.173,108.56,0.10856,62.716,9,1,0,10,294
2025-10-21 10:00:00,58.321,6.634,86.7,0.0867,51.687,10,1,0,10,294
2025-10-21 11:00:00,71.667,4.501,111.74,0.11174,67.166,11,1,0,10,294
2025-10-21 12:00:00,63.847,7.479,68.52,0.06852,56.368,12,1,0,10,294
2025-10-21 13:00:00,65.66,9.061,78.21,0.07821,56.599,13,1,0,10,294
2025-10-21 14:00:00,67.037,6.315,70.83,0.07083,60.722,14,1,0,10,294
2025-10-21 15:00:00,67.532,6.53,68.6,0.0686,61.002,15,1,0,10,294
2025-10-21 16:00:00,66.085,6.118,74.94,0.07494,59.967,16,1,0,10,294
2025-10-21 17:00:00,68.4,3.366,104.92,0.10492,65.034,17,1,0,10,294
2025-10-21 18:00:00,66.869,1.872,111.41,0.11141,64.997,18,1,0,10,294
2025-10-21 19:00:00,44.879,0.0,117.14,0.11714,44.879,19,1,0,10,294
2025-10-21 20:00:00,40.915,0.0,141.71,0.14171,40.915,20,1,0,10,294
2025-10-21 21:00:00,45.531,0.0,119.27,0.11927,45.531,21,1,0,10,294
2025-10-21 22:00:00,42.127,0.0,117.51,0.11751,42.127,22,1,0,10,294
2025-10-21 23:00:00,24.024,0.0,86.1,0.0861,24.024,23,1,0,10,294
2025-10-22 00:00:00,38.164,0.0,74.56,0.07456,38.164,0,2,0,10,295
2025-10-22 01:00:00,27.97,0.0,94.55,0.09455,27.97,1,2,0,10,295
2025-10-22 02:00:00,34.594,0.0,90.61,0.09061,34.594,2,2,0,10,295
2025-10-22 03:00:00,29.894,0.0,109.28,0.10928,29.894,3,2,0,10,295
2025-10-22 04:00:00,33.204,0.0,81.58,0.08158,33.204,4,2,0,10,295
2025-10-22 05:00:00,27.605,0.0,97.23,0.09723,27.605,5,2,0,10,295
2025-10-22 06:00:00,45.98,0.0,91.21,0.09121,45.98,6,2,0,10,295
2025-10-22 07:00:00,43.168,2.21,106.24,0.10624,40.958,7,2,0,10,295
2025-10-22 08:00:00,70.285,3.865,108.75,0.10875,66.42,8,2,0,10,295
2025-10-22 09:00:00,66.636,4.478,101.1,0.1011,62.158,9,2,0,10,295
2025-10-22 10:00:00,68.228,6.993,89.96,0.08996,61.235,10,2,0,10,295
2025-10-22 11:00:00,58.308,6.455,86.38,0.08638,51.853,11,2,0,10,295
2025-10-22 12:00:00,64.959,7.057,69.91,0.06991,57.902,12,2,0,10,295
2025-10-22 13:00:00,66.546,9.167,77.72,0.07772,57.379,13,2,0,10,295
2025-10-22 14:00:00,65.948,5.215,42.97,0.04297,60.733,14,2,0,10,295
2025-10-22 15:00:00,68.308,5.831,67.17,0.06717,62.477,15,2,0,10,295
2025-10-22 16:00:00,64.062,6.123,88.99,0.08899,57.939,16,2,0,10,295
2025-10-22 17:00:00,65.389,2.071,100.35,0.10035,63.318,17,2,0,10,295
2025-10-22 18:00:00,69.013,1.629,89.87,0.08987,67.384,18,2,0,10,295
2025-10-22 19:00:00,31.963,0.0,124.74,0.12474,31.963,19,2,0,10,295
2025-10-22 20:00:00,41.141,0.0,235.81,0.23581,41.141,20,2,0,10,295
2025-10-22 21:00:00,38.186,0.0,116.92,0.11692,38.186,21,2,0,10,295
2025-10-22 22:00:00,36.335,0.0,118.07,0.11807,36.335,22,2,0,10,295
2025-10-22 23:00:00,30.885,0.0,90.0,0.09,30.885,23,2,0,10,295
2025-10-23 00:00:00,33.742,0.0,101.95,0.10195,33.742,0,3,0,10,296
2025-10-23 01:00:00,33.139,0.0,90.27,0.09027,33.139,1,3,0,10,296
2025-10-23 02:00:00,29.382,0.0,92.41,0.09241,29.382,2,3,0,10,296
2025-10-23 03:00:00,32.617,0.0,98.84,0.09884,32.617,3,3,0,10,296
2025-10-23 04:00:00,32.592,0.0,97.79,0.09779,32.592,4,3,0,10,296
2025-10-23 05:00:00,29.535,0.0,98.76,0.09876,29.535,5,3,0,10,296
2025-10-23 06:00:00,41.773,0.0,87.35,0.08735,41.773,6,3,0,10,296
2025-10-23 07:00:00,41.959,2.15,86.9,0.0869,39.809,7,3,0,10,296
2025-10-23 08:00:00,67.938,4.174,247.3,0.2473,63.764,8,3,0,10,296
2025-10-23 09:00:00,65.122,5.956,106.37,0.10637,59.166,9,3,0,10,296
2025-10-23 10:00:00,61.909,7.192,84.77,0.08477,54.717,10,3,0,10,296
2025-10-23 11:00:00,59.865,7.059,95.85,0.09585,52.806,11,3,0,10,296
2025-10-23 12:00:00,67.919,7.146,85.03,0.08503,60.773,12,3,0,10,296
2025-10-23 13:00:00,63.507,7.856,72.51,0.07251,55.651,13,3,0,10,296
2025-10-23 14:00:00,66.314,8.399,71.93,0.07193,57.915,14,3,0,10,296
2025-10-23 15:00:00,69.224,7.392,73.89,0.07389,61.832,15,3,0,10,296
2025-10-23 16:00:00,61.068,5.956,84.62,0.08462,55.112,16,3,0,10,296
2025-10-23 17:00:00,65.112,3.672,99.26,0.09926,61.44,17,3,0,10,296
2025-10-23 18:00:00,64.711,2.15,134.96,0.13496,62.561,18,3,0,10,296
2025-10-23 19:00:00,40.481,0.0,120.85,0.12085,40.481,19,3,0,10,296
2025-10-23 20:00:00,43.231,0.0,118.45,0.11845,43.231,20,3,0,10,296
2025-10-23 21:00:00,35.011,0.0,101.9,0.1019,35.011,21,3,0,10,296
2025-10-23 22:00:00,41.089,0.0,96.58,0.09658,41.089,22,3,0,10,296
2025-10-23 23:00:00,33.115,0.0,92.43,0.09243,33.115,23,3,0,10,296
2025-10-24 00:00:00,29.224,0.0,193.47,0.19347,29.224,0,4,0,10,297
2025-10-24 01:00:00,29.38,0.0,84.01,0.08401,29.38,1,4,0,10,297
2025-10-24 02:00:00,31.159,0.0,92.11,0.09211,31.159,2,4,0,10,297
2025-10-24 03:00:00,30.924,0.0,81.01,0.08101,30.924,3,4,0,10,297
2025-10-24 04:00:00,31.684,0.0,93.7,0.0937,31.684,4,4,0,10,297
2025-10-24 05:00:00,31.616,0.0,99.71,0.09971,31.616,5,4,0,10,297
2025-10-24 06:00:00,40.862,0.0,90.16,0.09016,40.862,6,4,0,10,297
2025-10-24 07:00:00,47.173,1.907,102.62,0.10262,45.266,7,4,0,10,297
2025-10-24 08:00:00,69.015,4.06,97.17,0.09717,64.955,8,4,0,10,297
2025-10-24 09:00:00,65.876,3.601,89.57,0.08957,62.275,9,4,0,10,297
2025-10-24 10:00:00,60.5,4.152,103.42,0.10342,56.348,10,4,0,10,297
2025-10-24 11:00:00,64.914,5.565,94.41,0.09441,59.349,11,4,0,10,297
2025-10-24 12:00:00,65.903,5.734,87.48,0.08748,60.169,12,4,0,10,297
2025-10-24 13:00:00,61.618,7.361,84.14,0.08414,54.257,13,4,0,10,297
2025-10-24 14:00:00,64.129,5.686,69.08,0.06908,58.443,14,4,0,10,297
2025-10-24 15:00:00,60.771,4.563,71.74,0.07174,56.208,15,4,0,10,297
2025-10-24 16:00:00,67.224,5.043,77.61,0.07761,62.181,16,4,0,10,297
2025-10-24 17:00:00,65.812,3.432,95.51,0.09551,62.38,17,4,0,10,297
2025-10-24 18:00:00,60.014,1.162,105.11,0.10511,58.852,18,4,0,10,297
2025-10-24 19:00:00,40.401,0.0,188.62,0.18862,40.401,19,4,0,10,297
2025-10-24 20:00:00,39.096,0.0,117.94,0.11794,39.096,20,4,0,10,297
2025-10-24 21:00:00,40.929,0.0,110.94,0.11094,40.929,21,4,0,10,297
2025-10-24 22:00:00,38.024,0.0,101.83,0.10183,38.024,22,4,0,10,297
2025-10-24 23:00:00,27.256,0.0,104.43,0.10443,27.256,23,4,0,10,297
2025-10-25 00:00:00,23.575,0.0,80.78,0.08078,23.575,0,5,1,10,298
2025-10-25 01:00:00,24.32,0.0,76.29,0.07629,24.32,1,5,1,10,298
2025-10-25 02:00:00,26.102,0.0,87.94,0.08794,26.102,2,5,1,10,298
2025-10-25 03:00:00,26.515,0.0,96.17,0.09617,26.515,3,5,1,10,298
2025-10-25 04:00:00,25.432,0.0,77.46,0.07746,25.432,4,5,1,10,298
2025-10-25 05:00:00,24.687,0.0,73.41,0.07341,24.687,5,5,1,10,298
2025-10-25 06:00:00,34.568,0.0,96.9,0.0969,34.568,6,5,1,10,298
2025-10-25 07:00:00,43.717,1.178,91.69,0.09169,42.539,7,5,1,10,298
2025-10-25 08:00:00,47.701,2.897,93.01,0.09301,44.804,8,5,1,10,298
2025-10-25 09:00:00,48.382,4.621,105.33,0.10533,43.761,9,5,1,10,298
2025-10-25 10:00:00,60.708,6.656,88.52,0.08852,54.052,10,5,1,10,298
2025-10-25 11:00:00,51.515,5.621,87.52,0.08752,45.894,11,5,1,10,298
2025-10-25 12:00:00,45.751,6.506,76.41,0.07641,39.245,12,5,1,10,298
2025-10-25 13:00:00,52.864,7.945,100.29,0.10029,44.919,13,5,1,10,298
2025-10-25 14:00:00,47.255,6.474,63.49,0.06349,40.781,14,5,1,10,298
2025-10-25 15:00:00,53.076,6.218,76.13,0.07613,46.858,15,5,1,10,298
2025-10-25 16:00:00,49.492,3.493,71.22,0.07122,45.999,16,5,1,10,298
2025-10-25 17:00:00,48.76,2.708,89.82,0.08982,46.052,17,5,1,10,298
2025-10-25 18:00:00,55.317,1.863,97.81,0.09781,53.454,18,5,1,10,298
2025-10-25 19:00:00,34.288,0.0,120.64,0.12064,34.288,19,5,1,10,298
2025-10-25 20:00:00,35.589,0.0,117.46,0.11746,35.589,20,5,1,10,298
2025-10-25 21:00:00,33.867,0.0,119.52,0.11952,33.867,21,5,1,10,298
2025-10-25 22:00:00,31.053,0.0,96.62,0.09662,31.053,22,5,1,10,298
2025-10-25 23:00:00,27.998,0.0,85.56,0.08556,27.998,23,5,1,10,298
2025-10-26 00:00:00,29.915,0.0,62.66,0.06266,29.915,0,6,1,10,299
2025-10-26 01:00:00,26.477,0.0,85.16,0.08516,26.477,1,6,1,10,299
2025-10-26 02:00:00,31.811,0.0,75.09,0.07509,31.811,2,6,1,10,299
2025-10-26 03:00:00,28.767,0.0,103.82,0.10382,28.767,3,6,1,10,299
2025-10-26 04:00:00,26.724,0.0,77.96,0.07796,26.724,4,6,1,10,299
2025-10-26 05:00:00,26.851,0.0,96.99,0.09699,26.851,5,6,1,10,299
2025-10-26 06:00:00,36.14,0.0,99.16,0.09916,36.14,6,6,1,10,299
2025-10-26 07:00:00,31.697,1.38,89.34,0.08934,30.317,7,6,1,10,299
2025-10-26 08:00:00,49.896,3.699,87.75,0.08775,46.197,8,6,1,10,299
2025-10-26 09:00:00,50.892,4.561,94.07,0.09407,46.331,9,6,1,10,299
2025-10-26 10:00:00,48.852,5.227,102.77,0.10277,43.625,10,6,1,10,299
2025-10-26 11:00:00,51.264,6.352,106.68,0.10668,44.912,11,6,1,10,299
2025-10-26 12:00:00,50.252,8.198,62.74,0.06274,42.054,12,6,1,10,299
2025-10-26 13:00:00,52.66,8.198,68.26,0.06826,44.462,13,6,1,10,299
2025-10-26 14:00:00,52.306,7.587,59.06,0.05906,44.719,14,6,1,10,299
2025-10-26 15:00:00,50.719,5.829,63.41,0.06341,44.89,15,6,1,10,299
2025-10-26 16:00:00,45.809,4.366,91.07,0.09107,41.443,16,6,1,10,299
2025-10-26 17:00:00,55.914,2.804,77.9,0.0779,53.11,17,6,1,10,299
2025-10-26 18:00:00,49.73,1.976,83.97,0.08397,47.754,18,6,1,10,299
2025-10-26 19:00:00,32.224,0.0,114.98,0.11498,32.224,19,6,1,10,299
2025-10-26 20:00:00,31.387,0.0,122.48,0.12248,31.387,20,6,1,10,299
2025-10-26 21:00:00,30.92,0.0,215.04,0.21504,30.92,21,6,1,10,299
2025-10-26 22:00:00,37.424,0.0,97.64,0.09764,37.424,22,6,1,10,299
2025-10-26 23:00:00,30.481,0.0,95.4,0.0954,30.481,23,6,1,10,299
2025-10-27 00:00:00,31.26,0.0,75.26,0.07526,31.26,0,0,0,10,300
2025-10-27 01:00:00,29.494,0.0,92.99,0.09299,29.494,1,0,0,10,300
2025-10-27 02:00:00,31.819,0.0,85.38,0.08538,31.819,2,0,0,10,300
2025-10-27 03:00:00,30.074,0.0,103.01,0.10301,30.074,3,0,0,10,300
2025-10-27 04:00:00,29.23,0.0,93.14,0.09314,29.23,4,0,0,10,300
2025-10-27 05:00:00,30.92,0.0,90.27,0.09027,30.92,5,0,0,10,300
2025-10-27 06:00:00,42.632,0.0,92.7,0.0927,42.632,6,0,0,10,300
2025-10-27 07:00:00,44.851,0.745,79.75,0.07975,44.106,7,0,0,10,300
2025-10-27 08:00:00,66.006,2.522,101.15,0.10115,63.484,8,0,0,10,300
2025-10-27 09:00:00,67.282,2.86,100.67,0.10067,64.422,9,0,0,10,300
2025-10-27 10:00:00,63.372,5.583,99.21,0.09921,57.789,10,0,0,10,300
2025-10-27 11:00:00,67.625,6.928,223.17,0.22317,60.697,11,0,0,10,300
2025-10-27 12:00:00,62.453,6.385,96.64,0.09664,56.068,12,0,0,10,300
2025-10-27 13:00:00,63.521,5.327,72.71,0.07271,58.194,13,0,0,10,300
2025-10-27 14:00:00,63.66,4.146,63.95,0.06395,59.514,14,0,0,10,300
2025-10-27 15:00:00,61.922,5.787,57.66,0.05766,56.135,15,0,0,10,300
2025-10-27 16:00:00,68.603,3.857,76.82,0.07682,64.746,16,0,0,10,300
2025-10-27 17:00:00,62.252,2.491,82.4,0.0824,59.761,17,0,0,10,300
2025-10-27 18:00:00,63.116,0.927,94.34,0.09434,62.189,18,0,0,10,300
2025-10-27 19:00:00,43.326,0.0,117.12,0.11712,43.326,19,0,0,10,300
2025-10-27 20:00:00,37.483,0.0,137.35,0.13735,37.483,20,0,0,10,300
2025-10-27 21:00:00,38.707,0.0,131.38,0.13138,38.707,21,0,0,10,300
2025-10-27 22:00:00,36.07,0.0,98.91,0.09891,36.07,22,0,0,10,300
2025-10-27 23:00:00,32.504,0.0,101.44,0.10144,32.504,23,0,0,10,300
2025-10-28 00:00:00,32.554,0.0,93.27,0.09327,32.554,0,1,0,10,301
2025-10-28 01:00:00,32.209,0.0,94.91,0.09491,32.209,1,1,0,10,301
2025-10-28 02:00:00,31.564,0.0,193.15,0.19315,31.564,2,1,0,10,301
2025-10-28 03:00:00,30.08,0.0,77.73,0.07773,30.08,3,1,0,10,301
2025-10-28 04:00:00,28.166,0.0,81.39,0.08139,28.166,4,1,0,10,301
2025-10-28 05:00:00,27.236,0.0,85.46,0.08546,27.236,5,1,0,10,301
2025-10-28 06:00:00,48.185,0.0,98.95,0.09895,48.185,6,1,0,10,301
2025-10-28 07:00:00,46.505,1.339,72.15,0.07215,45.166,7,1,0,10,301
2025-10-28 08:00:00,63.158,1.238,100.39,0.10039,61.92,8,1,0,10,301
2025-10-28 09:00:00,65.504,5.173,85.16,0.08516,60.331,9,1,0,10,301
2025-10-28 10:00:00,64.416,5.648,98.96,0.09896,58.768,10,1,0,10,301
2025-10-28 11:00:00,61.766,5.454,112.08,0.11208,56.312,11,1,0,10,301
2025-10-28 12:00:00,65.945,7.274,91.66,0.09166,58.671,12,1,0,10,301
2025-10-28 13:00:00,64.047,7.615,63.42,0.06342,56.432,13,1,0,10,301
2025-10-28 14:00:00,62.329,4.86,68.48,0.06848,57.469,14,1,0,10,301
2025-10-28 15:00:00,60.643,4.861,65.69,0.06569,55.782,15,1,0,10,301
2025-10-28 16:00:00,60.373,3.035,94.51,0.09451,57.338,16,1,0,10,301
2025-10-28 17:00:00,64.188,1.303,71.14,0.07114,62.885,17,1,0,10,301
2025-10-28 18:00:00,65.104,1.756,103.21,0.10321,63.348,18,1,0,10,301
2025-10-28 19:00:00,36.519,0.0,113.55,0.11355,36.519,19,1,0,10,301
2025-10-28 20:00:00,41.402,0.0,114.51,0.11451,41.402,20,1,0,10,301
2025-10-28 21:00:00,39.11,0.0,138.9,0.1389,39.11,21,1,0,10,301
2025-10-28 22:00:00,41.166,0.0,96.35,0.09635,41.166,22,1,0,10,301
2025-10-28 23:00:00,29.259,0.0,89.42,0.08942,29.259,23,1,0,10,301
2025-10-29 00:00:00,27.331,0.0,105.29,0.10529,27.331,0,2,0,10,302
2025-10-29 01:00:00,30.215,0.0,88.35,0.08835,30.215,1,2,0,10,302
2025-10-29 02:00:00,25.81,0.0,87.67,0.08767,25.81,2,2,0,10,302
2025-10-29 03:00:00,31.576,0.0,83.46,0.08346,31.576,3,2,0,10,302
2025-10-29 04:00:00,26.851,0.0,90.51,0.09051,26.851,4,2,0,10,302
2025-10-29 05:00:00,32.788,0.0,88.08,0.08808,32.788,5,2,0,10,302
2025-10-29 06:00:00,42.987,0.0,88.23,0.08823,42.987,6,2,0,10,302
2025-10-29 07:00:00,47.47,1.219,85.64,0.08564,46.251,7,2,0,10,302
2025-10-29 08:00:00,61.808,3.523,103.37,0.10337,58.285,8,2,0,10,302
2025-10-29 09:00:00,63.231,3.475,172.56,0.17256,59.756,9,2,0,10,302
2025-10-29 10:00:00,66.619,5.289,94.58,0.09458,61.33,10,2,0,10,302
2025-10-29 11:00:00,69.146,5.714,98.27,0.09827,63.432,11,2,0,10,302
2025-10-29 12:00:00,70.734,4.071,77.88,0.07788,66.663,12,2,0,10,302
2025-10-29 13:00:00,65.533,4.407,74.87,0.07487,61.126,13,2,0,10,302
2025-10-29 14:00:00,71.281,5.377,89.7,0.0897,65.904,14,2,0,10,302
2025-10-29 15:00:00,64.473,4.699,78.72,0.07872,59.774,15,2,0,10,302
2025-10-29 16:00:00,68.916,3.458,76.45,0.07645,65.458,16,2,0,10,302
2025-10-29 17:00:00,62.385,3.129,82.47,0.08247,59.256,17,2,0,10,302
2025-10-29 18:00:00,66.745,1.806,106.56,0.10656,64.939,18,2,0,10,302
2025-10-29 19:00:00,31.837,0.0,128.68,0.12868,31.837,19,2,0,10,302
2025-10-29 20:00:00,35.741,0.0,120.64,0.12064,35.741,20,2,0,10,302
2025-10-29 21:00:00,40.824,0.0,122.17,0.12217,40.824,21,2,0,10,302
2025-10-29 22:00:00,35.13,0.0,106.15,0.10615,35.13,22,2,0,10,302
2025-10-29 23:00:00,31.216,0.0,97.57,0.09757,31.216,23,2,0,10,302
2025-10-30 00:00:00,32.757,0.0,76.85,0.07685,32.757,0,3,0,10,303
2025-10-30 01:00:00,28.252,0.0,91.75,0.09175,28.252,1,3,0,10,303
2025-10-30 02:00:00,26.755,0.0,90.56,0.09056,26.755,2,3,0,10,303
2025-10-30 03:00:00,28.339,0.0,104.15,0.10415,28.339,3,3,0,10,303
2025-10-30 04:00:00,26.765,0.0,91.26,0.09126,26.765,4,3,0,10,303
2025-10-30 05:00:00,29.532,0.0,84.89,0.08489,29.532,5,3,0,10,303
2025-10-30 06:00:00,44.41,0.0,109.74,0.10974,44.41,6,3,0,10,303
2025-10-30 07:00:00,43.104,1.45,102.94,0.10294,41.654,7,3,0,10,303
2025-10-30 08:00:00,70.782,3.359,104.5,0.1045,67.423,8,3,0,10,303
2025-10-30 09:00:00,63.122,2.968,102.77,0.10277,60.154,9,3,0,10,303
2025-10-30 10:00:00,69.876,6.061,100.41,0.10041,63.815,10,3,0,10,303
2025-10-30 11:00:00,62.092,5.595,82.65,0.08265,56.497,11,3,0,10,303
2025-10-30 12:00:00,65.657,6.265,81.7,0.0817,59.392,12,3,0,10,303
2025-10-30 13:00:00,69.21,4.927,73.36,0.07336,64.283,13,3,0,10,303
2025-10-30 14:00:00,69.044,5.654,76.11,0.07611,63.39,14,3,0,10,303
2025-10-30 15:00:00,64.079,6.061,85.63,0.08563,58.018,15,3,0,10,303
2025-10-30 16:00:00,67.2,3.734,91.09,0.09109,63.466,16,3,0,10,303
2025-10-30 17:00:00,66.772,1.274,98.14,0.09814,65.498,17,3,0,10,303
2025-10-30 18:00:00,63.696,1.719,90.24,0.09024,61.977,18,3,0,10,303
2025-10-30 19:00:00,41.312,0.0,116.04,0.11604,41.312,19,3,0,10,303
2025-10-30 20:00:00,45.301,0.0,107.9,0.1079,45.301,20,3,0,10,303
2025-10-30 21:00:00,40.85,0.0,133.01,0.13301,40.85,21,3,0,10,303
2025-10-30 22:00:00,41.153,0.0,110.68,0.11068,41.153,22,3,0,10,303
2025-10-30 23:00:00,32.007,0.0,99.76,0.09976,32.007,23,3,0,10,303
2025-10-31 00:00:00,25.187,0.0,82.36,0.08236,25.187,0,4,0,10,304
2025-10-31 01:00:00,31.335,0.0,101.87,0.10187,31.335,1,4,0,10,304
2025-10-31 02:00:00,26.608,0.0,90.33,0.09033,26.608,2,4,0,10,304
2025-10-31 03:00:00,27.974,0.0,88.46,0.08846,27.974,3,4,0,10,304
2025-10-31 04:00:00,36.78,0.0,91.67,0.09167,36.78,4,4,0,10,304
2025-10-31 05:00:00,29.051,0.0,94.28,0.09428,29.051,5,4,0,10,304
2025-10-31 06:00:00,41.727,0.0,94.11,0.09411,41.727,6,4,0,10,304
2025-10-31 07:00:00,47.784,1.644,112.17,0.11217,46.14,7,4,0,10,304
2025-10-31 08:00:00,62.415,3.325,115.37,0.11537,59.09,8,4,0,10,304
2025-10-31 09:00:00,64.016,4.63,104.1,0.1041,59.386,9,4,0,10,304
2025-10-31 10:00:00,69.444,5.79,91.38,0.09138,63.654,10,4,0,10,304
2025-10-31 11:00:00,65.584,6.69,94.83,0.09483,58.894,11,4,0,10,304
2025-10-31 12:00:00,60.45,7.103,76.87,0.07687,53.347,12,4,0,10,304
2025-10-31 13:00:00,67.188,4.448,90.13,0.09013,62.74,13,4,0,10,304
2025-10-31 14:00:00,64.179,6.111,88.55,0.08855,58.068,14,4,0,10,304
2025-10-31 15:00:00,70.375,2.83,81.98,0.08198,67.545,15,4,0,10,304
2025-10-31 16:00:00,63.508,3.934,70.14,0.07014,59.574,16,4,0,10,304
2025-10-31 17:00:00,68.811,1.412,88.68,0.08868,67.399,17,4,0,10,304
2025-10-31 18:00:00,71.13,1.564,105.78,0.10578,69.566,18,4,0,10,304
2025-10-31 19:00:00,36.628,0.0,112.3,0.1123,36.628,19,4,0,10,304
2025-10-31 20:00:00,38.733,0.0,123.4,0.1234,38.733,20,4,0,10,304
2025-10-31 21:00:00,40.595,0.0,124.83,0.12483,40.595,21,4,0,10,304
2025-10-31 22:00:00,36.608,0.0,117.48,0.11748,36.608,22,4,0,10,304
2025-10-31 23:00:00,30.727,0.0,114.43,0.11443,30.727,23,4,0,10,304
2025-11-01 00:00:00,25.35,0.0,82.32,0.08232,25.35,0,5,1,11,305
2025-11-01 01:00:00,25.286,0.0,79.56,0.07956,25.286,1,5,1,11,305
2025-11-01 02:00:00,26.227,0.0,69.76,0.06976,26.227,2,5,1,11,305
2025-11-01 03:00:00,26.298,0.0,86.4,0.0864,26.298,3,5,1,11,305
2025-11-01 04:00:00,26.594,0.0,79.22,0.07922,26.594,4,5,1,11,305
2025-11-01 05:00:00,24.154,0.0,83.51,0.08351,24.154,5,5,1,11,305
2025-11-01 06:00:00,33.977,0.0,83.13,0.08313,33.977,6,5,1,11,305
2025-11-01 07:00:00,35.375,1.663,87.5,0.0875,33.712,7,5,1,11,305
2025-11-01 08:00:00,50.137,2.104,103.37,0.10337,48.033,8,5,1,11,305
2025-11-01 09:00:00,48.876,3.617,95.93,0.09593,45.259,9,5,1,11,305
2025-11-01 10:00:00,51.317,5.224,108.11,0.10811,46.093,10,5,1,11,305
2025-11-01 11:00:00,44.473,3.532,73.72,0.07372,40.941,11,5,1,11,305
2025-11-01 12:00:00,47.943,5.115,88.66,0.08866,42.828,12,5,1,11,305
2025-11-01 13:00:00,49.384,5.076,64.27,0.06427,44.308,13,5,1,11,305
2025-11-01 14:00:00,47.54,4.797,65.63,0.06563,42.743,14,5,1,11,305
2025-11-01 15:00:00,55.493,4.677,73.05,0.07305,50.816,15,5,1,11,305
2025-11-01 16:00:00,50.34,4.426,85.34,0.08534,45.914,16,5,1,11,305
2025-11-01 17:00:00,50.846,2.605,97.33,0.09733,48.241,17,5,1,11,305
2025-11-01 18:00:00,48.734,1.249,111.58,0.11158,47.485,18,5,1,11,305
2025-11-01 19:00:00,32.476,0.0,111.96,0.11196,32.476,19,5,1,11,305
2025-11-01 20:00:00,28.637,0.0,137.89,0.13789,28.637,20,5,1,11,305
2025-11-01 21:00:00,31.983,0.0,121.99,0.12199,31.983,21,5,1,11,305
2025-11-01 22:00:00,29.528,0.0,76.11,0.07611,29.528,22,5,1,11,305
2025-11-01 23:00:00,25.182,0.0,95.47,0.09547,25.182,23,5,1,11,305
2025-11-02 00:00:00,17.882,0.0,79.33,0.07933,17.882,0,6,1,11,306
2025-11-02 01:00:00,22.464,0.0,80.02,0.08002,22.464,1,6,1,11,306
2025-11-02 02:00:00,30.759,0.0,89.6,0.0896,30.759,2,6,1,11,306
2025-11-02 03:00:00,28.731,0.0,86.59,0.08659,28.731,3,6,1,11,306
2025-11-02 04:00:00,30.295,0.0,77.58,0.07758,30.295,4,6,1,11,306
2025-11-02 05:00:00,30.515,0.0,101.22,0.10122,30.515,5,6,1,11,306
2025-11-02 06:00:00,37.916,0.0,76.53,0.07653,37.916,6,6,1,11,306
2025-11-02 07:00:00,34.313,1.596,79.94,0.07994,32.717,7,6,1,11,306
2025-11-02 08:00:00,46.977,1.601,85.92,0.08592,45.376,8,6,1,11,306
2025-11-02 09:00:00,53.965,4.476,101.53,0.10153,49.489,9,6,1,11,306
2025-11-02 10:00:00,50.502,5.313,96.75,0.09675,45.189,10,6,1,11,306
2025-11-02 11:00:00,58.277,6.311,77.36,0.07736,51.966,11,6,1,11,306
2025-11-02 12:00:00,49.127,6.7,70.79,0.07079,42.427,12,6,1,11,306
2025-11-02 13:00:00,56.609,3.99,69.74,0.06974,52.619,13,6,1,11,306
2025-11-02 14:00:00,49.794,5.987,56.08,0.05608,43.807,14,6,1,11,306
2025-11-02 15:00:00,54.571,3.482,76.68,0.07668,51.089,15,6,1,11,306
2025-11-02 16:00:00,55.725,2.271,91.33,0.09133,53.454,16,6,1,11,306
2025-11-02 17:00:00,47.022,2.445,85.48,0.08548,44.577,17,6,1,11,306
2025-11-02 18:00:00,48.744,1.594,105.17,0.10517,47.15,18,6,1,11,306
2025-11-02 19:00:00,29.228,0.0,115.71,0.11571,29.228,19,6,1,11,306
2025-11-02 20:00:00,28.597,0.0,134.02,0.13402,28.597,20,6,1,11,306
2025-11-02 21:00:00,34.668,0.0,135.83,0.13583,34.668,21,6,1,11,306
2025-11-02 22:00:00,31.904,0.0,102.54,0.10254,31.904,22,6,1,11,306
2025-11-02 23:00:00,26.242,0.0,95.79,0.09579,26.242,23,6,1,11,306
2025-11-03 00:00:00,31.659,0.0,99.04,0.09904,31.659,0,0,0,11,307
2025-11-03 01:00:00,23.936,0.0,93.93,0.09393,23.936,1,0,0,11,307
2025-11-03 02:00:00,33.997,0.0,81.44,0.08144,33.997,2,0,0,11,307
2025-11-03 03:00:00,28.762,0.0,72.75,0.07275,28.762,3,0,0,11,307
2025-11-03 04:00:00,31.583,0.0,85.69,0.08569,31.583,4,0,0,11,307
2025-11-03 05:00:00,31.865,0.0,96.78,0.09678,31.865,5,0,0,11,307
2025-11-03 06:00:00,48.521,0.0,92.76,0.09276,48.521,6,0,0,11,307
2025-11-03 07:00:00,43.799,0.741,90.24,0.09024,43.058,7,0,0,11,307
2025-11-03 08:00:00,58.721,2.274,98.29,0.09829,56.447,8,0,0,11,307
2025-11-03 09:00:00,65.7,4.346,122.71,0.12271,61.354,9,0,0,11,307
2025-11-03 10:00:00,66.159,4.67,89.11,0.08911,61.489,10,0,0,11,307
2025-11-03 11:00:00,62.207,6.128,89.66,0.08966,56.079,11,0,0,11,307
2025-11-03 12:00:00,65.989,5.886,78.9,0.0789,60.103,12,0,0,11,307
2025-11-03 13:00:00,64.362,3.557,96.66,0.09666,60.805,13,0,0,11,307
2025-11-03 14:00:00,61.22,5.85,59.37,0.05937,55.37,14,0,0,11,307
2025-11-03 15:00:00,67.666,3.663,68.16,0.06816,64.003,15,0,0,11,307
2025-11-03 16:00:00,63.713,3.564,83.63,0.08363,60.149,16,0,0,11,307
2025-11-03 17:00:00,64.216,1.528,96.27,0.09627,62.688,17,0,0,11,307
2025-11-03 18:00:00,64.037,1.257,120.25,0.12025,62.78,18,0,0,11,307
2025-11-03 19:00:00,43.336,0.0,132.13,0.13213,43.336,19,0,0,11,307
2025-11-03 20:00:00,39.252,0.0,120.64,0.12064,39.252,20,0,0,11,307
2025-11-03 21:00:00,39.636,0.0,126.89,0.12689,39.636,21,0,0,11,307
2025-11-03 22:00:00,37.973,0.0,111.72,0.11172,37.973,22,0,0,11,307
2025-11-03 23:00:00,31.36,0.0,98.22,0.09822,31.36,23,0,0,11,307
2025-11-04 00:00:00,34.203,0.0,100.96,0.10096,34.203,0,1,0,11,308
2025-11-04 01:00:00,31.958,0.0,93.36,0.09336,31.958,1,1,0,11,308
2025-11-04 02:00:00,32.083,0.0,106.84,0.10684,32.083,2,1,0,11,308
2025-11-04 03:00:00,31.825,0.0,95.94,0.09594,31.825,3,1,0,11,308
2025-11-04 04:00:00,25.468,0.0,101.27,0.10127,25.468,4,1,0,11,308
2025-11-04 05:00:00,27.081,0.0,66.7,0.0667,27.081,5,1,0,11,308
2025-11-04 06:00:00,43.491,0.0,97.94,0.09794,43.491,6,1,0,11,308
2025-11-04 07:00:00,41.824,1.465,105.46,0.10546,40.359,7,1,0,11,308
2025-11-04 08:00:00,62.133,2.647,109.7,0.1097,59.486,8,1,0,11,308
2025-11-04 09:00:00,59.549,2.957,120.23,0.12023,56.592,9,1,0,11,308
2025-11-04 10:00:00,61.231,4.129,106.96,0.10696,57.102,10,1,0,11,308
2025-11-04 11:00:00,64.719,5.171,81.06,0.08106,59.548,11,1,0,11,308
2025-11-04 12:00:00,65.317,4.319,89.84,0.08984,60.998,12,1,0,11,308
2025-11-04 13:00:00,63.002,5.436,85.86,0.08586,57.566,13,1,0,11,308
2025-11-04 14:00:00,65.792,5.571,68.38,0.06838,60.221,14,1,0,11,308
2025-11-04 15:00:00,64.151,3.921,72.29,0.07229,60.23,15,1,0,11,308
2025-11-04 16:00:00,69.029,3.699,91.25,0.09125,65.33,16,1,0,11,308
2025-11-04 17:00:00,65.022,0.774,95.02,0.09502,64.248,17,1,0,11,308
2025-11-04 18:00:00,67.768,0.979,120.38,0.12038,66.789,18,1,0,11,308
2025-11-04 19:00:00,40.043,0.0,124.22,0.12422,40.043,19,1,0,11,308
2025-11-04 20:00:00,34.906,0.0,106.27,0.10627,34.906,20,1,0,11,308
2025-11-04 21:00:00,39.103,0.0,124.76,0.12476,39.103,21,1,0,11,308
2025-11-04 22:00:00,35.439,0.0,109.9,0.1099,35.439,22,1,0,11,308
2025-11-04 23:00:00,29.539,0.0,109.39,0.10939,29.539,23,1,0,11,308
2025-11-05 00:00:00,27.506,0.0,95.47,0.09547,27.506,0,2,0,11,309
2025-11-05 01:00:00,31.113,0.0,81.83,0.08183,31.113,1,2,0,11,309
2025-11-05 02:00:00,25.595,0.0,93.33,0.09333,25.595,2,2,0,11,309
2025-11-05 03:00:00,29.938,0.0,96.99,0.09699,29.938,3,2,0,11,309
2025-11-05 04:00:00,31.722,0.0,96.89,0.09689,31.722,4,2,0,11,309
2025-11-05 05:00:00,32.795,0.0,104.06,0.10406,32.795,5,2,0,11,309
2025-11-05 06:00:00,41.714,0.0,87.26,0.08726,41.714,6,2,0,11,309
2025-11-05 07:00:00,44.216,1.432,100.01,0.10001,42.784,7,2,0,11,309
2025-11-05 08:00:00,66.152,1.049,82.6,0.0826,65.103,8,2,0,11,309
2025-11-05 09:00:00,70.513,2.467,116.99,0.11699,68.046,9,2,0,11,309
2025-11-05 10:00:00,60.822,3.936,102.41,0.10241,56.886,10,2,0,11,309
2025-11-05 11:00:00,62.647,5.635,92.73,0.09273,57.012,11,2,0,11,309
2025-11-05 12:00:00,74.537,5.304,83.83,0.08383,69.233,12,2,0,11,309
2025-11-05 13:00:00,64.688,1.973,82.94,0.08294,62.715,13,2,0,11,309
2025-11-05 14:00:00,59.511,5.337,85.54,0.08554,54.174,14,2,0,11,309
2025-11-05 15:00:00,63.698,3.678,74.14,0.07414,60.02,15,2,0,11,309
2025-11-05 16:00:00,56.702,3.85,88.12,0.08812,52.852,16,2,0,11,309
2025-11-05 17:00:00,66.333,2.0,99.59,0.09959,64.333,17,2,0,11,309
2025-11-05 18:00:00,68.154,1.479,88.08,0.08808,66.675,18,2,0,11,309
2025-11-05 19:00:00,36.486,0.0,115.9,0.1159,36.486,19,2,0,11,309
2025-11-05 20:00:00,37.897,0.0,133.06,0.13306,37.897,20,2,0,11,309
2025-11-05 21:00:00,42.359,0.0,137.12,0.13712,42.359,21,2,0,11,309
2025-11-05 22:00:00,33.802,0.0,128.07,0.12807,33.802,22,2,0,11,309
2025-11-05 23:00:00,25.662,0.0,91.57,0.09157,25.662,23,2,0,11,309
2025-11-06 00:00:00,29.166,0.0,101.83,0.10183,29.166,0,3,0,11,310
2025-11-06 01:00:00,27.489,0.0,102.18,0.10218,27.489,1,3,0,11,310
2025-11-06 02:00:00,28.956,0.0,96.06,0.09606,28.956,2,3,0,11,310
2025-11-06 03:00:00,25.852,0.0,72.02,0.07202,25.852,3,3,0,11,310
2025-11-06 04:00:00,30.582,0.0,87.66,0.08766,30.582,4,3,0,11,310
2025-11-06 05:00:00,29.419,0.0,95.96,0.09596,29.419,5,3,0,11,310
2025-11-06 06:00:00,45.929,0.0,95.71,0.09571,45.929,6,3,0,11,310
2025-11-06 07:00:00,44.813,0.552,80.47,0.08047,44.261,7,3,0,11,310
2025-11-06 08:00:00,66.246,2.37,102.85,0.10285,63.876,8,3,0,11,310
2025-11-06 09:00:00,60.957,3.442,96.47,0.09647,57.515,9,3,0,11,310
2025-11-06 10:00:00,67.161,2.782,107.68,0.10768,64.379,10,3,0,11,310
2025-11-06 11:00:00,64.526,3.344,98.97,0.09897,61.182,11,3,0,11,310
2025-11-06 12:00:00,65.052,4.903,90.67,0.09067,60.149,12,3,0,11,310
2025-11-06 13:00:00,68.939,4.813,74.78,0.07478,64.126,13,3,0,11,310
2025-11-06 14:00:00,63.283,5.558,75.66,0.07566,57.725,14,3,0,11,310
2025-11-06 15:00:00,69.909,2.405,76.54,0.07654,67.504,15,3,0,11,310
2025-11-06 16:00:00,70.207,3.036,93.49,0.09349,67.171,16,3,0,11,310
2025-11-06 17:00:00,67.994,2.715,90.61,0.09061,65.279,17,3,0,11,310
2025-11-06 18:00:00,62.447,0.886,102.82,0.10282,61.561,18,3,0,11,310
2025-11-06 19:00:00,32.417,0.0,132.92,0.13292,32.417,19,3,0,11,310
2025-11-06 20:00:00,42.865,0.0,137.25,0.13725,42.865,20,3,0,11,310
2025-11-06 21:00:00,39.77,0.0,129.77,0.12977,39.77,21,3,0,11,310
2025-11-06 22:00:00,37.029,0.0,130.6,0.1306,37.029,22,3,0,11,310
2025-11-06 23:00:00,33.652,0.0,125.03,0.12503,33.652,23,3,0,11,310
2025-11-07 00:00:00,27.145,0.0,104.47,0.10447,27.145,0,4,0,11,311
2025-11-07 01:00:00,28.545,0.0,84.71,0.08471,28.545,1,4,0,11,311
2025-11-07 02:00:00,31.581,0.0,100.57,0.10057,31.581,2,4,0,11,311
2025-11-07 03:00:00,26.338,0.0,93.65,0.09365,26.338,3,4,0,11,311
2025-11-07 04:00:00,29.551,0.0,159.28,0.15928,29.551,4,4,0,11,311
2025-11-07 05:00:00,33.387,0.0,87.8,0.0878,33.387,5,4,0,11,311
2025-11-07 06:00:00,44.86,0.0,101.1,0.1011,44.86,6,4,0,11,311
2025-11-07 07:00:00,48.176,1.371,110.66,0.11066,46.805,7,4,0,11,311
2025-11-07 08:00:00,69.235,2.493,119.59,0.11959,66.742,8,4,0,11,311
2025-11-07 09:00:00,65.632,3.741,112.85,0.11285,61.891,9,4,0,11,311
2025-11-07 10:00:00,58.13,4.793,107.84,0.10784,53.337,10,4,0,11,311
2025-11-07 11:00:00,62.069,5.183,92.45,0.09245,56.886,11,4,0,11,311
2025-11-07 12:00:00,68.05,3.245,87.93,0.08793,64.805,12,4,0,11,311
2025-11-07 13:00:00,60.646,5.64,182.04,0.18204,55.006,13,4,0,11,311
2025-11-07 14:00:00,64.562,4.212,81.44,0.08144,60.35,14,4,0,11,311
2025-11-07 15:00:00,66.69,2.387,82.03,0.08203,64.303,15,4,0,11,311
2025-11-07 16:00:00,70.31,3.088,103.83,0.10383,67.222,16,4,0,11,311
2025-11-07 17:00:00,63.767,1.889,95.88,0.09588,61.878,17,4,0,11,311
2025-11-07 18:00:00,63.548,0.758,122.64,0.12264,62.79,18,4,0,11,311
2025-11-07 19:00:00,39.255,0.0,118.9,0.1189,39.255,19,4,0,11,311
2025-11-07 20:00:00,40.546,0.0,146.34,0.14634,40.546,20,4,0,11,311
2025-11-07 21:00:00,38.93,0.0,139.93,0.13993,38.93,21,4,0,11,311
2025-11-07 22:00:00,42.781,0.0,126.46,0.12646,42.781,22,4,0,11,311
2025-11-07 23:00:00,27.345,0.0,105.08,0.10508,27.345,23,4,0,11,311
2025-11-08 00:00:00,26.482,0.0,83.28,0.08328,26.482,0,5,1,11,312
2025-11-08 01:00:00,27.522,0.0,81.81,0.08181,27.522,1,5,1,11,312
2025-11-08 02:00:00,24.816,0.0,75.87,0.07587,24.816,2,5,1,11,312
2025-11-08 03:00:00,28.784,0.0,90.56,0.09056,28.784,3,5,1,11,312
2025-11-08 04:00:00,26.574,0.0,84.22,0.08422,26.574,4,5,1,11,312
2025-11-08 05:00:00,28.621,0.0,92.37,0.09237,28.621,5,5,1,11,312
2025-11-08 06:00:00,36.435,0.0,93.44,0.09344,36.435,6,5,1,11,312
2025-11-08 07:00:00,37.018,1.089,85.09,0.08509,35.929,7,5,1,11,312
2025-11-08 08:00:00,48.364,1.936,109.75,0.10975,46.428,8,5,1,11,312
2025-11-08 09:00:00,48.369,3.399,100.4,0.1004,44.97,9,5,1,11,312
2025-11-08 10:00:00,54.306,3.691,104.06,0.10406,50.615,10,5,1,11,312
2025-11-08 11:00:00,52.422,5.286,76.19,0.07619,47.136,11,5,1,11,312
2025-11-08 12:00:00,47.114,3.463,71.47,0.07147,43.651,12,5,1,11,312
2025-11-08 13:00:00,50.967,5.612,68.22,0.06822,45.355,13,5,1,11,312
2025-11-08 14:00:00,42.792,4.085,71.56,0.07156,38.707,14,5,1,11,312
2025-11-08 15:00:00,48.551,2.347,70.02,0.07002,46.204,15,5,1,11,312
2025-11-08 16:00:00,53.463,3.7,91.67,0.09167,49.763,16,5,1,11,312
2025-11-08 17:00:00,49.988,2.627,99.96,0.09996,47.361,17,5,1,11,312
2025-11-08 18:00:00,50.765,1.14,96.75,0.09675,49.625,18,5,1,11,312
2025-11-08 19:00:00,22.922,0.0,146.44,0.14644,22.922,19,5,1,11,312
2025-11-08 20:00:00,31.319,0.0,121.86,0.12186,31.319,20,5,1,11,312
2025-11-08 21:00:00,33.657,0.0,131.69,0.13169,33.657,21,5,1,11,312
2025-11-08 22:00:00,34.064,0.0,105.63,0.10563,34.064,22,5,1,11,312
2025-11-08 23:00:00,29.177,0.0,104.07,0.10407,29.177,23,5,1,11,312
2025-11-09 00:00:00,25.428,0.0,95.34,0.09534,25.428,0,6,1,11,313
2025-11-09 01:00:00,25.571,0.0,70.82,0.07082,25.571,1,6,1,11,313
2025-11-09 02:00:00,21.838,0.0,103.41,0.10341,21.838,2,6,1,11,313
2025-11-09 03:00:00,25.446,0.0,78.41,0.07841,25.446,3,6,1,11,313
2025-11-09 04:00:00,22.064,0.0,83.55,0.08355,22.064,4,6,1,11,313
2025-11-09 05:00:00,20.188,0.0,82.83,0.08283,20.188,5,6,1,11,313
2025-11-09 06:00:00,32.349,0.0,86.41,0.08641,32.349,6,6,1,11,313
2025-11-09 07:00:00,40.649,1.313,90.96,0.09096,39.336,7,6,1,11,313
2025-11-09 08:00:00,49.537,2.34,87.54,0.08754,47.197,8,6,1,11,313
2025-11-09 09:00:00,51.107,3.038,107.4,0.1074,48.069,9,6,1,11,313
2025-11-09 10:00:00,48.76,4.516,96.93,0.09693,44.244,10,6,1,11,313
2025-11-09 11:00:00,44.673,4.498,86.8,0.0868,40.175,11,6,1,11,313
2025-11-09 12:00:00,53.398,4.798,89.61,0.08961,48.6,12,6,1,11,313
2025-11-09 13:00:00,43.452,3.705,90.15,0.09015,39.747,13,6,1,11,313
2025-11-09 14:00:00,48.628,3.334,53.87,0.05387,45.294,14,6,1,11,313
2025-11-09 15:00:00,50.228,3.058,87.63,0.08763,47.17,15,6,1,11,313
2025-11-09 16:00:00,51.14,2.996,78.13,0.07813,48.144,16,6,1,11,313
2025-11-09 17:00:00,48.078,2.55,76.45,0.07645,45.528,17,6,1,11,313
2025-11-09 18:00:00,44.521,1.156,108.53,0.10853,43.365,18,6,1,11,313
2025-11-09 19:00:00,30.018,0.0,116.15,0.11615,30.018,19,6,1,11,313
2025-11-09 20:00:00,30.185,0.0,131.65,0.13165,30.185,20,6,1,11,313
2025-11-09 21:00:00,30.107,0.0,120.57,0.12057,30.107,21,6,1,11,313
2025-11-09 22:00:00,35.686,0.0,112.38,0.11238,35.686,22,6,1,11,313
2025-11-09 23:00:00,22.217,0.0,93.81,0.09381,22.217,23,6,1,11,313
2025-11-10 00:00:00,30.881,0.0,82.9,0.0829,30.881,0,0,0,11,314
2025-11-10 01:00:00,30.425,0.0,100.62,0.10062,30.425,1,0,0,11,314
2025-11-10 02:00:00,32.992,0.0,88.03,0.08803,32.992,2,0,0,11,314
2025-11-10 03:00:00,29.492,0.0,97.59,0.09759,29.492,3,0,0,11,314
2025-11-10 04:00:00,32.45,0.0,109.25,0.10925,32.45,4,0,0,11,314
2025-11-10 05:00:00,29.367,0.0,94.63,0.09463,29.367,5,0,0,11,314
2025-11-10 06:00:00,45.61,0.0,106.43,0.10643,45.61,6,0,0,11,314
2025-11-10 07:00:00,39.411,1.185,103.2,0.1032,38.226,7,0,0,11,314
2025-11-10 08:00:00,57.231,1.243,103.17,0.10317,55.988,8,0,0,11,314
2025-11-10 09:00:00,66.881,3.086,91.5,0.0915,63.795,9,0,0,11,314
2025-11-10 10:00:00,67.053,3.664,102.73,0.10273,63.389,10,0,0,11,314
2025-11-10 11:00:00,67.195,4.513,93.88,0.09388,62.682,11,0,0,11,314
2025-11-10 12:00:00,63.993,3.909,78.08,0.07808,60.084,12,0,0,11,314
2025-11-10 13:00:00,70.44,4.187,59.47,0.05947,66.253,13,0,0,11,314
2025-11-10 14:00:00,64.202,2.691,60.11,0.06011,61.511,14,0,0,11,314
2025-11-10 15:00:00,67.02,3.34,96.59,0.09659,63.68,15,0,0,11,314
2025-11-10 16:00:00,67.576,2.773,86.08,0.08608,64.803,16,0,0,11,314
2025-11-10 17:00:00,71.173,1.684,82.94,0.08294,69.489,17,0,0,11,314
2025-11-10 18:00:00,64.659,1.275,105.72,0.10572,63.384,18,0,0,11,314
2025-11-10 19:00:00,37.363,0.0,124.76,0.12476,37.363,19,0,0,11,314
2025-11-10 20:00:00,34.659,0.0,134.88,0.13488,34.659,20,0,0,11,314
2025-11-10 21:00:00,44.42,0.0,124.13,0.12413,44.42,21,0,0,11,314
2025-11-10 22:00:00,40.801,0.0,136.37,0.13637,40.801,22,0,0,11,314
2025-11-10 23:00:00,31.368,0.0,126.19,0.12619,31.368,23,0,0,11,314
2025-11-11 00:00:00,39.897,0.0,97.36,0.09736,39.897,0,1,0,11,315
2025-11-11 01:00:00,30.964,0.0,89.89,0.08989,30.964,1,1,0,11,315
2025-11-11 02:00:00,25.756,0.0,97.45,0.09745,25.756,2,1,0,11,315
2025-11-11 03:00:00,29.297,0.0,80.63,0.08063,29.297,3,1,0,11,315
2025-11-11 04:00:00,26.804,0.0,104.73,0.10473,26.804,4,1,0,11,315
2025-11-11 05:00:00,28.657,0.0,98.29,0.09829,28.657,5,1,0,11,315
2025-11-11 06:00:00,42.944,0.0,87.7,0.0877,42.944,6,1,0,11,315
2025-11-11 07:00:00,42.354,0.891,98.01,0.09801,41.463,7,1,0,11,315
2025-11-11 08:00:00,61.236,1.83,112.9,0.1129,59.406,8,1,0,11,315
2025-11-11 09:00:00,70.791,2.682,90.82,0.09082,68.109,9,1,0,11,315
2025-11-11 10:00:00,66.651,3.238,94.53,0.09453,63.413,10,1,0,11,315
2025-11-11 11:00:00,64.973,3.056,91.21,0.09121,61.917,11,1,0,11,315
2025-11-11 12:00:00,68.119,3.642,96.89,0.09689,64.477,12,1,0,11,315
2025-11-11 13:00:00,67.202,1.597,97.32,0.09732,65.605,13,1,0,11,315
2025-11-11 14:00:00,66.577,3.168,80.95,0.08095,63.409,14,1,0,11,315
2025-11-11 15:00:00,67.887,2.7,47.48,0.04748,65.187,15,1,0,11,315
2025-11-11 16:00:00,66.123,3.429,74.88,0.07488,62.694,16,1,0,11,315
2025-11-11 17:00:00,67.839,2.071,132.6,0.1326,65.768,17,1,0,11,315
2025-11-11 18:00:00,68.105,0.892,113.67,0.11367,67.213,18,1,0,11,315
2025-11-11 19:00:00,39.983,0.0,98.94,0.09894,39.983,19,1,0,11,315
2025-11-11 20:00:00,38.757,0.0,154.46,0.15446,38.757,20,1,0,11,315
2025-11-11 21:00:00,44.36,0.0,113.45,0.11345,44.36,21,1,0,11,315
2025-11-11 22:00:00,37.933,0.0,122.24,0.12224,37.933,22,1,0,11,315
2025-11-11 23:00:00,31.176,0.0,94.39,0.09439,31.176,23,1,0,11,315
2025-11-12 00:00:00,31.254,0.0,115.9,0.1159,31.254,0,2,0,11,316
2025-11-12 01:00:00,27.978,0.0,79.73,0.07973,27.978,1,2,0,11,316
2025-11-12 02:00:00,27.344,0.0,88.13,0.08813,27.344,2,2,0,11,316
2025-11-12 03:00:00,28.797,0.0,104.75,0.10475,28.797,3,2,0,11,316
2025-11-12 04:00:00,28.354,0.0,89.55,0.08955,28.354,4,2,0,11,316
2025-11-12 05:00:00,25.263,0.0,101.79,0.10179,25.263,5,2,0,11,316
2025-11-12 06:00:00,42.159,0.0,108.43,0.10843,42.159,6,2,0,11,316
2025-11-12 07:00:00,45.096,1.123,105.98,0.10598,43.973,7,2,0,11,316
2025-11-12 08:00:00,69.767,1.419,96.41,0.09641,68.348,8,2,0,11,316
2025-11-12 09:00:00,67.49,3.329,99.95,0.09995,64.161,9,2,0,11,316
2025-11-12 10:00:00,57.398,3.817,99.98,0.09998,53.581,10,2,0,11,316
2025-11-12 11:00:00,67.768,3.396,102.1,0.1021,64.372,11,2,0,11,316
2025-11-12 12:00:00,63.93,3.602,95.6,0.0956,60.328,12,2,0,11,316
2025-11-12 13:00:00,67.166,4.02,82.57,0.08257,63.146,13,2,0,11,316
2025-11-12 14:00:00,65.671,3.137,84.53,0.08453,62.534,14,2,0,11,316
2025-11-12 15:00:00,65.1,3.408,160.36,0.16036,61.692,15,2,0,11,316
2025-11-12 16:00:00,65.389,3.329,89.38,0.08938,62.06,16,2,0,11,316
2025-11-12 17:00:00,65.644,1.954,97.35,0.09735,63.69,17,2,0,11,316
2025-11-12 18:00:00,70.018,0.787,117.39,0.11739,69.231,18,2,0,11,316
2025-11-12 19:00:00,39.409,0.0,132.88,0.13288,39.409,19,2,0,11,316
2025-11-12 20:00:00,42.946,0.0,120.58,0.12058,42.946,20,2,0,11,316
2025-11-12 21:00:00,42.48,0.0,126.06,0.12606,42.48,21,2,0,11,316
2025-11-12 22:00:00,41.607,0.0,130.2,0.1302,41.607,22,2,0,11,316
2025-11-12 23:00:00,24.212,0.0,109.24,0.10924,24.212,23,2,0,11,316
2025-11-13 00:00:00,33.508,0.0,93.23,0.09323,33.508,0,3,0,11,317
2025-11-13 01:00:00,28.469,0.0,82.07,0.08207,28.469,1,3,0,11,317
2025-11-13 02:00:00,32.225,0.0,99.76,0.09976,32.225,2,3,0,11,317
2025-11-13 03:00:00,26.822,0.0,80.71,0.08071,26.822,3,3,0,11,317
2025-11-13 04:00:00,26.142,0.0,93.65,0.09365,26.142,4,3,0,11,317
2025-11-13 05:00:00,36.259,0.0,92.37,0.09237,36.259,5,3,0,11,317
2025-11-13 06:00:00,41.193,0.0,104.41,0.10441,41.193,6,3,0,11,317
2025-11-13 07:00:00,47.923,0.853,98.57,0.09857,47.07,7,3,0,11,317
2025-11-13 08:00:00,66.116,2.042,104.58,0.10458,64.074,8,3,0,11,317
2025-11-13 09:00:00,64.393,1.951,99.07,0.09907,62.442,9,3,0,11,317
2025-11-13 10:00:00,65.594,3.055,101.69,0.10169,62.539,10,3,0,11,317
2025-11-13 11:00:00,61.574,2.156,98.72,0.09872,59.418,11,3,0,11,317
2025-11-13 12:00:00,65.693,3.624,84.36,0.08436,62.069,12,3,0,11,317
2025-11-13 13:00:00,62.273,4.837,77.74,0.07774,57.436,13,3,0,11,317
2025-11-13 14:00:00,64.472,4.407,79.51,0.07951,60.065,14,3,0,11,317
2025-11-13 15:00:00,68.698,2.458,89.79,0.08979,66.24,15,3,0,11,317
2025-11-13 16:00:00,66.551,2.559,94.2,0.0942,63.992,16,3,0,11,317
2025-11-13 17:00:00,60.994,1.604,85.41,0.08541,59.39,17,3,0,11,317
2025-11-13 18:00:00,68.462,1.009,120.47,0.12047,67.453,18,3,0,11,317
2025-11-13 19:00:00,39.459,0.0,139.39,0.13939,39.459,19,3,0,11,317
2025-11-13 20:00:00,37.747,0.0,138.5,0.1385,37.747,20,3,0,11,317
2025-11-13 21:00:00,41.871,0.0,103.37,0.10337,41.871,21,3,0,11,317
2025-11-13 22:00:00,38.947,0.0,119.86,0.11986,38.947,22,3,0,11,317
2025-11-13 23:00:00,26.204,0.0,120.39,0.12039,26.204,23,3,0,11,317
2025-11-14 00:00:00,35.853,0.0,90.1,0.0901,35.853,0,4,0,11,318
2025-11-14 01:00:00,29.884,0.0,123.61,0.12361,29.884,1,4,0,11,318
2025-11-14 02:00:00,29.679,0.0,72.88,0.07288,29.679,2,4,0,11,318
2025-11-14 03:00:00,28.643,0.0,96.43,0.09643,28.643,3,4,0,11,318
2025-11-14 04:00:00,33.715,0.0,103.02,0.10302,33.715,4,4,0,11,318
2025-11-14 05:00:00,28.26,0.0,99.35,0.09935,28.26,5,4,0,11,318
2025-11-14 06:00:00,39.323,0.0,102.37,0.10237,39.323,6,4,0,11,318
2025-11-14 07:00:00,42.095,1.132,238.54,0.23854,40.963,7,4,0,11,318
2025-11-14 08:00:00,70.004,1.663,102.47,0.10247,68.341,8,4,0,11,318
2025-11-14 09:00:00,68.421,3.137,114.27,0.11427,65.284,9,4,0,11,318
2025-11-14 10:00:00,64.942,2.315,83.39,0.08339,62.627,10,4,0,11,318
2025-11-14 11:00:00,70.153,4.423,105.98,0.10598,65.73,11,4,0,11,318
2025-11-14 12:00:00,68.152,3.696,87.05,0.08705,64.456,12,4,0,11,318
2025-11-14 13:00:00,64.905,2.586,86.75,0.08675,62.319,13,4,0,11,318
2025-11-14 14:00:00,65.227,3.51,86.68,0.08668,61.717,14,4,0,11,318
2025-11-14 15:00:00,66.812,3.335,117.44,0.11744,63.477,15,4,0,11,318
2025-11-14 16:00:00,63.096,1.423,101.1,0.1011,61.673,16,4,0,11,318
2025-11-14 17:00:00,65.773,1.19,86.68,0.08668,64.583,17,4,0,11,318
2025-11-14 18:00:00,66.745,0.884,134.76,0.13476,65.861,18,4,0,11,318
2025-11-14 19:00:00,34.093,0.0,98.93,0.09893,34.093,19,4,0,11,318
2025-11-14 20:00:00,38.885,0.0,127.36,0.12736,38.885,20,4,0,11,318
2025-11-14 21:00:00,38.521,0.0,129.6,0.1296,38.521,21,4,0,11,318
2025-11-14 22:00:00,42.781,0.0,114.32,0.11432,42.781,22,4,0,11,318
2025-11-14 23:00:00,24.037,0.0,109.72,0.10972,24.037,23,4,0,11,318
2025-11-15 00:00:00,24.902,0.0,86.26,0.08626,24.902,0,5,1,11,319
2025-11-15 01:00:00,24.581,0.0,100.81,0.10081,24.581,1,5,1,11,319
2025-11-15 02:00:00,29.195,0.0,83.22,0.08322,29.195,2,5,1,11,319
2025-11-15 03:00:00,25.983,0.0,87.17,0.08717,25.983,3,5,1,11,319
2025-11-15 04:00:00,31.87,0.0,106.86,0.10686,31.87,4,5,1,11,319
2025-11-15 05:00:00,28.242,0.0,100.67,0.10067,28.242,5,5,1,11,319
2025-11-15 06:00:00,34.557,0.0,92.49,0.09249,34.557,6,5,1,11,319
2025-11-15 07:00:00,36.636,1.111,102.99,0.10299,35.525,7,5,1,11,319
2025-11-15 08:00:00,49.357,2.157,120.31,0.12031,47.2,8,5,1,11,319
2025-11-15 09:00:00,53.24,2.245,88.04,0.08804,50.995,9,5,1,11,319
2025-11-15 10:00:00,46.227,3.82,87.01,0.08701,42.407,10,5,1,11,319
2025-11-15 11:00:00,47.854,3.532,84.54,0.08454,44.322,11,5,1,11,319
2025-11-15 12:00:00,51.948,4.116,83.72,0.08372,47.832,12,5,1,11,319
2025-11-15 13:00:00,54.412,3.714,84.27,0.08427,50.698,13,5,1,11,319
2025-11-15 14:00:00,43.443,3.934,63.92,0.06392,39.509,14,5,1,11,319
2025-11-15 15:00:00,54.888,3.421,64.08,0.06408,51.467,15,5,1,11,319
2025-11-15 16:00:00,50.041,2.187,67.35,0.06735,47.854,16,5,1,11,319
2025-11-15 17:00:00,44.461,1.801,82.64,0.08264,42.66,17,5,1,11,319
2025-11-15 18:00:00,40.884,0.899,99.95,0.09995,39.985,18,5,1,11,319
2025-11-15 19:00:00,27.726,0.0,97.79,0.09779,27.726,19,5,1,11,319
2025-11-15 20:00:00,32.557,0.0,119.54,0.11954,32.557,20,5,1,11,319
2025-11-15 21:00:00,32.409,0.0,110.72,0.11072,32.409,21,5,1,11,319
2025-11-15 22:00:00,34.647,0.0,109.28,0.10928,34.647,22,5,1,11,319
2025-11-15 23:00:00,24.364,0.0,117.24,0.11724,24.364,23,5,1,11,319
2025-11-16 00:00:00,22.58,0.0,72.37,0.07237,22.58,0,6,1,11,320
2025-11-16 01:00:00,24.804,0.0,98.46,0.09846,24.804,1,6,1,11,320
2025-11-16 02:00:00,26.233,0.0,105.08,0.10508,26.233,2,6,1,11,320
2025-11-16 03:00:00,26.864,0.0,98.34,0.09834,26.864,3,6,1,11,320
2025-11-16 04:00:00,23.601,0.0,92.93,0.09293,23.601,4,6,1,11,320
2025-11-16 05:00:00,29.011,0.0,104.49,0.10449,29.011,5,6,1,11,320
2025-11-16 06:00:00,33.889,0.0,100.87,0.10087,33.889,6,6,1,11,320
2025-11-16 07:00:00,33.094,1.047,109.73,0.10973,32.047,7,6,1,11,320
2025-11-16 08:00:00,48.768,1.68,103.12,0.10312,47.088,8,6,1,11,320
2025-11-16 09:00:00,53.943,2.999,91.64,0.09164,50.944,9,6,1,11,320
2025-11-16 10:00:00,50.079,3.801,109.88,0.10988,46.278,10,6,1,11,320
2025-11-16 11:00:00,48.281,4.168,116.74,0.11674,44.113,11,6,1,11,320
2025-11-16 12:00:00,53.467,1.433,78.5,0.0785,52.034,12,6,1,11,320
2025-11-16 13:00:00,57.36,3.212,75.17,0.07517,54.148,13,6,1,11,320
2025-11-16 14:00:00,51.175,3.88,73.05,0.07305,47.295,14,6,1,11,320
2025-11-16 15:00:00,54.452,2.95,59.16,0.05916,51.502,15,6,1,11,320
2025-11-16 16:00:00,53.819,1.87,72.34,0.07234,51.949,16,6,1,11,320
2025-11-16 17:00:00,48.566,1.881,95.46,0.09546,46.685,17,6,1,11,320
2025-11-16 18:00:00,50.589,0.913,105.92,0.10592,49.676,18,6,1,11,320
2025-11-16 19:00:00,28.523,0.0,119.95,0.11995,28.523,19,6,1,11,320
2025-11-16 20:00:00,31.971,0.0,125.77,0.12577,31.971,20,6,1,11,320
2025-11-16 21:00:00,30.623,0.0,120.42,0.12042,30.623,21,6,1,11,320
2025-11-16 22:00:00,31.337,0.0,103.62,0.10362,31.337,22,6,1,11,320
2025-11-16 23:00:00,23.726,0.0,104.97,0.10497,23.726,23,6,1,11,320
2025-11-17 00:00:00,29.036,0.0,98.95,0.09895,29.036,0,0,0,11,321
2025-11-17 01:00:00,31.658,0.0,86.88,0.08688,31.658,1,0,0,11,321
2025-11-17 02:00:00,29.573,0.0,99.91,0.09991,29.573,2,0,0,11,321
2025-11-17 03:00:00,23.989,0.0,89.81,0.08981,23.989,3,0,0,11,321
2025-11-17 04:00:00,27.567,0.0,103.4,0.1034,27.567,4,0,0,11,321
2025-11-17 05:00:00,25.093,0.0,98.27,0.09827,25.093,5,0,0,11,321
2025-11-17 06:00:00,45.082,0.0,105.85,0.10585,45.082,6,0,0,11,321
2025-11-17 07:00:00,45.911,0.749,107.75,0.10775,45.162,7,0,0,11,321
2025-11-17 08:00:00,66.641,1.925,108.73,0.10873,64.716,8,0,0,11,321
2025-11-17 09:00:00,63.3,2.881,112.87,0.11287,60.419,9,0,0,11,321
2025-11-17 10:00:00,66.61,1.99,114.02,0.11402,64.62,10,0,0,11,321
2025-11-17 11:00:00,64.315,2.497,99.21,0.09921,61.818,11,0,0,11,321
2025-11-17 12:00:00,62.177,3.51,90.31,0.09031,58.667,12,0,0,11,321
2025-11-17 13:00:00,68.194,3.593,78.76,0.07876,64.601,13,0,0,11,321
2025-11-17 14:00:00,68.437,3.956,61.1,0.0611,64.481,14,0,0,11,321
2025-11-17 15:00:00,68.856,3.783,81.55,0.08155,65.073,15,0,0,11,321
2025-11-17 16:00:00,63.873,2.406,75.52,0.07552,61.467,16,0,0,11,321
2025-11-17 17:00:00,69.594,1.798,94.12,0.09412,67.796,17,0,0,11,321
2025-11-17 18:00:00,64.24,0.711,105.56,0.10556,63.529,18,0,0,11,321
2025-11-17 19:00:00,41.61,0.0,119.96,0.11996,41.61,19,0,0,11,321
2025-11-17 20:00:00,37.884,0.0,126.32,0.12632,37.884,20,0,0,11,321
2025-11-17 21:00:00,38.802,0.0,133.79,0.13379,38.802,21,0,0,11,321
2025-11-17 22:00:00,31.771,0.0,121.96,0.12196,31.771,22,0,0,11,321
2025-11-17 23:00:00,28.989,0.0,109.09,0.10909,28.989,23,0,0,11,321
2025-11-18 00:00:00,30.251,0.0,108.12,0.10812,30.251,0,1,0,11,322
2025-11-18 01:00:00,28.648,0.0,126.63,0.12663,28.648,1,1,0,11,322
2025-11-18 02:00:00,35.58,0.0,101.2,0.1012,35.58,2,1,0,11,322
2025-11-18 03:00:00,26.24,0.0,105.49,0.10549,26.24,3,1,0,11,322
2025-11-18 04:00:00,28.156,0.0,100.03,0.10003,28.156,4,1,0,11,322
2025-11-18 05:00:00,27.064,0.0,105.55,0.10555,27.064,5,1,0,11,322
2025-11-18 06:00:00,42.508,0.0,86.02,0.08602,42.508,6,1,0,11,322
2025-11-18 07:00:00,47.612,1.095,79.3,0.0793,46.517,7,1,0,11,322
2025-11-18 08:00:00,70.569,1.355,88.52,0.08852,69.214,8,1,0,11,322
2025-11-18 09:00:00,63.597,2.758,103.72,0.10372,60.839,9,1,0,11,322
2025-11-18 10:00:00,63.526,2.96,119.63,0.11963,60.566,10,1,0,11,322
2025-11-18 11:00:00,62.137,4.278,100.92,0.10092,57.859,11,1,0,11,322
2025-11-18 12:00:00,70.02,4.398,85.72,0.08572,65.622,12,1,0,11,322
2025-11-18 13:00:00,69.427,4.407,88.36,0.08836,65.02,13,1,0,11,322
2025-11-18 14:00:00,65.501,3.731,83.18,0.08318,61.77,14,1,0,11,322
2025-11-18 15:00:00,61.372,3.676,68.02,0.06802,57.696,15,1,0,11,322
2025-11-18 16:00:00,61.658,2.646,93.23,0.09323,59.012,16,1,0,11,322
2025-11-18 17:00:00,66.386,2.108,108.46,0.10846,64.278,17,1,0,11,322
2025-11-18 18:00:00,67.598,0.763,135.59,0.13559,66.835,18,1,0,11,322
2025-11-18 19:00:00,32.916,0.0,126.7,0.1267,32.916,19,1,0,11,322
2025-11-18 20:00:00,38.5,0.0,150.17,0.15017,38.5,20,1,0,11,322
2025-11-18 21:00:00,44.706,0.0,125.25,0.12525,44.706,21,1,0,11,322
2025-11-18 22:00:00,38.832,0.0,142.26,0.14226,38.832,22,1,0,11,322
2025-11-18 23:00:00,34.727,0.0,102.39,0.10239,34.727,23,1,0,11,322
2025-11-19 00:00:00,32.042,0.0,102.81,0.10281,32.042,0,2,0,11,323
2025-11-19 01:00:00,26.495,0.0,99.27,0.09927,26.495,1,2,0,11,323
2025-11-19 02:00:00,29.028,0.0,111.38,0.11138,29.028,2,2,0,11,323
2025-11-19 03:00:00,29.553,0.0,110.32,0.11032,29.553,3,2,0,11,323
2025-11-19 04:00:00,26.917,0.0,87.16,0.08716,26.917,4,2,0,11,323
2025-11-19 05:00:00,26.861,0.0,96.07,0.09607,26.861,5,2,0,11,323
2025-11-19 06:00:00,49.144,0.0,123.89,0.12389,49.144,6,2,0,11,323
2025-11-19 07:00:00,41.195,1.09,107.7,0.1077,40.105,7,2,0,11,323
2025-11-19 08:00:00,69.311,1.795,118.16,0.11816,67.516,8,2,0,11,323
2025-11-19 09:00:00,64.463,2.545,99.62,0.09962,61.918,9,2,0,11,323
2025-11-19 10:00:00,65.777,3.328,103.86,0.10386,62.449,10,2,0,11,323
2025-11-19 11:00:00,67.657,3.829,91.64,0.09164,63.828,11,2,0,11,323
2025-11-19 12:00:00,63.944,4.521,99.25,0.09925,59.423,12,2,0,11,323
2025-11-19 13:00:00,67.677,2.418,90.4,0.0904,65.259,13,2,0,11,323
2025-11-19 14:00:00,59.311,2.657,92.25,0.09225,56.654,14,2,0,11,323
2025-11-19 15:00:00,67.267,2.998,71.08,0.07108,64.269,15,2,0,11,323
2025-11-19 16:00:00,57.96,2.19,94.39,0.09439,55.77,16,2,0,11,323
2025-11-19 17:00:00,65.134,1.925,100.7,0.1007,63.209,17,2,0,11,323
2025-11-19 18:00:00,68.593,0.8,90.5,0.0905,67.793,18,2,0,11,323
2025-11-19 19:00:00,41.528,0.0,132.49,0.13249,41.528,19,2,0,11,323
2025-11-19 20:00:00,35.382,0.0,146.51,0.14651,35.382,20,2,0,11,323
2025-11-19 21:00:00,35.794,0.0,145.37,0.14537,35.794,21,2,0,11,323
2025-11-19 22:00:00,37.333,0.0,119.01,0.11901,37.333,22,2,0,11,323
2025-11-19 23:00:00,30.561,0.0,117.0,0.117,30.561,23,2,0,11,323
2025-11-20 00:00:00,23.468,0.0,102.2,0.1022,23.468,0,3,0,11,324
2025-11-20 01:00:00,29.927,0.0,89.17,0.08917,29.927,1,3,0,11,324
2025-11-20 02:00:00,30.966,0.0,87.88,0.08788,30.966,2,3,0,11,324
2025-11-20 03:00:00,29.064,0.0,96.65,0.09665,29.064,3,3,0,11,324
2025-11-20 04:00:00,31.651,0.0,95.59,0.09559,31.651,4,3,0,11,324
2025-11-20 05:00:00,30.686,0.0,230.95,0.23095,30.686,5,3,0,11,324
2025-11-20 06:00:00,42.6,0.0,98.81,0.09881,42.6,6,3,0,11,324
2025-11-20 07:00:00,38.138,0.988,109.2,0.1092,37.15,7,3,0,11,324
2025-11-20 08:00:00,66.306,2.024,99.72,0.09972,64.282,8,3,0,11,324
2025-11-20 09:00:00,62.829,2.935,125.93,0.12593,59.894,9,3,0,11,324
2025-11-20 10:00:00,64.028,2.089,88.49,0.08849,61.939,10,3,0,11,324
2025-11-20 11:00:00,67.412,4.239,98.28,0.09828,63.173,11,3,0,11,324
2025-11-20 12:00:00,70.415,4.187,88.32,0.08832,66.228,12,3,0,11,324
2025-11-20 13:00:00,65.757,2.33,82.03,0.08203,63.427,13,3,0,11,324
2025-11-20 14:00:00,67.652,3.471,71.94,0.07194,64.181,14,3,0,11,324
2025-11-20 15:00:00,61.257,3.439,67.19,0.06719,57.818,15,3,0,11,324
2025-11-20 16:00:00,66.665,2.52,91.67,0.09167,64.145,16,3,0,11,324
2025-11-20 17:00:00,65.687,1.811,98.81,0.09881,63.876,17,3,0,11,324
2025-11-20 18:00:00,69.813,0.925,119.15,0.11915,68.888,18,3,0,11,324
2025-11-20 19:00:00,37.816,0.0,111.73,0.11173,37.816,19,3,0,11,324
2025-11-20 20:00:00,38.772,0.0,151.12,0.15112,38.772,20,3,0,11,324
2025-11-20 21:00:00,42.934,0.0,129.23,0.12923,42.934,21,3,0,11,324
2025-11-20 22:00:00,39.251,0.0,89.31,0.08931,39.251,22,3,0,11,324
2025-11-20 23:00:00,26.421,0.0,110.95,0.11095,26.421,23,3,0,11,324
2025-11-21 00:00:00,38.14,0.0,92.39,0.09239,38.14,0,4,0,11,325
2025-11-21 01:00:00,26.523,0.0,85.8,0.0858,26.523,1,4,0,11,325
2025-11-21 02:00:00,29.768,0.0,109.53,0.10953,29.768,2,4,0,11,325
2025-11-21 03:00:00,31.084,0.0,106.79,0.10679,31.084,3,4,0,11,325
2025-11-21 04:00:00,30.831,0.0,101.73,0.10173,30.831,4,4,0,11,325
2025-11-21 05:00:00,29.367,0.0,100.93,0.10093,29.367,5,4,0,11,325
2025-11-21 06:00:00,43.753,0.0,108.4,0.1084,43.753,6,4,0,11,325
2025-11-21 07:00:00,43.592,0.878,91.66,0.09166,42.714,7,4,0,11,325
2025-11-21 08:00:00,62.327,1.544,112.66,0.11266,60.783,8,4,0,11,325
2025-11-21 09:00:00,72.779,2.403,123.43,0.12343,70.376,9,4,0,11,325
2025-11-21 10:00:00,65.194,2.959,117.45,0.11745,62.235,10,4,0,11,325
2025-11-21 11:00:00,67.808,2.284,88.95,0.08895,65.524,11,4,0,11,325
2025-11-21 12:00:00,64.827,4.481,92.57,0.09257,60.346,12,4,0,11,325
2025-11-21 13:00:00,64.763,4.442,72.52,0.07252,60.321,13,4,0,11,325
2025-11-21 14:00:00,64.441,2.882,82.31,0.08231,61.559,14,4,0,11,325
2025-11-21 15:00:00,60.939,3.552,75.14,0.07514,57.387,15,4,0,11,325
2025-11-21 16:00:00,65.384,2.159,80.93,0.08093,63.225,16,4,0,11,325
2025-11-21 17:00:00,64.596,1.75,104.81,0.10481,62.846,17,4,0,11,325
2025-11-21 18:00:00,69.647,0.78,108.41,0.10841,68.867,18,4,0,11,325
2025-11-21 19:00:00,35.725,0.0,120.64,0.12064,35.725,19,4,0,11,325
2025-11-21 20:00:00,37.707,0.0,137.83,0.13783,37.707,20,4,0,11,325
2025-11-21 21:00:00,36.679,0.0,115.57,0.11557,36.679,21,4,0,11,325
2025-11-21 22:00:00,44.17,0.0,116.87,0.11687,44.17,22,4,0,11,325
2025-11-21 23:00:00,27.192,0.0,94.06,0.09406,27.192,23,4,0,11,325
2025-11-22 00:00:00,27.945,0.0,76.93,0.07693,27.945,0,5,1,11,326
2025-11-22 01:00:00,29.25,0.0,102.2,0.1022,29.25,1,5,1,11,326
2025-11-22 02:00:00,25.678,0.0,86.41,0.08641,25.678,2,5,1,11,326
2025-11-22 03:00:00,21.74,0.0,83.69,0.08369,21.74,3,5,1,11,326
2025-11-22 04:00:00,21.781,0.0,100.19,0.10019,21.781,4,5,1,11,326
2025-11-22 05:00:00,28.897,0.0,109.68,0.10968,28.897,5,5,1,11,326
2025-11-22 06:00:00,31.887,0.0,99.23,0.09923,31.887,6,5,1,11,326
2025-11-22 07:00:00,37.176,0.597,111.01,0.11101,36.579,7,5,1,11,326
2025-11-22 08:00:00,50.95,1.848,98.59,0.09859,49.102,8,5,1,11,326
2025-11-22 09:00:00,51.791,2.889,104.96,0.10496,48.902,9,5,1,11,326
2025-11-22 10:00:00,52.093,3.699,100.49,0.10049,48.394,10,5,1,11,326
2025-11-22 11:00:00,47.596,2.812,96.06,0.09606,44.784,11,5,1,11,326
2025-11-22 12:00:00,47.462,3.606,93.73,0.09373,43.856,12,5,1,11,326
2025-11-22 13:00:00,52.872,2.123,62.42,0.06242,50.749,13,5,1,11,326
2025-11-22 14:00:00,48.57,4.203,65.2,0.0652,44.367,14,5,1,11,326
2025-11-22 15:00:00,41.783,2.834,71.17,0.07117,38.949,15,5,1,11,326
2025-11-22 16:00:00,52.66,1.428,73.29,0.07329,51.232,16,5,1,11,326
2025-11-22 17:00:00,47.268,1.701,96.89,0.09689,45.567,17,5,1,11,326
2025-11-22 18:00:00,52.079,0.613,111.21,0.11121,51.466,18,5,1,11,326
2025-11-22 19:00:00,37.12,0.0,122.54,0.12254,37.12,19,5,1,11,326
2025-11-22 20:00:00,32.716,0.0,123.65,0.12365,32.716,20,5,1,11,326
2025-11-22 21:00:00,35.849,0.0,137.23,0.13723,35.849,21,5,1,11,326
2025-11-22 22:00:00,33.155,0.0,115.62,0.11562,33.155,22,5,1,11,326
2025-11-22 23:00:00,31.226,0.0,101.29,0.10129,31.226,23,5,1,11,326
2025-11-23 00:00:00,22.75,0.0,91.5,0.0915,22.75,0,6,1,11,327
2025-11-23 01:00:00,26.123,0.0,98.3,0.0983,26.123,1,6,1,11,327
2025-11-23 02:00:00,28.303,0.0,93.08,0.09308,28.303,2,6,1,11,327
2025-11-23 03:00:00,25.54,0.0,82.58,0.08258,25.54,3,6,1,11,327
2025-11-23 04:00:00,29.836,0.0,109.67,0.10967,29.836,4,6,1,11,327
2025-11-23 05:00:00,24.767,0.0,98.5,0.0985,24.767,5,6,1,11,327
2025-11-23 06:00:00,42.55,0.0,85.56,0.08556,42.55,6,6,1,11,327
2025-11-23 07:00:00,42.719,1.071,83.01,0.08301,41.648,7,6,1,11,327
2025-11-23 08:00:00,51.499,1.397,111.36,0.11136,50.102,8,6,1,11,327
2025-11-23 09:00:00,52.365,2.969,117.71,0.11771,49.396,9,6,1,11,327
2025-11-23 10:00:00,54.41,1.159,105.3,0.1053,53.251,10,6,1,11,327
2025-11-23 11:00:00,46.797,3.061,99.31,0.09931,43.736,11,6,1,11,327
2025-11-23 12:00:00,46.398,2.667,90.82,0.09082,43.731,12,6,1,11,327
2025-11-23 13:00:00,54.617,1.087,77.53,0.07753,53.53,13,6,1,11,327
2025-11-23 14:00:00,51.473,3.907,57.65,0.05765,47.566,14,6,1,11,327
2025-11-23 15:00:00,49.872,3.21,69.4,0.0694,46.662,15,6,1,11,327
2025-11-23 16:00:00,50.632,2.969,91.31,0.09131,47.663,16,6,1,11,327
2025-11-23 17:00:00,42.961,1.635,100.81,0.10081,41.326,17,6,1,11,327
2025-11-23 18:00:00,49.987,1.037,107.44,0.10744,48.95,18,6,1,11,327
2025-11-23 19:00:00,30.259,0.0,116.83,0.11683,30.259,19,6,1,11,327
2025-11-23 20:00:00,35.606,0.0,129.78,0.12978,35.606,20,6,1,11,327
2025-11-23 21:00:00,35.853,0.0,120.68,0.12068,35.853,21,6,1,11,327
2025-11-23 22:00:00,34.514,0.0,113.02,0.11302,34.514,22,6,1,11,327
2025-11-23 23:00:00,27.415,0.0,104.48,0.10448,27.415,23,6,1,11,327
2025-11-24 00:00:00,25.197,0.0,90.43,0.09043,25.197,0,0,0,11,328
2025-11-24 01:00:00,31.879,0.0,106.22,0.10622,31.879,1,0,0,11,328
2025-11-24 02:00:00,32.003,0.0,96.65,0.09665,32.003,2,0,0,11,328
2025-11-24 03:00:00,33.973,0.0,103.46,0.10346,33.973,3,0,0,11,328
2025-11-24 04:00:00,36.767,0.0,100.04,0.10004,36.767,4,0,0,11,328
2025-11-24 05:00:00,24.572,0.0,116.67,0.11667,24.572,5,0,0,11,328
2025-11-24 06:00:00,43.132,0.0,109.87,0.10987,43.132,6,0,0,11,328
2025-11-24 07:00:00,42.0,1.067,112.6,0.1126,40.933,7,0,0,11,328
2025-11-24 08:00:00,66.506,2.072,115.55,0.11555,64.434,8,0,0,11,328
2025-11-24 09:00:00,65.997,2.795,132.98,0.13298,63.202,9,0,0,11,328
2025-11-24 10:00:00,65.205,1.788,107.7,0.1077,63.417,10,0,0,11,328
2025-11-24 11:00:00,69.243,3.272,102.18,0.10218,65.971,11,0,0,11,328
2025-11-24 12:00:00,62.43,3.857,92.85,0.09285,58.573,12,0,0,11,328
2025-11-24 13:00:00,62.623,3.367,65.18,0.06518,59.256,13,0,0,11,328
2025-11-24 14:00:00,62.677,3.992,82.76,0.08276,58.685,14,0,0,11,328
2025-11-24 15:00:00,64.801,3.323,93.92,0.09392,61.478,15,0,0,11,328
2025-11-24 16:00:00,62.023,2.825,95.87,0.09587,59.198,16,0,0,11,328
2025-11-24 17:00:00,65.799,1.519,117.43,0.11743,64.28,17,0,0,11,328
2025-11-24 18:00:00,65.425,0.904,124.62,0.12462,64.521,18,0,0,11,328
2025-11-24 19:00:00,37.063,0.0,134.7,0.1347,37.063,19,0,0,11,328
2025-11-24 20:00:00,42.376,0.0,144.3,0.1443,42.376,20,0,0,11,328
2025-11-24 21:00:00,39.389,0.0,135.13,0.13513,39.389,21,0,0,11,328
2025-11-24 22:00:00,42.98,0.0,118.37,0.11837,42.98,22,0,0,11,328
2025-11-24 23:00:00,29.364,0.0,109.23,0.10923,29.364,23,0,0,11,328
2025-11-25 00:00:00,29.916,0.0,74.73,0.07473,29.916,0,1,0,11,329
2025-11-25 01:00:00,28.192,0.0,114.53,0.11453,28.192,1,1,0,11,329
2025-11-25 02:00:00,29.971,0.0,96.68,0.09668,29.971,2,1,0,11,329
2025-11-25 03:00:00,32.272,0.0,88.51,0.08851,32.272,3,1,0,11,329
2025-11-25 04:00:00,28.677,0.0,96.1,0.0961,28.677,4,1,0,11,329
2025-11-25 05:00:00,31.652,0.0,119.18,0.11918,31.652,5,1,0,11,329
2025-11-25 06:00:00,41.784,0.0,105.52,0.10552,41.784,6,1,0,11,329
2025-11-25 07:00:00,46.814,1.063,111.46,0.11146,45.751,7,1,0,11,329
2025-11-25 08:00:00,64.117,2.064,133.06,0.13306,62.053,8,1,0,11,329
2025-11-25 09:00:00,68.698,2.892,120.86,0.12086,65.806,9,1,0,11,329
2025-11-25 10:00:00,66.168,3.655,105.62,0.10562,62.513,10,1,0,11,329
2025-11-25 11:00:00,70.84,3.487,83.91,0.08391,67.353,11,1,0,11,329
2025-11-25 12:00:00,62.28,4.409,98.56,0.09856,57.871,12,1,0,11,329
2025-11-25 13:00:00,61.249,1.566,78.42,0.07842,59.683,13,1,0,11,329
2025-11-25 14:00:00,64.001,2.833,88.79,0.08879,61.168,14,1,0,11,329
2025-11-25 15:00:00,61.542,2.686,246.79,0.24679,58.856,15,1,0,11,329
2025-11-25 16:00:00,61.548,1.757,95.17,0.09517,59.791,16,1,0,11,329
2025-11-25 17:00:00,67.962,1.707,111.64,0.11164,66.255,17,1,0,11,329
2025-11-25 18:00:00,65.959,1.063,99.83,0.09983,64.896,18,1,0,11,329
2025-11-25 19:00:00,38.053,0.0,131.33,0.13133,38.053,19,1,0,11,329
2025-11-25 20:00:00,38.349,0.0,135.59,0.13559,38.349,20,1,0,11,329
2025-11-25 21:00:00,37.677,0.0,134.72,0.13472,37.677,21,1,0,11,329
2025-11-25 22:00:00,44.869,0.0,126.58,0.12658,44.869,22,1,0,11,329
2025-11-25 23:00:00,27.64,0.0,112.4,0.1124,27.64,23,1,0,11,329
2025-11-26 00:00:00,25.767,0.0,92.45,0.09245,25.767,0,2,0,11,330
2025-11-26 01:00:00,32.545,0.0,87.65,0.08765,32.545,1,2,0,11,330
2025-11-26 02:00:00,29.307,0.0,83.15,0.08315,29.307,2,2,0,11,330
2025-11-26 03:00:00,36.522,0.0,100.51,0.10051,36.522,3,2,0,11,330
2025-11-26 04:00:00,28.314,0.0,105.4,0.1054,28.314,4,2,0,11,330
2025-11-26 05:00:00,32.705,0.0,98.55,0.09855,32.705,5,2,0,11,330
2025-11-26 06:00:00,47.858,0.0,113.47,0.11347,47.858,6,2,0,11,330
2025-11-26 07:00:00,42.727,0.868,108.11,0.10811,41.859,7,2,0,11,330
2025-11-26 08:00:00,63.613,2.057,111.7,0.1117,61.556,8,2,0,11,330
2025-11-26 09:00:00,68.363,2.934,98.49,0.09849,65.429,9,2,0,11,330
2025-11-26 10:00:00,67.83,2.589,104.43,0.10443,65.241,10,2,0,11,330
2025-11-26 11:00:00,61.477,3.122,278.29,0.27829,58.355,11,2,0,11,330
2025-11-26 12:00:00,62.38,4.393,106.51,0.10651,57.987,12,2,0,11,330
2025-11-26 13:00:00,57.874,4.352,83.66,0.08366,53.522,13,2,0,11,330
2025-11-26 14:00:00,67.896,3.986,91.23,0.09123,63.91,14,2,0,11,330
2025-11-26 15:00:00,65.153,2.333,98.62,0.09862,62.82,15,2,0,11,330
2025-11-26 16:00:00,65.472,2.934,82.07,0.08207,62.538,16,2,0,11,330
2025-11-26 17:00:00,60.578,0.89,106.21,0.10621,59.688,17,2,0,11,330
2025-11-26 18:00:00,62.477,1.028,119.39,0.11939,61.449,18,2,0,11,330
2025-11-26 19:00:00,38.066,0.0,141.15,0.14115,38.066,19,2,0,11,330
2025-11-26 20:00:00,37.444,0.0,127.78,0.12778,37.444,20,2,0,11,330
2025-11-26 21:00:00,39.973,0.0,135.36,0.13536,39.973,21,2,0,11,330
2025-11-26 22:00:00,41.463,0.0,119.32,0.11932,41.463,22,2,0,11,330
2025-11-26 23:00:00,37.26,0.0,115.49,0.11549,37.26,23,2,0,11,330
2025-11-27 00:00:00,29.938,0.0,111.5,0.1115,29.938,0,3,0,11,331
2025-11-27 01:00:00,33.571,0.0,114.08,0.11408,33.571,1,3,0,11,331
2025-11-27 02:00:00,27.346,0.0,111.69,0.11169,27.346,2,3,0,11,331
2025-11-27 03:00:00,24.642,0.0,89.77,0.08977,24.642,3,3,0,11,331
2025-11-27 04:00:00,28.875,0.0,95.76,0.09576,28.875,4,3,0,11,331
2025-11-27 05:00:00,24.889,0.0,112.39,0.11239,24.889,5,3,0,11,331
2025-11-27 06:00:00,44.451,0.0,111.58,0.11158,44.451,6,3,0,11,331
2025-11-27 07:00:00,41.907,0.53,106.98,0.10698,41.377,7,3,0,11,331
2025-11-27 08:00:00,59.754,1.171,103.76,0.10376,58.583,8,3,0,11,331
2025-11-27 09:00:00,71.563,2.099,74.16,0.07416,69.464,9,3,0,11,331
2025-11-27 10:00:00,64.288,2.277,93.28,0.09328,62.011,10,3,0,11,331
2025-11-27 11:00:00,60.768,1.917,98.57,0.09857,58.851,11,3,0,11,331
2025-11-27 12:00:00,68.882,3.927,89.99,0.08999,64.955,12,3,0,11,331
2025-11-27 13:00:00,63.677,3.169,90.04,0.09004,60.508,13,3,0,11,331
2025-11-27 14:00:00,69.497,3.39,88.93,0.08893,66.107,14,3,0,11,331
2025-11-27 15:00:00,63.661,3.629,107.43,0.10743,60.032,15,3,0,11,331
2025-11-27 16:00:00,64.277,2.206,84.11,0.08411,62.071,16,3,0,11,331
2025-11-27 17:00:00,67.112,1.738,83.89,0.08389,65.374,17,3,0,11,331
2025-11-27 18:00:00,67.906,0.935,108.56,0.10856,66.971,18,3,0,11,331
2025-11-27 19:00:00,42.063,0.0,147.53,0.14753,42.063,19,3,0,11,331
2025-11-27 20:00:00,39.316,0.0,136.62,0.13662,39.316,20,3,0,11,331
2025-11-27 21:00:00,41.295,0.0,142.69,0.14269,41.295,21,3,0,11,331
2025-11-27 22:00:00,41.99,0.0,116.63,0.11663,41.99,22,3,0,11,331
2025-11-27 23:00:00,30.644,0.0,106.59,0.10659,30.644,23,3,0,11,331
2025-11-28 00:00:00,29.55,0.0,82.5,0.0825,29.55,0,4,0,11,332
2025-11-28 01:00:00,25.381,0.0,96.36,0.09636,25.381,1,4,0,11,332
2025-11-28 02:00:00,31.924,0.0,99.85,0.09985,31.924,2,4,0,11,332
2025-11-28 03:00:00,30.141,0.0,108.7,0.1087,30.141,3,4,0,11,332
2025-11-28 04:00:00,28.683,0.0,106.46,0.10646,28.683,4,4,0,11,332
2025-11-28 05:00:00,34.095,0.0,122.56,0.12256,34.095,5,4,0,11,332
2025-11-28 06:00:00,39.845,0.0,104.35,0.10435,39.845,6,4,0,11,332
2025-11-28 07:00:00,49.675,0.879,112.39,0.11239,48.796,7,4,0,11,332
2025-11-28 08:00:00,65.954,1.709,113.12,0.11312,64.245,8,4,0,11,332
2025-11-28 09:00:00,67.041,2.115,106.64,0.10664,64.926,9,4,0,11,332
2025-11-28 10:00:00,64.761,1.57,113.68,0.11368,63.191,10,4,0,11,332
2025-11-28 11:00:00,60.691,1.915,99.23,0.09923,58.776,11,4,0,11,332
2025-11-28 12:00:00,65.579,2.908,109.88,0.10988,62.671,12,4,0,11,332
2025-11-28 13:00:00,67.097,3.705,78.39,0.07839,63.392,13,4,0,11,332
2025-11-28 14:00:00,68.189,2.465,79.87,0.07987,65.724,14,4,0,11,332
2025-11-28 15:00:00,65.392,3.486,72.76,0.07276,61.906,15,4,0,11,332
2025-11-28 16:00:00,59.009,2.592,95.55,0.09555,56.417,16,4,0,11,332
2025-11-28 17:00:00,61.092,0.865,90.48,0.09048,60.227,17,4,0,11,332
2025-11-28 18:00:00,72.592,0.709,118.12,0.11812,71.883,18,4,0,11,332
2025-11-28 19:00:00,36.115,0.0,119.43,0.11943,36.115,19,4,0,11,332
2025-11-28 20:00:00,44.178,0.0,127.01,0.12701,44.178,20,4,0,11,332
2025-11-28 21:00:00,36.622,0.0,125.27,0.12527,36.622,21,4,0,11,332
2025-11-28 22:00:00,39.028,0.0,129.91,0.12991,39.028,22,4,0,11,332
2025-11-28 23:00:00,32.007,0.0,111.02,0.11102,32.007,23,4,0,11,332
2025-11-29 00:00:00,23.543,0.0,91.77,0.09177,23.543,0,5,1,11,333
2025-11-29 01:00:00,31.262,0.0,98.64,0.09864,31.262,1,5,1,11,333
2025-11-29 02:00:00,26.41,0.0,86.5,0.0865,26.41,2,5,1,11,333
2025-11-29 03:00:00,27.642,0.0,73.73,0.07373,27.642,3,5,1,11,333
2025-11-29 04:00:00,25.311,0.0,83.22,0.08322,25.311,4,5,1,11,333
2025-11-29 05:00:00,28.275,0.0,93.19,0.09319,28.275,5,5,1,11,333
2025-11-29 06:00:00,41.02,0.0,98.75,0.09875,41.02,6,5,1,11,333
2025-11-29 07:00:00,35.548,0.782,108.91,0.10891,34.766,7,5,1,11,333
2025-11-29 08:00:00,56.204,1.71,105.18,0.10518,54.494,8,5,1,11,333
2025-11-29 09:00:00,48.712,2.904,117.11,0.11711,45.808,9,5,1,11,333
2025-11-29 10:00:00,53.114,3.604,106.55,0.10655,49.51,10,5,1,11,333
2025-11-29 11:00:00,52.234,3.451,81.26,0.08126,48.783,11,5,1,11,333
2025-11-29 12:00:00,47.249,3.736,61.13,0.06113,43.513,12,5,1,11,333
2025-11-29 13:00:00,51.353,3.051,69.57,0.06957,48.302,13,5,1,11,333
2025-11-29 14:00:00,50.692,4.088,78.01,0.07801,46.604,14,5,1,11,333
2025-11-29 15:00:00,47.939,3.059,82.26,0.08226,44.88,15,5,1,11,333
2025-11-29 16:00:00,51.814,1.727,84.47,0.08447,50.087,16,5,1,11,333
2025-11-29 17:00:00,51.137,1.713,98.32,0.09832,49.424,17,5,1,11,333
2025-11-29 18:00:00,50.437,0.857,124.77,0.12477,49.58,18,5,1,11,333
2025-11-29 19:00:00,32.482,0.0,124.62,0.12462,32.482,19,5,1,11,333
2025-11-29 20:00:00,32.413,0.0,133.71,0.13371,32.413,20,5,1,11,333
2025-11-29 21:00:00,31.524,0.0,142.24,0.14224,31.524,21,5,1,11,333
2025-11-29 22:00:00,33.148,0.0,97.86,0.09786,33.148,22,5,1,11,333
2025-11-29 23:00:00,24.107,0.0,122.42,0.12242,24.107,23,5,1,11,333
2025-11-30 00:00:00,34.672,0.0,67.77,0.06777,34.672,0,6,1,11,334
2025-11-30 01:00:00,21.66,0.0,85.11,0.08511,21.66,1,6,1,11,334
2025-11-30 02:00:00,24.299,0.0,87.86,0.08786,24.299,2,6,1,11,334
2025-11-30 03:00:00,24.552,0.0,77.41,0.07741,24.552,3,6,1,11,334
2025-11-30 04:00:00,32.7,0.0,92.91,0.09291,32.7,4,6,1,11,334
2025-11-30 05:00:00,21.946,0.0,95.89,0.09589,21.946,5,6,1,11,334
2025-11-30 06:00:00,37.337,0.0,107.0,0.107,37.337,6,6,1,11,334
2025-11-30 07:00:00,36.769,0.852,110.76,0.11076,35.917,7,6,1,11,334
2025-11-30 08:00:00,51.748,1.59,108.73,0.10873,50.158,8,6,1,11,334
2025-11-30 09:00:00,54.636,2.895,118.48,0.11848,51.741,9,6,1,11,334
2025-11-30 10:00:00,54.571,3.172,109.74,0.10974,51.399,10,6,1,11,334
2025-11-30 11:00:00,49.237,3.635,92.45,0.09245,45.602,11,6,1,11,334
2025-11-30 12:00:00,51.301,4.285,88.15,0.08815,47.016,12,6,1,11,334
2025-11-30 13:00:00,44.715,4.104,73.64,0.07364,40.611,13,6,1,11,334
2025-11-30 14:00:00,50.997,4.07,64.73,0.06473,46.927,14,6,1,11,334
2025-11-30 15:00:00,48.139,2.419,83.19,0.08319,45.72,15,6,1,11,334
2025-11-30 16:00:00,50.084,1.932,70.89,0.07089,48.152,16,6,1,11,334
2025-11-30 17:00:00,45.287,1.123,95.6,0.0956,44.164,17,6,1,11,334
2025-11-30 18:00:00,51.976,0.674,88.94,0.08894,51.302,18,6,1,11,334
2025-11-30 19:00:00,27.277,0.0,125.54,0.12554,27.277,19,6,1,11,334
2025-11-30 20:00:00,33.181,0.0,123.29,0.12329,33.181,20,6,1,11,334
2025-11-30 21:00:00,28.781,0.0,132.31,0.13231,28.781,21,6,1,11,334
2025-11-30 22:00:00,29.987,0.0,114.11,0.11411,29.987,22,6,1,11,334
2025-11-30 23:00:00,29.865,0.0,104.4,0.1044,29.865,23,6,1,11,334
2025-12-01 00:00:00,31.9,0.0,101.23,0.10123,31.9,0,0,0,12,335
2025-12-01 01:00:00,33.696,0.0,94.61,0.09461,33.696,1,0,0,12,335
2025-12-01 02:00:00,35.01,0.0,95.14,0.09514,35.01,2,0,0,12,335
2025-12-01 03:00:00,27.546,0.0,95.43,0.09543,27.546,3,0,0,12,335
2025-12-01 04:00:00,34.816,0.0,100.66,0.10066,34.816,4,0,0,12,335
2025-12-01 05:00:00,25.329,0.0,98.18,0.09818,25.329,5,0,0,12,335
2025-12-01 06:00:00,46.829,0.0,111.45,0.11145,46.829,6,0,0,12,335
2025-12-01 07:00:00,42.863,1.025,93.34,0.09334,41.838,7,0,0,12,335
2025-12-01 08:00:00,63.098,0.931,99.35,0.09935,62.167,8,0,0,12,335
2025-12-01 09:00:00,68.042,2.667,133.54,0.13354,65.375,9,0,0,12,335
2025-12-01 10:00:00,69.099,2.834,106.31,0.10631,66.265,10,0,0,12,335
2025-12-01 11:00:00,69.004,3.513,92.9,0.0929,65.491,11,0,0,12,335
2025-12-01 12:00:00,66.763,3.249,94.06,0.09406,63.514,12,0,0,12,335
2025-12-01 13:00:00,66.498,4.109,95.02,0.09502,62.389,13,0,0,12,335
2025-12-01 14:00:00,67.761,3.933,90.75,0.09075,63.828,14,0,0,12,335
2025-12-01 15:00:00,67.047,3.482,78.78,0.07878,63.565,15,0,0,12,335
2025-12-01 16:00:00,67.808,1.805,88.1,0.0881,66.003,16,0,0,12,335
2025-12-01 17:00:00,66.728,1.594,101.49,0.10149,65.134,17,0,0,12,335
2025-12-01 18:00:00,68.772,0.625,122.38,0.12238,68.147,18,0,0,12,335
2025-12-01 19:00:00,34.427,0.0,132.64,0.13264,34.427,19,0,0,12,335
2025-12-01 20:00:00,39.214,0.0,128.74,0.12874,39.214,20,0,0,12,335
2025-12-01 21:00:00,35.206,0.0,128.89,0.12889,35.206,21,0,0,12,335
2025-12-01 22:00:00,40.519,0.0,121.03,0.12103,40.519,22,0,0,12,335
2025-12-01 23:00:00,35.273,0.0,127.85,0.12785,35.273,23,0,0,12,335
2025-12-02 00:00:00,28.506,0.0,99.28,0.09928,28.506,0,1,0,12,336
2025-12-02 01:00:00,30.43,0.0,134.16,0.13416,30.43,1,1,0,12,336
2025-12-02 02:00:00,32.444,0.0,98.46,0.09846,32.444,2,1,0,12,336
2025-12-02 03:00:00,23.406,0.0,84.61,0.08461,23.406,3,1,0,12,336
2025-12-02 04:00:00,28.352,0.0,105.77,0.10577,28.352,4,1,0,12,336
2025-12-02 05:00:00,31.189,0.0,114.57,0.11457,31.189,5,1,0,12,336
2025-12-02 06:00:00,35.18,0.0,112.05,0.11205,35.18,6,1,0,12,336
2025-12-02 07:00:00,41.324,0.621,113.35,0.11335,40.703,7,1,0,12,336
2025-12-02 08:00:00,69.614,1.262,110.9,0.1109,68.352,8,1,0,12,336
2025-12-02 09:00:00,69.301,2.875,112.15,0.11215,66.426,9,1,0,12,336
2025-12-02 10:00:00,67.289,3.478,87.72,0.08772,63.811,10,1,0,12,336
2025-12-02 11:00:00,68.914,3.832,111.99,0.11199,65.082,11,1,0,12,336
2025-12-02 12:00:00,66.78,3.687,90.87,0.09087,63.093,12,1,0,12,336
2025-12-02 13:00:00,67.869,3.521,99.16,0.09916,64.348,13,1,0,12,336
2025-12-02 14:00:00,65.081,3.857,79.36,0.07936,61.224,14,1,0,12,336
2025-12-02 15:00:00,66.462,3.539,86.07,0.08607,62.923,15,1,0,12,336
2025-12-02 16:00:00,64.068,2.505,106.07,0.10607,61.563,16,1,0,12,336
2025-12-02 17:00:00,70.135,1.605,118.53,0.11853,68.53,17,1,0,12,336
2025-12-02 18:00:00,70.96,0.767,128.03,0.12803,70.193,18,1,0,12,336
2025-12-02 19:00:00,44.057,0.0,113.82,0.11382,44.057,19,1,0,12,336
2025-12-02 20:00:00,38.335,0.0,125.49,0.12549,38.335,20,1,0,12,336
2025-12-02 21:00:00,36.589,0.0,141.35,0.14135,36.589,21,1,0,12,336
2025-12-02 22:00:00,43.727,0.0,117.05,0.11705,43.727,22,1,0,12,336
2025-12-02 23:00:00,31.763,0.0,114.11,0.11411,31.763,23,1,0,12,336
2025-12-03 00:00:00,31.078,0.0,103.48,0.10348,31.078,0,2,0,12,337
2025-12-03 01:00:00,27.999,0.0,103.98,0.10398,27.999,1,2,0,12,337
2025-12-03 02:00:00,31.389,0.0,151.01,0.15101,31.389,2,2,0,12,337
2025-12-03 03:00:00,26.554,0.0,112.02,0.11202,26.554,3,2,0,12,337
2025-12-03 04:00:00,32.056,0.0,97.36,0.09736,32.056,4,2,0,12,337
2025-12-03 05:00:00,34.439,0.0,110.35,0.11035,34.439,5,2,0,12,337
2025-12-03 06:00:00,49.678,0.0,105.57,0.10557,49.678,6,2,0,12,337
2025-12-03 07:00:00,46.726,0.903,130.94,0.13094,45.823,7,2,0,12,337
2025-12-03 08:00:00,61.685,1.57,129.53,0.12953,60.115,8,2,0,12,337
2025-12-03 09:00:00,66.739,2.687,136.66,0.13666,64.052,9,2,0,12,337
2025-12-03 10:00:00,72.954,2.386,127.87,0.12787,70.568,10,2,0,12,337
2025-12-03 11:00:00,63.328,3.737,102.4,0.1024,59.591,11,2,0,12,337
2025-12-03 12:00:00,65.918,3.388,89.67,0.08967,62.53,12,2,0,12,337
2025-12-03 13:00:00,70.63,2.784,76.69,0.07669,67.846,13,2,0,12,337
2025-12-03 14:00:00,68.082,2.951,87.7,0.0877,65.131,14,2,0,12,337
2025-12-03 15:00:00,74.044,3.489,87.2,0.0872,70.555,15,2,0,12,337
2025-12-03 16:00:00,63.762,1.311,93.5,0.0935,62.451,16,2,0,12,337
2025-12-03 17:00:00,62.94,0.617,97.23,0.09723,62.323,17,2,0,12,337
2025-12-03 18:00:00,70.024,0.646,123.57,0.12357,69.378,18,2,0,12,337
2025-12-03 19:00:00,35.821,0.0,129.06,0.12906,35.821,19,2,0,12,337
2025-12-03 20:00:00,39.019,0.0,133.79,0.13379,39.019,20,2,0,12,337
2025-12-03 21:00:00,39.438,0.0,136.32,0.13632,39.438,21,2,0,12,337
2025-12-03 22:00:00,42.963,0.0,123.6,0.1236,42.963,22,2,0,12,337
2025-12-03 23:00:00,31.992,0.0,99.46,0.09946,31.992,23,2,0,12,337
2025-12-04 00:00:00,31.493,0.0,93.87,0.09387,31.493,0,3,0,12,338
2025-12-04 01:00:00,28.743,0.0,107.09,0.10709,28.743,1,3,0,12,338
2025-12-04 02:00:00,33.919,0.0,101.37,0.10137,33.919,2,3,0,12,338
2025-12-04 03:00:00,42.913,0.0,82.71,0.08271,42.913,3,3,0,12,338
2025-12-04 04:00:00,32.243,0.0,109.94,0.10994,32.243,4,3,0,12,338
2025-12-04 05:00:00,30.35,0.0,104.3,0.1043,30.35,5,3,0,12,338
2025-12-04 06:00:00,40.314,0.0,97.37,0.09737,40.314,6,3,0,12,338
2025-12-04 07:00:00,42.427,1.023,105.38,0.10538,41.404,7,3,0,12,338
2025-12-04 08:00:00,65.439,1.891,117.04,0.11704,63.548,8,3,0,12,338
2025-12-04 09:00:00,64.412,1.842,93.6,0.0936,62.57,9,3,0,12,338
2025-12-04 10:00:00,66.071,3.552,115.89,0.11589,62.519,10,3,0,12,338
2025-12-04 11:00:00,71.812,2.883,113.96,0.11396,68.929,11,3,0,12,338
2025-12-04 12:00:00,70.113,3.49,104.26,0.10426,66.623,12,3,0,12,338
2025-12-04 13:00:00,65.614,3.426,99.93,0.09993,62.188,13,3,0,12,338
2025-12-04 14:00:00,62.256,3.93,77.58,0.07758,58.326,14,3,0,12,338
2025-12-04 15:00:00,70.402,2.336,97.64,0.09764,68.066,15,3,0,12,338
2025-12-04 16:00:00,65.965,2.862,96.99,0.09699,63.103,16,3,0,12,338
2025-12-04 17:00:00,60.598,0.844,97.51,0.09751,59.754,17,3,0,12,338
2025-12-04 18:00:00,68.402,0.893,124.98,0.12498,67.509,18,3,0,12,338
2025-12-04 19:00:00,42.937,0.0,137.59,0.13759,42.937,19,3,0,12,338
2025-12-04 20:00:00,31.892,0.0,154.36,0.15436,31.892,20,3,0,12,338
2025-12-04 21:00:00,37.017,0.0,147.0,0.147,37.017,21,3,0,12,338
2025-12-04 22:00:00,39.302,0.0,117.82,0.11782,39.302,22,3,0,12,338
2025-12-04 23:00:00,32.381,0.0,117.47,0.11747,32.381,23,3,0,12,338
2025-12-05 00:00:00,28.384,0.0,105.39,0.10539,28.384,0,4,0,12,339
2025-12-05 01:00:00,27.372,0.0,104.62,0.10462,27.372,1,4,0,12,339
2025-12-05 02:00:00,32.361,0.0,99.14,0.09914,32.361,2,4,0,12,339
2025-12-05 03:00:00,28.536,0.0,120.02,0.12002,28.536,3,4,0,12,339
2025-12-05 04:00:00,31.769,0.0,97.06,0.09706,31.769,4,4,0,12,339
2025-12-05 05:00:00,26.478,0.0,121.8,0.1218,26.478,5,4,0,12,339
2025-12-05 06:00:00,40.148,0.0,179.95,0.17995,40.148,6,4,0,12,339
2025-12-05 07:00:00,46.892,1.016,108.6,0.1086,45.876,7,4,0,12,339
2025-12-05 08:00:00,66.946,2.001,123.37,0.12337,64.945,8,4,0,12,339
2025-12-05 09:00:00,69.089,2.829,105.5,0.1055,66.26,9,4,0,12,339
2025-12-05 10:00:00,64.433,2.565,104.68,0.10468,61.868,10,4,0,12,339
2025-12-05 11:00:00,63.593,3.397,109.78,0.10978,60.196,11,4,0,12,339
2025-12-05 12:00:00,70.492,3.408,78.41,0.07841,67.084,12,4,0,12,339
2025-12-05 13:00:00,61.264,3.792,99.78,0.09978,57.472,13,4,0,12,339
2025-12-05 14:00:00,70.142,2.767,100.5,0.1005,67.375,14,4,0,12,339
2025-12-05 15:00:00,70.363,3.544,102.85,0.10285,66.819,15,4,0,12,339
2025-12-05 16:00:00,68.89,2.855,97.86,0.09786,66.035,16,4,0,12,339
2025-12-05 17:00:00,63.937,1.919,101.92,0.10192,62.018,17,4,0,12,339
2025-12-05 18:00:00,63.525,0.845,117.02,0.11702,62.68,18,4,0,12,339
2025-12-05 19:00:00,38.99,0.0,136.44,0.13644,38.99,19,4,0,12,339
2025-12-05 20:00:00,35.518,0.0,140.59,0.14059,35.518,20,4,0,12,339
2025-12-05 21:00:00,36.584,0.0,131.56,0.13156,36.584,21,4,0,12,339
2025-12-05 22:00:00,41.725,0.0,140.9,0.1409,41.725,22,4,0,12,339
2025-12-05 23:00:00,32.112,0.0,111.94,0.11194,32.112,23,4,0,12,339
2025-12-06 00:00:00,22.827,0.0,109.8,0.1098,22.827,0,5,1,12,340
2025-12-06 01:00:00,28.349,0.0,96.44,0.09644,28.349,1,5,1,12,340
2025-12-06 02:00:00,27.64,0.0,95.9,0.0959,27.64,2,5,1,12,340
2025-12-06 03:00:00,31.018,0.0,187.57,0.18757,31.018,3,5,1,12,340
2025-12-06 04:00:00,28.007,0.0,101.68,0.10168,28.007,4,5,1,12,340
2025-12-06 05:00:00,29.573,0.0,97.02,0.09702,29.573,5,5,1,12,340
2025-12-06 06:00:00,37.536,0.0,107.31,0.10731,37.536,6,5,1,12,340
2025-12-06 07:00:00,39.145,0.755,112.62,0.11262,38.39,7,5,1,12,340
2025-12-06 08:00:00,46.625,1.682,125.59,0.12559,44.943,8,5,1,12,340
2025-12-06 09:00:00,50.354,2.748,110.08,0.11008,47.606,9,5,1,12,340
2025-12-06 10:00:00,50.619,2.836,97.55,0.09755,47.783,10,5,1,12,340
2025-12-06 11:00:00,49.964,4.017,90.99,0.09099,45.947,11,5,1,12,340
2025-12-06 12:00:00,52.164,4.265,112.71,0.11271,47.899,12,5,1,12,340
2025-12-06 13:00:00,52.774,4.242,63.27,0.06327,48.532,13,5,1,12,340
2025-12-06 14:00:00,51.999,1.236,67.15,0.06715,50.763,14,5,1,12,340
2025-12-06 15:00:00,50.177,3.524,81.23,0.08123,46.653,15,5,1,12,340
2025-12-06 16:00:00,48.389,2.376,81.79,0.08179,46.013,16,5,1,12,340
2025-12-06 17:00:00,54.255,1.926,107.73,0.10773,52.329,17,5,1,12,340
2025-12-06 18:00:00,51.863,0.63,121.3,0.1213,51.233,18,5,1,12,340
2025-12-06 19:00:00,29.475,0.0,121.55,0.12155,29.475,19,5,1,12,340
2025-12-06 20:00:00,32.115,0.0,147.67,0.14767,32.115,20,5,1,12,340
2025-12-06 21:00:00,27.156,0.0,117.67,0.11767,27.156,21,5,1,12,340
2025-12-06 22:00:00,32.848,0.0,111.03,0.11103,32.848,22,5,1,12,340
2025-12-06 23:00:00,25.551,0.0,123.47,0.12347,25.551,23,5,1,12,340
2025-12-07 00:00:00,24.35,0.0,82.7,0.0827,24.35,0,6,1,12,341
2025-12-07 01:00:00,31.259,0.0,99.24,0.09924,31.259,1,6,1,12,341
2025-12-07 02:00:00,22.489,0.0,111.54,0.11154,22.489,2,6,1,12,341
2025-12-07 03:00:00,28.449,0.0,70.15,0.07015,28.449,3,6,1,12,341
2025-12-07 04:00:00,33.186,0.0,93.58,0.09358,33.186,4,6,1,12,341
2025-12-07 05:00:00,29.636,0.0,108.28,0.10828,29.636,5,6,1,12,341
2025-12-07 06:00:00,35.913,0.0,99.3,0.0993,35.913,6,6,1,12,341
2025-12-07 07:00:00,32.385,0.802,106.67,0.10667,31.583,7,6,1,12,341
2025-12-07 08:00:00,46.395,1.761,111.27,0.11127,44.634,8,6,1,12,341
2025-12-07 09:00:00,49.436,2.505,112.82,0.11282,46.931,9,6,1,12,341
2025-12-07 10:00:00,48.555,3.528,97.64,0.09764,45.027,10,6,1,12,341
2025-12-07 11:00:00,48.451,3.546,105.76,0.10576,44.905,11,6,1,12,341
2025-12-07 12:00:00,49.709,2.831,91.91,0.09191,46.878,12,6,1,12,341
2025-12-07 13:00:00,50.426,2.787,70.94,0.07094,47.639,13,6,1,12,341
2025-12-07 14:00:00,52.306,2.06,74.73,0.07473,50.246,14,6,1,12,341
2025-12-07 15:00:00,46.792,3.307,67.18,0.06718,43.485,15,6,1,12,341
2025-12-07 16:00:00,48.57,2.452,90.42,0.09042,46.118,16,6,1,12,341
2025-12-07 17:00:00,50.242,1.445,104.78,0.10478,48.797,17,6,1,12,341
2025-12-07 18:00:00,50.128,0.851,116.44,0.11644,49.277,18,6,1,12,341
2025-12-07 19:00:00,38.616,0.0,132.73,0.13273,38.616,19,6,1,12,341
2025-12-07 20:00:00,33.482,0.0,134.3,0.1343,33.482,20,6,1,12,341
2025-12-07 21:00:00,27.575,0.0,136.65,0.13665,27.575,21,6,1,12,341
2025-12-07 22:00:00,34.077,0.0,117.45,0.11745,34.077,22,6,1,12,341
2025-12-07 23:00:00,27.934,0.0,115.09,0.11509,27.934,23,6,1,12,341
2025-12-08 00:00:00,29.645,0.0,90.22,0.09022,29.645,0,0,0,12,342
2025-12-08 01:00:00,26.162,0.0,89.13,0.08913,26.162,1,0,0,12,342
2025-12-08 02:00:00,35.671,0.0,104.05,0.10405,35.671,2,0,0,12,342
2025-12-08 03:00:00,26.622,0.0,110.31,0.11031,26.622,3,0,0,12,342
2025-12-08 04:00:00,32.16,0.0,101.52,0.10152,32.16,4,0,0,12,342
2025-12-08 05:00:00,30.685,0.0,112.51,0.11251,30.685,5,0,0,12,342
2025-12-08 06:00:00,46.422,0.0,112.42,0.11242,46.422,6,0,0,12,342
2025-12-08 07:00:00,49.961,0.915,92.92,0.09292,49.046,7,0,0,12,342
2025-12-08 08:00:00,67.978,1.676,139.95,0.13995,66.302,8,0,0,12,342
2025-12-08 09:00:00,64.393,2.208,104.44,0.10444,62.185,9,0,0,12,342
2025-12-08 10:00:00,69.72,2.534,103.57,0.10357,67.186,10,0,0,12,342
2025-12-08 11:00:00,64.161,2.201,116.92,0.11692,61.96,11,0,0,12,342
2025-12-08 12:00:00,66.704,2.916,96.88,0.09688,63.788,12,0,0,12,342
2025-12-08 13:00:00,62.043,3.585,82.05,0.08205,58.458,13,0,0,12,342
2025-12-08 14:00:00,62.874,3.375,82.02,0.08202,59.499,14,0,0,12,342
2025-12-08 15:00:00,66.345,3.478,79.83,0.07983,62.867,15,0,0,12,342
2025-12-08 16:00:00,67.359,2.837,87.6,0.0876,64.522,16,0,0,12,342
2025-12-08 17:00:00,60.733,1.692,115.09,0.11509,59.041,17,0,0,12,342
2025-12-08 18:00:00,67.772,0.638,116.66,0.11666,67.134,18,0,0,12,342
2025-12-08 19:00:00,37.059,0.0,123.88,0.12388,37.059,19,0,0,12,342
2025-12-08 20:00:00,43.776,0.0,132.69,0.13269,43.776,20,0,0,12,342
2025-12-08 21:00:00,38.555,0.0,134.81,0.13481,38.555,21,0,0,12,342
2025-12-08 22:00:00,36.086,0.0,118.57,0.11857,36.086,22,0,0,12,342
2025-12-08 23:00:00,30.288,0.0,112.32,0.11232,30.288,23,0,0,12,342
2025-12-09 00:00:00,27.117,0.0,106.89,0.10689,27.117,0,1,0,12,343
2025-12-09 01:00:00,34.109,0.0,98.62,0.09862,34.109,1,1,0,12,343
2025-12-09 02:00:00,30.05,0.0,94.91,0.09491,30.05,2,1,0,12,343
2025-12-09 03:00:00,29.563,0.0,96.82,0.09682,29.563,3,1,0,12,343
2025-12-09 04:00:00,31.942,0.0,118.53,0.11853,31.942,4,1,0,12,343
2025-12-09 05:00:00,26.833,0.0,128.2,0.1282,26.833,5,1,0,12,343
2025-12-09 06:00:00,40.382,0.0,110.11,0.11011,40.382,6,1,0,12,343
2025-12-09 07:00:00,45.814,1.022,120.98,0.12098,44.792,7,1,0,12,343
2025-12-09 08:00:00,62.675,1.375,107.64,0.10764,61.3,8,1,0,12,343
2025-12-09 09:00:00,62.674,2.722,111.45,0.11145,59.952,9,1,0,12,343
2025-12-09 10:00:00,68.872,3.207,117.84,0.11784,65.665,10,1,0,12,343
2025-12-09 11:00:00,67.875,3.043,82.11,0.08211,64.832,11,1,0,12,343
2025-12-09 12:00:00,62.182,3.653,104.74,0.10474,58.529,12,1,0,12,343
2025-12-09 13:00:00,64.213,3.977,84.4,0.0844,60.236,13,1,0,12,343
2025-12-09 14:00:00,63.302,3.218,76.26,0.07626,60.084,14,1,0,12,343
2025-12-09 15:00:00,71.879,2.922,92.84,0.09284,68.957,15,1,0,12,343
2025-12-09 16:00:00,69.094,1.886,110.35,0.11035,67.208,16,1,0,12,343
2025-12-09 17:00:00,64.848,1.985,104.39,0.10439,62.863,17,1,0,12,343
2025-12-09 18:00:00,68.038,0.857,124.89,0.12489,67.181,18,1,0,12,343
2025-12-09 19:00:00,35.348,0.0,139.42,0.13942,35.348,19,1,0,12,343
2025-12-09 20:00:00,37.535,0.0,143.01,0.14301,37.535,20,1,0,12,343
2025-12-09 21:00:00,40.023,0.0,126.71,0.12671,40.023,21,1,0,12,343
2025-12-09 22:00:00,41.135,0.0,128.62,0.12862,41.135,22,1,0,12,343
2025-12-09 23:00:00,29.737,0.0,117.57,0.11757,29.737,23,1,0,12,343
2025-12-10 00:00:00,30.846,0.0,76.43,0.07643,30.846,0,2,0,12,344
2025-12-10 01:00:00,30.303,0.0,112.32,0.11232,30.303,1,2,0,12,344
2025-12-10 02:00:00,29.528,0.0,88.79,0.08879,29.528,2,2,0,12,344
2025-12-10 03:00:00,29.104,0.0,105.39,0.10539,29.104,3,2,0,12,344
2025-12-10 04:00:00,28.688,0.0,120.1,0.1201,28.688,4,2,0,12,344
2025-12-10 05:00:00,30.794,0.0,104.33,0.10433,30.794,5,2,0,12,344
2025-12-10 06:00:00,45.829,0.0,99.5,0.0995,45.829,6,2,0,12,344
2025-12-10 07:00:00,45.149,1.02,119.64,0.11964,44.129,7,2,0,12,344
2025-12-10 08:00:00,62.436,1.981,131.38,0.13138,60.455,8,2,0,12,344
2025-12-10 09:00:00,63.011,1.587,106.58,0.10658,61.424,9,2,0,12,344
2025-12-10 10:00:00,67.484,3.483,90.07,0.09007,64.001,10,2,0,12,344
2025-12-10 11:00:00,70.917,2.318,117.89,0.11789,68.599,11,2,0,12,344
2025-12-10 12:00:00,66.695,2.861,105.87,0.10587,63.834,12,2,0,12,344
2025-12-10 13:00:00,64.89,4.172,94.21,0.09421,60.718,13,2,0,12,344
2025-12-10 14:00:00,66.926,3.394,69.35,0.06935,63.532,14,2,0,12,344
2025-12-10 15:00:00,62.57,3.195,95.25,0.09525,59.375,15,2,0,12,344
2025-12-10 16:00:00,70.396,1.328,106.58,0.10658,69.068,16,2,0,12,344
2025-12-10 17:00:00,66.805,1.563,129.4,0.1294,65.242,17,2,0,12,344
2025-12-10 18:00:00,64.065,0.885,119.47,0.11947,63.18,18,2,0,12,344
2025-12-10 19:00:00,39.16,0.0,136.79,0.13679,39.16,19,2,0,12,344
2025-12-10 20:00:00,38.007,0.0,119.4,0.1194,38.007,20,2,0,12,344
2025-12-10 21:00:00,43.891,0.0,146.68,0.14668,43.891,21,2,0,12,344
2025-12-10 22:00:00,39.046,0.0,136.14,0.13614,39.046,22,2,0,12,344
2025-12-10 23:00:00,30.549,0.0,120.08,0.12008,30.549,23,2,0,12,344
2025-12-11 00:00:00,31.891,0.0,115.91,0.11591,31.891,0,3,0,12,345
2025-12-11 01:00:00,27.685,0.0,96.24,0.09624,27.685,1,3,0,12,345
2025-12-11 02:00:00,30.675,0.0,101.95,0.10195,30.675,2,3,0,12,345
2025-12-11 03:00:00,30.933,0.0,102.63,0.10263,30.933,3,3,0,12,345
2025-12-11 04:00:00,25.082,0.0,116.23,0.11623,25.082,4,3,0,12,345
2025-12-11 05:00:00,30.864,0.0,118.3,0.1183,30.864,5,3,0,12,345
2025-12-11 06:00:00,44.375,0.0,113.46,0.11346,44.375,6,3,0,12,345
2025-12-11 07:00:00,44.937,0.774,117.01,0.11701,44.163,7,3,0,12,345
2025-12-11 08:00:00,66.335,1.848,123.18,0.12318,64.487,8,3,0,12,345
2025-12-11 09:00:00,67.05,2.03,114.61,0.11461,65.02,9,3,0,12,345
2025-12-11 10:00:00,70.5,3.503,127.59,0.12759,66.997,10,3,0,12,345
2025-12-11 11:00:00,62.446,2.923,101.86,0.10186,59.523,11,3,0,12,345
2025-12-11 12:00:00,65.126,3.114,101.94,0.10194,62.012,12,3,0,12,345
2025-12-11 13:00:00,68.354,3.967,84.71,0.08471,64.387,13,3,0,12,345
2025-12-11 14:00:00,67.76,3.825,97.13,0.09713,63.935,14,3,0,12,345
2025-12-11 15:00:00,67.691,3.072,88.59,0.08859,64.619,15,3,0,12,345
2025-12-11 16:00:00,75.032,2.659,117.22,0.11722,72.373,16,3,0,12,345
2025-12-11 17:00:00,68.186,1.707,106.89,0.10689,66.479,17,3,0,12,345
2025-12-11 18:00:00,69.84,0.745,131.97,0.13197,69.095,18,3,0,12,345
2025-12-11 19:00:00,38.717,0.0,129.21,0.12921,38.717,19,3,0,12,345
2025-12-11 20:00:00,36.522,0.0,138.17,0.13817,36.522,20,3,0,12,345
2025-12-11 21:00:00,38.693,0.0,136.89,0.13689,38.693,21,3,0,12,345
2025-12-11 22:00:00,41.978,0.0,130.53,0.13053,41.978,22,3,0,12,345
2025-12-11 23:00:00,31.357,0.0,108.89,0.10889,31.357,23,3,0,12,345
2025-12-12 00:00:00,31.349,0.0,98.64,0.09864,31.349,0,4,0,12,346
2025-12-12 01:00:00,29.372,0.0,105.25,0.10525,29.372,1,4,0,12,346
2025-12-12 02:00:00,28.862,0.0,108.43,0.10843,28.862,2,4,0,12,346
2025-12-12 03:00:00,29.483,0.0,104.37,0.10437,29.483,3,4,0,12,346
2025-12-12 04:00:00,32.377,0.0,103.75,0.10375,32.377,4,4,0,12,346
2025-12-12 05:00:00,32.749,0.0,94.11,0.09411,32.749,5,4,0,12,346
2025-12-12 06:00:00,41.308,0.0,115.59,0.11559,41.308,6,4,0,12,346
2025-12-12 07:00:00,46.968,1.017,123.1,0.1231,45.951,7,4,0,12,346
2025-12-12 08:00:00,64.151,1.26,127.59,0.12759,62.891,8,4,0,12,346
2025-12-12 09:00:00,67.734,2.518,119.79,0.11979,65.216,9,4,0,12,346
2025-12-12 10:00:00,65.619,2.568,108.25,0.10825,63.051,10,4,0,12,346
2025-12-12 11:00:00,71.244,2.524,103.47,0.10347,68.72,11,4,0,12,346
2025-12-12 12:00:00,64.895,2.747,99.49,0.09949,62.148,12,4,0,12,346
2025-12-12 13:00:00,66.805,4.22,90.8,0.0908,62.585,13,4,0,12,346
2025-12-12 14:00:00,68.174,3.013,79.52,0.07952,65.161,14,4,0,12,346
2025-12-12 15:00:00,63.437,3.499,73.07,0.07307,59.938,15,4,0,12,346
2025-12-12 16:00:00,66.0,2.464,91.31,0.09131,63.536,16,4,0,12,346
2025-12-12 17:00:00,65.38,1.626,105.69,0.10569,63.754,17,4,0,12,346
2025-12-12 18:00:00,64.589,1.017,126.0,0.126,63.572,18,4,0,12,346
2025-12-12 19:00:00,38.298,0.0,131.72,0.13172,38.298,19,4,0,12,346
2025-12-12 20:00:00,43.263,0.0,139.03,0.13903,43.263,20,4,0,12,346
2025-12-12 21:00:00,37.79,0.0,138.74,0.13874,37.79,21,4,0,12,346
2025-12-12 22:00:00,41.517,0.0,142.99,0.14299,41.517,22,4,0,12,346
2025-12-12 23:00:00,31.065,0.0,115.0,0.115,31.065,23,4,0,12,346
2025-12-13 00:00:00,21.731,0.0,82.16,0.08216,21.731,0,5,1,12,347
2025-12-13 01:00:00,27.863,0.0,90.82,0.09082,27.863,1,5,1,12,347
2025-12-13 02:00:00,21.678,0.0,115.82,0.11582,21.678,2,5,1,12,347
2025-12-13 03:00:00,28.212,0.0,112.37,0.11237,28.212,3,5,1,12,347
2025-12-13 04:00:00,24.579,0.0,264.95,0.26495,24.579,4,5,1,12,347
2025-12-13 05:00:00,26.228,0.0,107.71,0.10771,26.228,5,5,1,12,347
2025-12-13 06:00:00,31.902,0.0,111.02,0.11102,31.902,6,5,1,12,347
2025-12-13 07:00:00,36.435,0.798,105.58,0.10558,35.637,7,5,1,12,347
2025-12-13 08:00:00,53.773,1.823,119.95,0.11995,51.95,8,5,1,12,347
2025-12-13 09:00:00,48.225,2.332,120.65,0.12065,45.893,9,5,1,12,347
2025-12-13 10:00:00,48.864,2.759,116.03,0.11603,46.105,10,5,1,12,347
2025-12-13 11:00:00,52.262,2.003,94.0,0.094,50.259,11,5,1,12,347
2025-12-13 12:00:00,52.342,2.489,88.0,0.088,49.853,12,5,1,12,347
2025-12-13 13:00:00,43.018,3.02,77.87,0.07787,39.998,13,5,1,12,347
2025-12-13 14:00:00,57.256,2.072,91.24,0.09124,55.184,14,5,1,12,347
2025-12-13 15:00:00,52.498,1.626,86.23,0.08623,50.872,15,5,1,12,347
2025-12-13 16:00:00,53.037,2.725,94.09,0.09409,50.312,16,5,1,12,347
2025-12-13 17:00:00,50.348,1.973,107.51,0.10751,48.375,17,5,1,12,347
2025-12-13 18:00:00,44.87,0.789,102.09,0.10209,44.081,18,5,1,12,347
2025-12-13 19:00:00,34.922,0.0,137.94,0.13794,34.922,19,5,1,12,347
2025-12-13 20:00:00,30.954,0.0,129.44,0.12944,30.954,20,5,1,12,347
2025-12-13 21:00:00,34.504,0.0,126.42,0.12642,34.504,21,5,1,12,347
2025-12-13 22:00:00,32.063,0.0,112.26,0.11226,32.063,22,5,1,12,347
2025-12-13 23:00:00,26.963,0.0,110.76,0.11076,26.963,23,5,1,12,347
2025-12-14 00:00:00,23.724,0.0,97.27,0.09727,23.724,0,6,1,12,348
2025-12-14 01:00:00,28.97,0.0,84.05,0.08405,28.97,1,6,1,12,348
2025-12-14 02:00:00,22.401,0.0,80.15,0.08015,22.401,2,6,1,12,348
2025-12-14 03:00:00,33.39,0.0,96.3,0.0963,33.39,3,6,1,12,348
2025-12-14 04:00:00,33.365,0.0,107.28,0.10728,33.365,4,6,1,12,348
2025-12-14 05:00:00,31.428,0.0,108.16,0.10816,31.428,5,6,1,12,348
2025-12-14 06:00:00,40.13,0.0,114.19,0.11419,40.13,6,6,1,12,348
2025-12-14 07:00:00,35.778,0.616,106.29,0.10629,35.162,7,6,1,12,348
2025-12-14 08:00:00,54.548,1.666,108.04,0.10804,52.882,8,6,1,12,348
2025-12-14 09:00:00,50.507,2.736,110.77,0.11077,47.771,9,6,1,12,348
2025-12-14 10:00:00,45.844,3.491,115.92,0.11592,42.353,10,6,1,12,348
2025-12-14 11:00:00,55.625,3.51,116.41,0.11641,52.115,11,6,1,12,348
2025-12-14 12:00:00,54.427,2.786,86.94,0.08694,51.641,12,6,1,12,348
2025-12-14 13:00:00,50.715,4.211,81.92,0.08192,46.504,13,6,1,12,348
2025-12-14 14:00:00,46.894,3.719,81.88,0.08188,43.175,14,6,1,12,348
2025-12-14 15:00:00,48.939,3.101,80.84,0.08084,45.838,15,6,1,12,348
2025-12-14 16:00:00,44.987,2.245,84.65,0.08465,42.742,16,6,1,12,348
2025-12-14 17:00:00,53.839,1.971,100.8,0.1008,51.868,17,6,1,12,348
2025-12-14 18:00:00,45.684,0.671,108.59,0.10859,45.013,18,6,1,12,348
2025-12-14 19:00:00,33.685,0.0,211.26,0.21126,33.685,19,6,1,12,348
2025-12-14 20:00:00,30.067,0.0,149.89,0.14989,30.067,20,6,1,12,348
2025-12-14 21:00:00,28.201,0.0,128.38,0.12838,28.201,21,6,1,12,348
2025-12-14 22:00:00,33.529,0.0,137.55,0.13755,33.529,22,6,1,12,348
2025-12-14 23:00:00,25.136,0.0,109.18,0.10918,25.136,23,6,1,12,348
2025-12-15 00:00:00,32.749,0.0,98.26,0.09826,32.749,0,0,0,12,349
2025-12-15 01:00:00,26.011,0.0,112.11,0.11211,26.011,1,0,0,12,349
2025-12-15 02:00:00,27.644,0.0,96.09,0.09609,27.644,2,0,0,12,349
2025-12-15 03:00:00,22.427,0.0,111.85,0.11185,22.427,3,0,0,12,349
2025-12-15 04:00:00,23.077,0.0,108.97,0.10897,23.077,4,0,0,12,349
2025-12-15 05:00:00,35.821,0.0,210.17,0.21017,35.821,5,0,0,12,349
2025-12-15 06:00:00,51.215,0.0,106.38,0.10638,51.215,6,0,0,12,349
2025-12-15 07:00:00,44.845,0.923,106.83,0.10683,43.922,7,0,0,12,349
2025-12-15 08:00:00,63.633,1.179,129.18,0.12918,62.454,8,0,0,12,349
2025-12-15 09:00:00,65.314,2.81,116.94,0.11694,62.504,9,0,0,12,349
2025-12-15 10:00:00,69.064,3.449,118.28,0.11828,65.615,10,0,0,12,349
2025-12-15 11:00:00,64.623,2.152,107.46,0.10746,62.471,11,0,0,12,349
2025-12-15 12:00:00,67.029,4.119,96.71,0.09671,62.91,12,0,0,12,349
2025-12-15 13:00:00,66.228,2.813,95.13,0.09513,63.415,13,0,0,12,349
2025-12-15 14:00:00,64.449,2.879,93.98,0.09398,61.57,14,0,0,12,349
2025-12-15 15:00:00,64.585,2.954,92.17,0.09217,61.631,15,0,0,12,349
2025-12-15 16:00:00,67.207,2.372,95.86,0.09586,64.835,16,0,0,12,349
2025-12-15 17:00:00,63.143,1.482,98.48,0.09848,61.661,17,0,0,12,349
2025-12-15 18:00:00,67.714,1.014,117.75,0.11775,66.7,18,0,0,12,349
2025-12-15 19:00:00,38.212,0.0,133.65,0.13365,38.212,19,0,0,12,349
2025-12-15 20:00:00,40.129,0.0,142.6,0.1426,40.129,20,0,0,12,349
2025-12-15 21:00:00,44.15,0.0,121.11,0.12111,44.15,21,0,0,12,349
2025-12-15 22:00:00,39.183,0.0,134.4,0.1344,39.183,22,0,0,12,349
2025-12-15 23:00:00,33.011,0.0,120.76,0.12076,33.011,23,0,0,12,349
2025-12-16 00:00:00,24.335,0.0,99.69,0.09969,24.335,0,1,0,12,350
2025-12-16 01:00:00,28.565,0.0,96.37,0.09637,28.565,1,1,0,12,350
2025-12-16 02:00:00,30.159,0.0,98.74,0.09874,30.159,2,1,0,12,350
2025-12-16 03:00:00,36.225,0.0,92.66,0.09266,36.225,3,1,0,12,350
2025-12-16 04:00:00,23.798,0.0,103.32,0.10332,23.798,4,1,0,12,350
2025-12-16 05:00:00,29.762,0.0,106.76,0.10676,29.762,5,1,0,12,350
2025-12-16 06:00:00,49.215,0.0,120.94,0.12094,49.215,6,1,0,12,350
2025-12-16 07:00:00,42.042,0.639,120.58,0.12058,41.403,7,1,0,12,350
2025-12-16 08:00:00,65.599,1.726,131.62,0.13162,63.873,8,1,0,12,350
2025-12-16 09:00:00,67.341,2.582,120.58,0.12058,64.759,9,1,0,12,350
2025-12-16 10:00:00,66.87,3.04,172.2,0.1722,63.83,10,1,0,12,350
2025-12-16 11:00:00,71.29,3.243,125.26,0.12526,68.047,11,1,0,12,350
2025-12-16 12:00:00,67.715,3.869,208.53,0.20853,63.846,12,1,0,12,350
2025-12-16 13:00:00,70.529,2.004,76.7,0.0767,68.525,13,1,0,12,350
2025-12-16 14:00:00,65.128,3.782,91.34,0.09134,61.346,14,1,0,12,350
2025-12-16 15:00:00,63.91,2.464,75.17,0.07517,61.446,15,1,0,12,350
2025-12-16 16:00:00,65.558,2.282,97.19,0.09719,63.276,16,1,0,12,350
2025-12-16 17:00:00,62.571,1.045,104.87,0.10487,61.526,17,1,0,12,350
2025-12-16 18:00:00,67.827,0.943,129.31,0.12931,66.884,18,1,0,12,350
2025-12-16 19:00:00,38.491,0.0,146.53,0.14653,38.491,19,1,0,12,350
2025-12-16 20:00:00,37.576,0.0,139.47,0.13947,37.576,20,1,0,12,350
2025-12-16 21:00:00,41.322,0.0,134.83,0.13483,41.322,21,1,0,12,350
2025-12-16 22:00:00,36.066,0.0,136.07,0.13607,36.066,22,1,0,12,350
2025-12-16 23:00:00,32.536,0.0,110.16,0.11016,32.536,23,1,0,12,350
2025-12-17 00:00:00,28.542,0.0,106.43,0.10643,28.542,0,2,0,12,351
2025-12-17 01:00:00,33.782,0.0,111.22,0.11122,33.782,1,2,0,12,351
2025-12-17 02:00:00,28.816,0.0,97.98,0.09798,28.816,2,2,0,12,351
2025-12-17 03:00:00,32.095,0.0,103.17,0.10317,32.095,3,2,0,12,351
2025-12-17 04:00:00,30.647,0.0,108.0,0.108,30.647,4,2,0,12,351
2025-12-17 05:00:00,32.453,0.0,122.14,0.12214,32.453,5,2,0,12,351
2025-12-17 06:00:00,44.912,0.0,99.94,0.09994,44.912,6,2,0,12,351
2025-12-17 07:00:00,39.237,0.769,114.62,0.11462,38.468,7,2,0,12,351
2025-12-17 08:00:00,69.519,1.967,132.96,0.13296,67.552,8,2,0,12,351
2025-12-17 09:00:00,66.01,1.879,129.44,0.12944,64.131,9,2,0,12,351
2025-12-17 10:00:00,68.817,2.152,112.97,0.11297,66.665,10,2,0,12,351
2025-12-17 11:00:00,68.499,3.394,107.42,0.10742,65.105,11,2,0,12,351
2025-12-17 12:00:00,63.816,3.892,103.99,0.10399,59.924,12,2,0,12,351
2025-12-17 13:00:00,63.363,4.202,97.23,0.09723,59.161,13,2,0,12,351
2025-12-17 14:00:00,68.388,3.794,103.2,0.1032,64.594,14,2,0,12,351
2025-12-17 15:00:00,65.32,2.606,102.65,0.10265,62.714,15,2,0,12,351
2025-12-17 16:00:00,69.287,2.021,84.49,0.08449,67.266,16,2,0,12,351
2025-12-17 17:00:00,65.72,1.862,93.95,0.09395,63.858,17,2,0,12,351
2025-12-17 18:00:00,69.566,0.91,118.91,0.11891,68.656,18,2,0,12,351
2025-12-17 19:00:00,41.085,0.0,118.74,0.11874,41.085,19,2,0,12,351
2025-12-17 20:00:00,40.652,0.0,156.12,0.15612,40.652,20,2,0,12,351
2025-12-17 21:00:00,38.534,0.0,124.11,0.12411,38.534,21,2,0,12,351
2025-12-17 22:00:00,40.475,0.0,125.77,0.12577,40.475,22,2,0,12,351
2025-12-17 23:00:00,33.89,0.0,109.39,0.10939,33.89,23,2,0,12,351
2025-12-18 00:00:00,29.902,0.0,90.19,0.09019,29.902,0,3,0,12,352
2025-12-18 01:00:00,31.775,0.0,117.88,0.11788,31.775,1,3,0,12,352
2025-12-18 02:00:00,30.224,0.0,100.39,0.10039,30.224,2,3,0,12,352
2025-12-18 03:00:00,30.474,0.0,125.51,0.12551,30.474,3,3,0,12,352
2025-12-18 04:00:00,35.59,0.0,121.31,0.12131,35.59,4,3,0,12,352
2025-12-18 05:00:00,33.921,0.0,109.07,0.10907,33.921,5,3,0,12,352
2025-12-18 06:00:00,44.82,0.0,91.35,0.09135,44.82,6,3,0,12,352
2025-12-18 07:00:00,45.252,0.658,112.98,0.11298,44.594,7,3,0,12,352
2025-12-18 08:00:00,64.055,1.522,142.55,0.14255,62.533,8,3,0,12,352
2025-12-18 09:00:00,65.747,2.385,124.28,0.12428,63.362,9,3,0,12,352
2025-12-18 10:00:00,67.291,2.192,114.32,0.11432,65.099,10,3,0,12,352
2025-12-18 11:00:00,69.023,2.584,102.28,0.10228,66.439,11,3,0,12,352
2025-12-18 12:00:00,68.699,3.88,108.53,0.10853,64.819,12,3,0,12,352
2025-12-18 13:00:00,62.751,2.314,96.4,0.0964,60.437,13,3,0,12,352
2025-12-18 14:00:00,69.427,2.784,92.52,0.09252,66.643,14,3,0,12,352
2025-12-18 15:00:00,66.017,3.151,102.97,0.10297,62.866,15,3,0,12,352
2025-12-18 16:00:00,63.143,2.349,109.4,0.1094,60.794,16,3,0,12,352
2025-12-18 17:00:00,70.577,1.934,114.54,0.11454,68.643,17,3,0,12,352
2025-12-18 18:00:00,70.983,0.554,108.75,0.10875,70.429,18,3,0,12,352
2025-12-18 19:00:00,40.579,0.0,127.71,0.12771,40.579,19,3,0,12,352
2025-12-18 20:00:00,42.004,0.0,137.1,0.1371,42.004,20,3,0,12,352
2025-12-18 21:00:00,42.191,0.0,138.96,0.13896,42.191,21,3,0,12,352
2025-12-18 22:00:00,44.202,0.0,144.02,0.14402,44.202,22,3,0,12,352
2025-12-18 23:00:00,32.405,0.0,138.9,0.1389,32.405,23,3,0,12,352
2025-12-19 00:00:00,25.829,0.0,174.46,0.17446,25.829,0,4,0,12,353
2025-12-19 01:00:00,36.509,0.0,111.84,0.11184,36.509,1,4,0,12,353
2025-12-19 02:00:00,33.488,0.0,91.31,0.09131,33.488,2,4,0,12,353
2025-12-19 03:00:00,28.447,0.0,102.48,0.10248,28.447,3,4,0,12,353
2025-12-19 04:00:00,26.783,0.0,101.99,0.10199,26.783,4,4,0,12,353
2025-12-19 05:00:00,31.693,0.0,103.0,0.103,31.693,5,4,0,12,353
2025-12-19 06:00:00,43.681,0.0,118.36,0.11836,43.681,6,4,0,12,353
2025-12-19 07:00:00,45.627,0.573,112.13,0.11213,45.054,7,4,0,12,353
2025-12-19 08:00:00,68.69,1.59,101.0,0.101,67.1,8,4,0,12,353
2025-12-19 09:00:00,64.498,1.632,128.69,0.12869,62.866,9,4,0,12,353
2025-12-19 10:00:00,62.739,1.95,128.29,0.12829,60.789,10,4,0,12,353
2025-12-19 11:00:00,67.546,3.111,111.54,0.11154,64.435,11,4,0,12,353
2025-12-19 12:00:00,64.604,3.07,98.24,0.09824,61.534,12,4,0,12,353
2025-12-19 13:00:00,66.778,4.199,83.97,0.08397,62.579,13,4,0,12,353
2025-12-19 14:00:00,62.012,3.84,81.57,0.08157,58.172,14,4,0,12,353
2025-12-19 15:00:00,65.504,2.987,242.29,0.24229,62.517,15,4,0,12,353
2025-12-19 16:00:00,68.599,1.808,91.36,0.09136,66.791,16,4,0,12,353
2025-12-19 17:00:00,68.25,1.255,130.56,0.13056,66.995,17,4,0,12,353
2025-12-19 18:00:00,63.788,0.8,134.38,0.13438,62.988,18,4,0,12,353
2025-12-19 19:00:00,36.001,0.0,141.19,0.14119,36.001,19,4,0,12,353
2025-12-19 20:00:00,39.79,0.0,170.67,0.17067,39.79,20,4,0,12,353
2025-12-19 21:00:00,41.535,0.0,152.35,0.15235,41.535,21,4,0,12,353
2025-12-19 22:00:00,41.036,0.0,124.99,0.12499,41.036,22,4,0,12,353
2025-12-19 23:00:00,28.439,0.0,108.4,0.1084,28.439,23,4,0,12,353
2025-12-20 00:00:00,27.168,0.0,95.33,0.09533,27.168,0,5,1,12,354
2025-12-20 01:00:00,31.022,0.0,98.57,0.09857,31.022,1,5,1,12,354
2025-12-20 02:00:00,26.871,0.0,92.09,0.09209,26.871,2,5,1,12,354
2025-12-20 03:00:00,20.988,0.0,88.71,0.08871,20.988,3,5,1,12,354
2025-12-20 04:00:00,26.865,0.0,103.13,0.10313,26.865,4,5,1,12,354
2025-12-20 05:00:00,32.755,0.0,111.5,0.1115,32.755,5,5,1,12,354
2025-12-20 06:00:00,31.952,0.0,124.39,0.12439,31.952,6,5,1,12,354
2025-12-20 07:00:00,36.167,1.012,110.67,0.11067,35.155,7,5,1,12,354
2025-12-20 08:00:00,50.134,1.922,119.23,0.11923,48.212,8,5,1,12,354
2025-12-20 09:00:00,51.165,1.711,95.0,0.095,49.454,9,5,1,12,354
2025-12-20 10:00:00,51.48,1.585,118.1,0.1181,49.895,10,5,1,12,354
2025-12-20 11:00:00,54.506,3.004,91.83,0.09183,51.502,11,5,1,12,354
2025-12-20 12:00:00,51.129,3.538,96.23,0.09623,47.591,12,5,1,12,354
2025-12-20 13:00:00,54.945,2.765,202.77,0.20277,52.18,13,5,1,12,354
2025-12-20 14:00:00,50.481,3.321,80.78,0.08078,47.16,14,5,1,12,354
2025-12-20 15:00:00,49.738,2.487,70.29,0.07029,47.251,15,5,1,12,354
2025-12-20 16:00:00,48.717,2.425,84.52,0.08452,46.292,16,5,1,12,354
2025-12-20 17:00:00,45.043,1.516,94.14,0.09414,43.527,17,5,1,12,354
2025-12-20 18:00:00,51.74,0.927,112.19,0.11219,50.813,18,5,1,12,354
2025-12-20 19:00:00,39.359,0.0,142.88,0.14288,39.359,19,5,1,12,354
2025-12-20 20:00:00,34.252,0.0,133.25,0.13325,34.252,20,5,1,12,354
2025-12-20 21:00:00,34.984,0.0,126.12,0.12612,34.984,21,5,1,12,354
2025-12-20 22:00:00,31.464,0.0,129.04,0.12904,31.464,22,5,1,12,354
2025-12-20 23:00:00,25.433,0.0,115.16,0.11516,25.433,23,5,1,12,354
2025-12-21 00:00:00,29.367,0.0,120.14,0.12014,29.367,0,6,1,12,355
2025-12-21 01:00:00,32.644,0.0,109.95,0.10995,32.644,1,6,1,12,355
2025-12-21 02:00:00,30.977,0.0,80.03,0.08003,30.977,2,6,1,12,355
2025-12-21 03:00:00,28.793,0.0,108.26,0.10826,28.793,3,6,1,12,355
2025-12-21 04:00:00,26.329,0.0,107.88,0.10788,26.329,4,6,1,12,355
2025-12-21 05:00:00,26.887,0.0,119.46,0.11946,26.887,5,6,1,12,355
2025-12-21 06:00:00,33.664,0.0,104.08,0.10408,33.664,6,6,1,12,355
2025-12-21 07:00:00,31.441,0.425,121.11,0.12111,31.016,7,6,1,12,355
2025-12-21 08:00:00,47.258,1.946,109.91,0.10991,45.312,8,6,1,12,355
2025-12-21 09:00:00,51.024,1.537,116.67,0.11667,49.487,9,6,1,12,355
2025-12-21 10:00:00,49.93,1.721,99.21,0.09921,48.209,10,6,1,12,355
2025-12-21 11:00:00,46.162,3.652,88.42,0.08842,42.51,11,6,1,12,355
2025-12-21 12:00:00,50.745,3.033,102.12,0.10212,47.712,12,6,1,12,355
2025-12-21 13:00:00,49.845,2.831,86.5,0.0865,47.014,13,6,1,12,355
2025-12-21 14:00:00,47.111,3.196,70.64,0.07064,43.915,14,6,1,12,355
2025-12-21 15:00:00,49.68,2.628,93.52,0.09352,47.052,15,6,1,12,355
2025-12-21 16:00:00,49.837,1.78,64.99,0.06499,48.057,16,6,1,12,355
2025-12-21 17:00:00,48.891,1.121,95.84,0.09584,47.77,17,6,1,12,355
2025-12-21 18:00:00,53.83,0.894,101.77,0.10177,52.936,18,6,1,12,355
2025-12-21 19:00:00,26.7,0.0,143.29,0.14329,26.7,19,6,1,12,355
2025-12-21 20:00:00,26.434,0.0,132.69,0.13269,26.434,20,6,1,12,355
2025-12-21 21:00:00,32.799,0.0,133.89,0.13389,32.799,21,6,1,12,355
2025-12-21 22:00:00,33.097,0.0,125.84,0.12584,33.097,22,6,1,12,355
2025-12-21 23:00:00,27.51,0.0,120.22,0.12022,27.51,23,6,1,12,355
2025-12-22 00:00:00,28.36,0.0,114.01,0.11401,28.36,0,0,0,12,356
2025-12-22 01:00:00,27.147,0.0,115.09,0.11509,27.147,1,0,0,12,356
2025-12-22 02:00:00,30.061,0.0,104.5,0.1045,30.061,2,0,0,12,356
2025-12-22 03:00:00,28.672,0.0,115.97,0.11597,28.672,3,0,0,12,356
2025-12-22 04:00:00,35.048,0.0,101.71,0.10171,35.048,4,0,0,12,356
2025-12-22 05:00:00,29.047,0.0,106.08,0.10608,29.047,5,0,0,12,356
2025-12-22 06:00:00,44.416,0.0,97.93,0.09793,44.416,6,0,0,12,356
2025-12-22 07:00:00,52.508,0.625,134.15,0.13415,51.883,7,0,0,12,356
2025-12-22 08:00:00,65.715,0.828,110.76,0.11076,64.887,8,0,0,12,356
2025-12-22 09:00:00,68.118,1.789,135.11,0.13511,66.329,9,0,0,12,356
2025-12-22 10:00:00,68.407,3.399,122.37,0.12237,65.008,10,0,0,12,356
2025-12-22 11:00:00,68.679,3.401,111.39,0.11139,65.278,11,0,0,12,356
2025-12-22 12:00:00,67.265,1.894,104.33,0.10433,65.371,12,0,0,12,356
2025-12-22 13:00:00,66.959,3.884,83.05,0.08305,63.075,13,0,0,12,356
2025-12-22 14:00:00,66.66,3.957,106.74,0.10674,62.703,14,0,0,12,356
2025-12-22 15:00:00,64.495,1.611,88.99,0.08899,62.884,15,0,0,12,356
2025-12-22 16:00:00,67.38,2.624,109.71,0.10971,64.756,16,0,0,12,356
2025-12-22 17:00:00,72.83,1.351,105.74,0.10574,71.479,17,0,0,12,356
2025-12-22 18:00:00,70.213,0.472,111.31,0.11131,69.741,18,0,0,12,356
2025-12-22 19:00:00,40.725,0.0,158.37,0.15837,40.725,19,0,0,12,356
2025-12-22 20:00:00,42.491,0.0,138.23,0.13823,42.491,20,0,0,12,356
2025-12-22 21:00:00,36.971,0.0,144.95,0.14495,36.971,21,0,0,12,356
2025-12-22 22:00:00,38.919,0.0,269.54,0.26954,38.919,22,0,0,12,356
2025-12-22 23:00:00,33.118,0.0,118.67,0.11867,33.118,23,0,0,12,356
2025-12-23 00:00:00,34.846,0.0,113.33,0.11333,34.846,0,1,0,12,357
2025-12-23 01:00:00,27.62,0.0,108.73,0.10873,27.62,1,1,0,12,357
2025-12-23 02:00:00,28.539,0.0,106.41,0.10641,28.539,2,1,0,12,357
2025-12-23 03:00:00,37.067,0.0,105.56,0.10556,37.067,3,1,0,12,357
2025-12-23 04:00:00,30.395,0.0,117.2,0.1172,30.395,4,1,0,12,357
2025-12-23 05:00:00,35.921,0.0,97.4,0.0974,35.921,5,1,0,12,357
2025-12-23 06:00:00,45.253,0.0,111.16,0.11116,45.253,6,1,0,12,357
2025-12-23 07:00:00,45.379,1.013,131.96,0.13196,44.366,7,1,0,12,357
2025-12-23 08:00:00,65.369,1.466,106.1,0.1061,63.903,8,1,0,12,357
2025-12-23 09:00:00,69.363,2.752,120.17,0.12017,66.611,9,1,0,12,357
2025-12-23 10:00:00,70.692,2.441,106.2,0.1062,68.251,10,1,0,12,357
2025-12-23 11:00:00,63.035,2.938,112.64,0.11264,60.097,11,1,0,12,357
2025-12-23 12:00:00,65.219,2.403,101.22,0.10122,62.816,12,1,0,12,357
2025-12-23 13:00:00,69.275,3.672,84.49,0.08449,65.603,13,1,0,12,357
2025-12-23 14:00:00,65.932,3.514,91.16,0.09116,62.418,14,1,0,12,357
2025-12-23 15:00:00,64.768,3.484,93.5,0.0935,61.284,15,1,0,12,357
2025-12-23 16:00:00,69.577,2.066,93.72,0.09372,67.511,16,1,0,12,357
2025-12-23 17:00:00,69.878,1.651,107.24,0.10724,68.227,17,1,0,12,357
2025-12-23 18:00:00,64.908,0.607,119.37,0.11937,64.301,18,1,0,12,357
2025-12-23 19:00:00,40.436,0.0,115.96,0.11596,40.436,19,1,0,12,357
2025-12-23 20:00:00,35.889,0.0,153.77,0.15377,35.889,20,1,0,12,357
2025-12-23 21:00:00,36.891,0.0,152.51,0.15251,36.891,21,1,0,12,357
2025-12-23 22:00:00,40.153,0.0,112.76,0.11276,40.153,22,1,0,12,357
2025-12-23 23:00:00,30.187,0.0,131.69,0.13169,30.187,23,1,0,12,357
2025-12-24 00:00:00,26.995,0.0,111.53,0.11153,26.995,0,2,0,12,358
2025-12-24 01:00:00,27.798,0.0,96.51,0.09651,27.798,1,2,0,12,358
2025-12-24 02:00:00,26.681,0.0,105.52,0.10552,26.681,2,2,0,12,358
2025-12-24 03:00:00,31.545,0.0,100.84,0.10084,31.545,3,2,0,12,358
2025-12-24 04:00:00,23.792,0.0,117.95,0.11795,23.792,4,2,0,12,358
2025-12-24 05:00:00,26.852,0.0,101.38,0.10138,26.852,5,2,0,12,358
2025-12-24 06:00:00,38.634,0.0,134.98,0.13498,38.634,6,2,0,12,358
2025-12-24 07:00:00,45.936,1.014,129.42,0.12942,44.922,7,2,0,12,358
2025-12-24 08:00:00,60.586,1.969,108.9,0.1089,58.617,8,2,0,12,358
2025-12-24 09:00:00,66.456,1.997,137.84,0.13784,64.459,9,2,0,12,358
2025-12-24 10:00:00,71.601,3.46,124.75,0.12475,68.141,10,2,0,12,358
2025-12-24 11:00:00,71.71,3.513,108.35,0.10835,68.197,11,2,0,12,358
2025-12-24 12:00:00,60.576,2.298,107.87,0.10787,58.278,12,2,0,12,358
2025-12-24 13:00:00,67.31,3.019,103.4,0.1034,64.291,13,2,0,12,358
2025-12-24 14:00:00,63.19,3.113,83.56,0.08356,60.077,14,2,0,12,358
2025-12-24 15:00:00,62.537,2.815,101.41,0.10141,59.722,15,2,0,12,358
2025-12-24 16:00:00,65.992,1.693,95.71,0.09571,64.299,16,2,0,12,358
2025-12-24 17:00:00,70.285,1.502,119.77,0.11977,68.783,17,2,0,12,358
2025-12-24 18:00:00,68.274,1.014,124.71,0.12471,67.26,18,2,0,12,358
2025-12-24 19:00:00,37.471,0.0,128.92,0.12892,37.471,19,2,0,12,358
2025-12-24 20:00:00,42.016,0.0,151.02,0.15102,42.016,20,2,0,12,358
2025-12-24 21:00:00,32.58,0.0,137.0,0.137,32.58,21,2,0,12,358
2025-12-24 22:00:00,37.35,0.0,132.03,0.13203,37.35,22,2,0,12,358
2025-12-24 23:00:00,27.452,0.0,123.92,0.12392,27.452,23,2,0,12,358
2025-12-25 00:00:00,30.341,0.0,122.42,0.12242,30.341,0,3,0,12,359
2025-12-25 01:00:00,29.442,0.0,103.39,0.10339,29.442,1,3,0,12,359
2025-12-25 02:00:00,29.638,0.0,99.34,0.09934,29.638,2,3,0,12,359
2025-12-25 03:00:00,29.532,0.0,124.57,0.12457,29.532,3,3,0,12,359
2025-12-25 04:00:00,30.162,0.0,108.96,0.10896,30.162,4,3,0,12,359
2025-12-25 05:00:00,31.819,0.0,105.32,0.10532,31.819,5,3,0,12,359
2025-12-25 06:00:00,45.077,0.0,117.59,0.11759,45.077,6,3,0,12,359
2025-12-25 07:00:00,43.689,1.015,114.62,0.11462,42.674,7,3,0,12,359
2025-12-25 08:00:00,67.648,1.458,118.68,0.11868,66.19,8,3,0,12,359
2025-12-25 09:00:00,69.006,2.325,147.41,0.14741,66.681,9,3,0,12,359
2025-12-25 10:00:00,64.583,1.843,107.78,0.10778,62.74,10,3,0,12,359
2025-12-25 11:00:00,66.172,3.49,95.69,0.09569,62.682,11,3,0,12,359
2025-12-25 12:00:00,70.081,3.579,113.59,0.11359,66.502,12,3,0,12,359
2025-12-25 13:00:00,62.834,2.249,90.58,0.09058,60.585,13,3,0,12,359
2025-12-25 14:00:00,72.138,3.616,94.55,0.09455,68.522,14,3,0,12,359
2025-12-25 15:00:00,62.077,1.872,99.66,0.09966,60.205,15,3,0,12,359
2025-12-25 16:00:00,65.257,2.373,82.75,0.08275,62.884,16,3,0,12,359
2025-12-25 17:00:00,63.322,1.97,123.25,0.12325,61.352,17,3,0,12,359
2025-12-25 18:00:00,73.364,1.015,120.67,0.12067,72.349,18,3,0,12,359
2025-12-25 19:00:00,38.152,0.0,158.19,0.15819,38.152,19,3,0,12,359
2025-12-25 20:00:00,38.16,0.0,136.97,0.13697,38.16,20,3,0,12,359
2025-12-25 21:00:00,38.577,0.0,156.66,0.15666,38.577,21,3,0,12,359
2025-12-25 22:00:00,40.069,0.0,148.17,0.14817,40.069,22,3,0,12,359
2025-12-25 23:00:00,29.04,0.0,115.15,0.11515,29.04,23,3,0,12,359
2025-12-26 00:00:00,29.667,0.0,106.03,0.10603,29.667,0,4,0,12,360
2025-12-26 01:00:00,18.799,0.0,104.81,0.10481,18.799,1,4,0,12,360
2025-12-26 02:00:00,30.275,0.0,123.23,0.12323,30.275,2,4,0,12,360
2025-12-26 03:00:00,30.149,0.0,110.11,0.11011,30.149,3,4,0,12,360
2025-12-26 04:00:00,33.416,0.0,114.46,0.11446,33.416,4,4,0,12,360
2025-12-26 05:00:00,34.281,0.0,109.54,0.10954,34.281,5,4,0,12,360
2025-12-26 06:00:00,44.003,0.0,118.89,0.11889,44.003,6,4,0,12,360
2025-12-26 07:00:00,47.215,1.016,123.63,0.12363,46.199,7,4,0,12,360
2025-12-26 08:00:00,62.845,1.486,115.6,0.1156,61.359,8,4,0,12,360
2025-12-26 09:00:00,68.825,2.687,139.6,0.1396,66.138,9,4,0,12,360
2025-12-26 10:00:00,64.538,2.63,115.83,0.11583,61.908,10,4,0,12,360
2025-12-26 11:00:00,62.579,3.188,120.57,0.12057,59.391,11,4,0,12,360
2025-12-26 12:00:00,65.776,4.213,88.92,0.08892,61.563,12,4,0,12,360
2025-12-26 13:00:00,70.851,3.02,101.41,0.10141,67.831,13,4,0,12,360
2025-12-26 14:00:00,66.949,2.207,102.21,0.10221,64.742,14,4,0,12,360
2025-12-26 15:00:00,71.159,2.019,96.14,0.09614,69.14,15,4,0,12,360
2025-12-26 16:00:00,63.974,2.814,111.21,0.11121,61.16,16,4,0,12,360
2025-12-26 17:00:00,69.723,1.972,104.97,0.10497,67.751,17,4,0,12,360
2025-12-26 18:00:00,64.283,0.481,131.22,0.13122,63.802,18,4,0,12,360
2025-12-26 19:00:00,40.487,0.0,124.2,0.1242,40.487,19,4,0,12,360
2025-12-26 20:00:00,40.46,0.0,146.62,0.14662,40.46,20,4,0,12,360
2025-12-26 21:00:00,41.883,0.0,133.28,0.13328,41.883,21,4,0,12,360
2025-12-26 22:00:00,40.569,0.0,130.22,0.13022,40.569,22,4,0,12,360
2025-12-26 23:00:00,27.727,0.0,134.04,0.13404,27.727,23,4,0,12,360
2025-12-27 00:00:00,29.041,0.0,118.51,0.11851,29.041,0,5,1,12,361
2025-12-27 01:00:00,31.765,0.0,88.32,0.08832,31.765,1,5,1,12,361
2025-12-27 02:00:00,24.356,0.0,113.68,0.11368,24.356,2,5,1,12,361
2025-12-27 03:00:00,20.351,0.0,115.5,0.1155,20.351,3,5,1,12,361
2025-12-27 04:00:00,27.822,0.0,105.58,0.10558,27.822,4,5,1,12,361
2025-12-27 05:00:00,25.164,0.0,117.75,0.11775,25.164,5,5,1,12,361
2025-12-27 06:00:00,35.673,0.0,103.22,0.10322,35.673,6,5,1,12,361
2025-12-27 07:00:00,37.873,0.884,106.31,0.10631,36.989,7,5,1,12,361
2025-12-27 08:00:00,49.436,1.542,109.67,0.10967,47.894,8,5,1,12,361
2025-12-27 09:00:00,50.036,2.279,122.21,0.12221,47.757,9,5,1,12,361
2025-12-27 10:00:00,50.576,1.843,110.09,0.11009,48.733,10,5,1,12,361
2025-12-27 11:00:00,55.599,3.706,96.31,0.09631,51.893,11,5,1,12,361
2025-12-27 12:00:00,50.992,4.217,88.05,0.08805,46.775,12,5,1,12,361
2025-12-27 13:00:00,46.942,3.607,87.78,0.08778,43.335,13,5,1,12,361
2025-12-27 14:00:00,47.069,2.402,76.26,0.07626,44.667,14,5,1,12,361
2025-12-27 15:00:00,51.342,3.407,93.36,0.09336,47.935,15,5,1,12,361
2025-12-27 16:00:00,47.282,2.216,105.6,0.1056,45.066,16,5,1,12,361
2025-12-27 17:00:00,45.897,1.215,114.98,0.11498,44.682,17,5,1,12,361
2025-12-27 18:00:00,52.93,1.017,148.8,0.1488,51.913,18,5,1,12,361
2025-12-27 19:00:00,34.994,0.0,136.71,0.13671,34.994,19,5,1,12,361
2025-12-27 20:00:00,31.625,0.0,155.29,0.15529,31.625,20,5,1,12,361
2025-12-27 21:00:00,33.743,0.0,136.24,0.13624,33.743,21,5,1,12,361
2025-12-27 22:00:00,33.405,0.0,121.32,0.12132,33.405,22,5,1,12,361
2025-12-27 23:00:00,28.152,0.0,114.64,0.11464,28.152,23,5,1,12,361
2025-12-28 00:00:00,28.16,0.0,102.98,0.10298,28.16,0,6,1,12,362
2025-12-28 01:00:00,17.887,0.0,100.1,0.1001,17.887,1,6,1,12,362
2025-12-28 02:00:00,25.455,0.0,90.59,0.09059,25.455,2,6,1,12,362
2025-12-28 03:00:00,27.882,0.0,91.91,0.09191,27.882,3,6,1,12,362
2025-12-28 04:00:00,24.912,0.0,113.85,0.11385,24.912,4,6,1,12,362
2025-12-28 05:00:00,26.341,0.0,112.7,0.1127,26.341,5,6,1,12,362
2025-12-28 06:00:00,38.497,0.0,125.35,0.12535,38.497,6,6,1,12,362
2025-12-28 07:00:00,36.354,0.682,107.71,0.10771,35.672,7,6,1,12,362
2025-12-28 08:00:00,55.726,1.093,110.09,0.11009,54.633,8,6,1,12,362
2025-12-28 09:00:00,54.507,1.849,103.77,0.10377,52.658,9,6,1,12,362
2025-12-28 10:00:00,50.521,3.501,121.81,0.12181,47.02,10,6,1,12,362
2025-12-28 11:00:00,50.267,2.515,94.74,0.09474,47.752,11,6,1,12,362
2025-12-28 12:00:00,41.779,2.497,94.61,0.09461,39.282,12,6,1,12,362
2025-12-28 13:00:00,49.856,2.788,91.09,0.09109,47.068,13,6,1,12,362
2025-12-28 14:00:00,46.57,3.399,69.31,0.06931,43.171,14,6,1,12,362
2025-12-28 15:00:00,51.608,3.501,94.64,0.09464,48.107,15,6,1,12,362
2025-12-28 16:00:00,51.39,2.821,103.94,0.10394,48.569,16,6,1,12,362
2025-12-28 17:00:00,53.127,1.386,108.2,0.1082,51.741,17,6,1,12,362
2025-12-28 18:00:00,55.37,0.58,119.01,0.11901,54.79,18,6,1,12,362
2025-12-28 19:00:00,32.721,0.0,132.47,0.13247,32.721,19,6,1,12,362
2025-12-28 20:00:00,40.103,0.0,152.52,0.15252,40.103,20,6,1,12,362
2025-12-28 21:00:00,33.549,0.0,135.13,0.13513,33.549,21,6,1,12,362
2025-12-28 22:00:00,28.612,0.0,124.09,0.12409,28.612,22,6,1,12,362
2025-12-28 23:00:00,24.426,0.0,106.77,0.10677,24.426,23,6,1,12,362
2025-12-29 00:00:00,28.904,0.0,80.5,0.0805,28.904,0,0,0,12,363
2025-12-29 01:00:00,31.992,0.0,119.48,0.11948,31.992,1,0,0,12,363
2025-12-29 02:00:00,27.066,0.0,108.56,0.10856,27.066,2,0,0,12,363
2025-12-29 03:00:00,29.144,0.0,100.13,0.10013,29.144,3,0,0,12,363
2025-12-29 04:00:00,29.582,0.0,130.8,0.1308,29.582,4,0,0,12,363
2025-12-29 05:00:00,28.663,0.0,115.93,0.11593,28.663,5,0,0,12,363
2025-12-29 06:00:00,47.21,0.0,112.68,0.11268,47.21,6,0,0,12,363
2025-12-29 07:00:00,46.666,0.965,129.0,0.129,45.701,7,0,0,12,363
2025-12-29 08:00:00,70.122,1.25,125.81,0.12581,68.872,8,0,0,12,363
2025-12-29 09:00:00,65.33,2.825,125.92,0.12592,62.505,9,0,0,12,363
2025-12-29 10:00:00,70.237,2.888,112.35,0.11235,67.349,10,0,0,12,363
2025-12-29 11:00:00,62.024,3.171,117.8,0.1178,58.853,11,0,0,12,363
2025-12-29 12:00:00,61.946,3.695,111.5,0.1115,58.251,12,0,0,12,363
2025-12-29 13:00:00,62.505,4.081,89.1,0.0891,58.424,13,0,0,12,363
2025-12-29 14:00:00,66.418,3.523,73.17,0.07317,62.895,14,0,0,12,363
2025-12-29 15:00:00,70.237,2.544,103.55,0.10355,67.693,15,0,0,12,363
2025-12-29 16:00:00,64.462,2.511,107.3,0.1073,61.951,16,0,0,12,363
2025-12-29 17:00:00,64.863,1.012,121.03,0.12103,63.851,17,0,0,12,363
2025-12-29 18:00:00,65.698,0.834,127.52,0.12752,64.864,18,0,0,12,363
2025-12-29 19:00:00,41.608,0.0,149.6,0.1496,41.608,19,0,0,12,363
2025-12-29 20:00:00,38.247,0.0,139.17,0.13917,38.247,20,0,0,12,363
2025-12-29 21:00:00,38.068,0.0,139.9,0.1399,38.068,21,0,0,12,363
2025-12-29 22:00:00,35.47,0.0,121.0,0.121,35.47,22,0,0,12,363
2025-12-29 23:00:00,28.268,0.0,132.39,0.13239,28.268,23,0,0,12,363
2025-12-30 00:00:00,33.866,0.0,108.2,0.1082,33.866,0,1,0,12,364
2025-12-30 01:00:00,30.39,0.0,111.0,0.111,30.39,1,1,0,12,364
2025-12-30 02:00:00,27.731,0.0,113.09,0.11309,27.731,2,1,0,12,364
2025-12-30 03:00:00,34.054,0.0,106.66,0.10666,34.054,3,1,0,12,364
2025-12-30 04:00:00,28.226,0.0,118.09,0.11809,28.226,4,1,0,12,364
2025-12-30 05:00:00,34.642,0.0,128.29,0.12829,34.642,5,1,0,12,364
2025-12-30 06:00:00,49.108,0.0,124.7,0.1247,49.108,6,1,0,12,364
2025-12-30 07:00:00,44.796,0.679,101.76,0.10176,44.117,7,1,0,12,364
2025-12-30 08:00:00,61.599,0.619,123.4,0.1234,60.98,8,1,0,12,364
2025-12-30 09:00:00,73.721,1.82,124.16,0.12416,71.901,9,1,0,12,364
2025-12-30 10:00:00,67.634,2.254,131.02,0.13102,65.38,10,1,0,12,364
2025-12-30 11:00:00,65.358,2.689,105.51,0.10551,62.669,11,1,0,12,364
2025-12-30 12:00:00,69.454,3.428,91.86,0.09186,66.026,12,1,0,12,364
2025-12-30 13:00:00,68.642,4.236,103.66,0.10366,64.406,13,1,0,12,364
2025-12-30 14:00:00,70.589,3.414,92.1,0.0921,67.175,14,1,0,12,364
2025-12-30 15:00:00,64.275,3.395,87.98,0.08798,60.88,15,1,0,12,364
2025-12-30 16:00:00,67.414,2.505,98.58,0.09858,64.909,16,1,0,12,364
2025-12-30 17:00:00,62.6,1.651,98.67,0.09867,60.949,17,1,0,12,364
2025-12-30 18:00:00,68.527,1.021,128.92,0.12892,67.506,18,1,0,12,364
2025-12-30 19:00:00,39.704,0.0,137.1,0.1371,39.704,19,1,0,12,364
2025-12-30 20:00:00,40.677,0.0,151.2,0.1512,40.677,20,1,0,12,364
2025-12-30 21:00:00,39.309,0.0,139.89,0.13989,39.309,21,1,0,12,364
2025-12-30 22:00:00,38.974,0.0,131.99,0.13199,38.974,22,1,0,12,364
2025-12-30 23:00:00,27.32,0.0,116.43,0.11643,27.32,23,1,0,12,364
2025-12-31 00:00:00,32.629,0.0,106.28,0.10628,32.629,0,2,0,12,365
2025-12-31 01:00:00,34.867,0.0,97.54,0.09754,34.867,1,2,0,12,365
2025-12-31 02:00:00,28.319,0.0,119.24,0.11924,28.319,2,2,0,12,365
2025-12-31 03:00:00,31.871,0.0,108.79,0.10879,31.871,3,2,0,12,365
2025-12-31 04:00:00,31.483,0.0,90.13,0.09013,31.483,4,2,0,12,365
2025-12-31 05:00:00,30.126,0.0,96.01,0.09601,30.126,5,2,0,12,365
2025-12-31 06:00:00,39.735,0.0,125.44,0.12544,39.735,6,2,0,12,365
2025-12-31 07:00:00,40.455,1.023,118.72,0.11872,39.432,7,2,0,12,365
2025-12-31 08:00:00,63.9,1.867,122.26,0.12226,62.033,8,2,0,12,365
2025-12-31 09:00:00,59.555,2.246,122.74,0.12274,57.309,9,2,0,12,365
2025-12-31 10:00:00,70.905,2.629,123.63,0.12363,68.276,10,2,0,12,365
2025-12-31 11:00:00,67.576,2.532,126.47,0.12647,65.044,11,2,0,12,365
2025-12-31 12:00:00,66.304,3.782,106.88,0.10688,62.522,12,2,0,12,365
2025-12-31 13:00:00,59.391,3.199,98.54,0.09854,56.192,13,2,0,12,365
2025-12-31 14:00:00,60.563,3.997,86.74,0.08674,56.566,14,2,0,12,365
2025-12-31 15:00:00,66.392,2.701,78.95,0.07895,63.691,15,2,0,12,365
2025-12-31 16:00:00,72.705,1.843,106.09,0.10609,70.862,16,2,0,12,365
2025-12-31 17:00:00,64.164,1.756,118.49,0.11849,62.408,17,2,0,12,365
2025-12-31 18:00:00,69.164,0.389,138.38,0.13838,68.775,18,2,0,12,365
2025-12-31 19:00:00,38.244,0.0,157.42,0.15742,38.244,19,2,0,12,365
2025-12-31 20:00:00,39.957,0.0,134.43,0.13443,39.957,20,2,0,12,365
2025-12-31 21:00:00,43.667,0.0,135.96,0.13596,43.667,21,2,0,12,365
2025-12-31 22:00:00,38.673,0.0,138.48,0.13848,38.673,22,2,0,12,365
2025-12-31 23:00:00,27.892,0.0,121.15,0.12115,27.892,23,2,0,12,365
